bank_name,address,city,state,phone,latitude,longitude
District Hospital Blood Bank Haveri,581110,Haveri,Karnataka,0837 5232222,14.785408,75.403059
Shripad Hegde Kadave Institute of Medical Sciences Blood Bank,"T.S.S. Hospital, 581401",Sirsi,Karnataka,0838 6221851,14.632385,74.848338
District Hospital Blood Bank Manjeri,676121,Manjeri,Kerala,0483 2766880,11.116071,76.120541
K. L. E. Society Blood Bank,"Dr. Kamal hospital & Medical Research Centre, 581301",Ankola,Karnataka,08388 230257,14.661796,74.309805
Shimoga Mid Town Rotary Charity Foundation Blood Bank,"Opposite Usha Nursing Home, 100 Feet Road, 577201",Shimoga,Karnataka,08182 274333,13.94626,75.57832
Mary Immaculate Mission Hospital Blood Bank,"Chuvakkad, 680615",Engandiyur,Kerala,0487 2290237,10.508889,76.057764
Government Woman and Child Hospital Blood Bank,673001,Kottapparamba,Kerala,04952 721998,11.250764,75.78275
Josgiri Hospital Blood Bank,"Thalasherry, Kannur, 670101",Thalasherry,Kerala,0490 2341130,11.759133,75.478803
A. J. Hospital and Research Centre Blood Bank,"Kuntikana, NH- 66, 575004",Mangalore,Karnataka,0824 2225535,12.899478,74.845975
P. V. S. Hospital Private Limited Blood Bank,673002,Kozhikode,Kerala,0495 2705045,11.242707,75.782934
Unity Hospital Private Limited Blood Bank,680503,Kunnamkulam,Kerala,04885 222811,10.635746,76.081869
National Hospital Blood Bank,673001,Kozhikode,Kerala,0495 2723061,11.259485,75.781234
Sara Memorial Medical laboratory and Blood Bank,"Brigade Centre Fort Road, 670001",Kannur,Kerala,0497 2767368,11.7494919,75.5229777
Subbaiah Medical College Blood Bank,"NH-13, Purle, Hjolehonnur, Road, 577201",Shimoga,Karnataka,08182 277505,13.932932,75.617172
Fr. Mullers Charitable Instituitions Blood Bank,"Post Box No.501, Kankanady, 575002",Mangalore,Karnataka,0824 2238126,12.866805,74.85933
Karnataka Hemophillia Society Life Line Blood Bank,"No.1138, Ring Road, S. Nijalingappa Layout, Behind KSFC Building, 577002",Davangere,Karnataka,08192 231948,14.457405,75.902533
Kannur Medical college and Hospital (Prestige educational Trust) Blood Bank,"Chovva Mathanur Road, 670612",Anjarakandy,Kerala,0497 2855001,11.875772,75.499253
Tellichery Co-operative Hospital Blood Bank,"Palissery, 670101",Thalassery,Kerala,0490 2325306,11.748758,75.486599
Kerala State Co-operative Hospital Complex and Centre for Advanced Medical Services Limited,"Pariyaram MC Campus Road, 670503",Pariyaram,Kerala,"0497 2808080, 0497 2808111",12.072392,75.294333
Yenepoya Medical College Blood Bank,"Nithyananda Nagar, Deralakatte, 575018",Mangalore,Karnataka,0824 2204668,12.81194,74.881231
Baby Memorial Hospital Blood Bank,"Indira Gandhi Road, 673004",Kozhikode,Kerala,0495 2777777,11.259595,75.792216
Sree Valsam Institute of Medical Sciences Blood Bank,"Naduvattam, Kololamba, 679576",Edappal,Kerala,"0494 2661000, 0494 2690696",10.765337,76.007335
Cannannore Co-operative Hospital Society Blood Bank,"Talap, 670101",Kannur,Kerala,"0490 2341604, 0490 2341035, 0490 2341036",11.764148,75.479831
Malabar Institute of Medical Sciences Blood Bank - Malappuram,676503,Kottakkal,Kerala,"0483 2807000, 0483 2807888",10.995804,75.994034
Rotary Campco Blood Bank,"Radhakrishna Building, Shree Radhadrishna Mandir Road, 574201",Puttur,Karnataka,0824 234242,12.760706,75.198947
D. M. Wayanad Institute of Medical Sciences Blood Bank,"Naseera Nagar, 673577",Meppadi,Kerala,04936 287000,11.559371,76.160491
MMC Hospital Blood Bank,"Modakkallur, 673321",Atholi,Kerala,0496 2701666,11.433739,75.775293
M/s. Leo Hospital Blood Bank,"The Managing Partner -  M/s. Leo Hospital, No 881 (3), 673121",Kalpetta,Kerala,"04936 202550, 04936 202711",11.604557,76.085057
M/s. Tejasvini Hospital Lions Blood Bank,"Kadri Temple Road, 575002",Mangalore,Karnataka,0824 2225994,12.880334,74.853689
Kozhikode District Co-operative Hospital Blood Bank,"Eranhipalam, 673006",Eranhipalam,Kerala,0495 2766820,11.276572,75.784673
Chigateri District Hospital Blood Bank,"Chigateri District Hospital, Chigateri, 577004",Chigateri,Karnataka,08192 272085,14.456165,75.916182
General Hospital Blood Bank,670101,Thalassery,Kerala,0490 5326050,11.747531,75.487227
Malabar Institute of Medical Sciences Blood Bank,673016,Kozhikode,Kerala,0483 2807000,11.245745,75.797985
Sri. Chamarajendra District Hospital Blood Bank,"Hospital Road, 573201",Hassan,Karnataka,08172 252330,13.004537,76.103797
District Hospital Blood Bank,"Railway Road, 670017",Kannur,Kerala,0497 2733500,11.861216,75.370639
M/s. Indian Red Cross Society Blood Bank,"1st floor, Govt Hospital Building, Muncipal Road, 576201",Kundapur,Karnataka,08254 233111,13.628482,74.690683
"District Hospital Blood Bank,Kanhangad","Chammattam Vayal, Bella (PO), 671315",Kanhangad,Kerala,0467 2204333,12.314687,75.105095
The District Surgeon - Wenlock District Hospital Blood Bank,"Hampanakata, 575001",Mangalore,Karnataka,0824 2413205,12.867384,74.843132
Saint Martin De Porres Hospital Blood Bank,670301,Cherukunnu,Kerala,"0497 2860223, 0497 2860420",11.994674,75.31285
Saint Josephs Hospital Blood Bank,680502,Choondal,Kerala,04885 237185,10.616859,76.094656
District Hospital Blood Bank Karwar,"District Hospital Premises, 581301",Karwar,Karnataka,0838 2226318,14.817283,74.12968
Jyothi Hospital Blood Bank,"Jyothi Hospital, Laila-574 214, Belthangady, 574214",Belthangady,Karnataka,0825 6233939,12.991208,75.288255
Edappal Hospital Private Limited Blood Bank,670576,Edappal,Kerala,"0494 2660200, 0494 2680788",10.782696,76.011078
Metro International Cardiac Centre Blood Bank,"Building No. 03/1020 A-M, Basement Floor (B1), Thondayad Bypass Road, Guruvayoor Appan College, 673014",Calicut,Kerala,0495 6615555,11.245438,75.836104
Red Cross Sanjeevini Blood Bank,"Ist Floor, Kshiti Complex, JPN Road, 577201",Shivamogga,Karnataka,08182 228855,13.933868,75.57183
Mallegowda District Hospital Blood Bank,"Chikkamagaluru, 577101",Chikkamagaluru,Karnataka,08262 238083,13.218016,75.251826
Medical College Hospital Blood Bank,673008,Kozhikode,Kerala,04952 351134,11.271763,75.836468
K M C T Hospital Blood Bank,673572,Kozhikode,Kerala,"0495 2293500, 0495 2720466",11.325893,75.971356
The Uttara Kannada Blood Bank and Health Services Society,"London Mahal, Gujjar Galli, 581343",Kumta,Karnataka,08382 221851,14.4292776,74.4024452
Orchid Institute of Health Care and Research Private Limited Blood Bank,"PB NO:212, Down Hill
P.O.Malappuram, 676519",Malappuram,Kerala,"0483-2734279, 2736369, 2736569",11.051502,76.06974
District Hospital Blood Bank,"District Hospital
Mananthavady
WAyanad, 670645",Manathavady,Kerala,0493 5245026,11.800634,76.001923
Community Health Centre (T.H.Q) - General Hospital Blood Bank,671121,Kasaragod,Kerala,0499 4225580,12.503397,74.991726
Jeeva Raksha Blood Bank,"Vokkaligara Hostel Building, Ist Floor, B.M.Road, 573201",Hassan,Karnataka,08172 26204,13.0032624,76.0975902
M/s. Kanachur Hospital & Research Centre Blood Bank,"Ground Floor, C Block, University Road, Deralakatte, 575018",Mangalore,Karnataka,08242 202982,12.803421,74.898097
General Hospital Blood Bank Puttur,"NA, 574102",Puttur,Karnataka,08251 238258,12.758344,75.200313
Jeevadhara Blood Bank,"17, Meena Nursing Home, Madhava Nagar, 577301",Bhadravathi,Karnataka,08182 263770,13.844738,75.710033
City Hospital Research and Diagnostic Centre Blood Bank,"Pound Garden, Kadri, 575003",Mangalore,Karnataka,0824 221790,12.87963,74.853044
Malabar Cancer Centre Society Blood Bank,"Moozhikkara Post,, 670103",Thalassery,Kerala,"0490 2355881, 0490 2355981",11.749387,75.523483
Amala Cancer Hospital and Research Centre Blood Bank,680555,Amalanagar,Kerala,"0487 2304000, 0487 2304100",10.561896,76.168745
Kasturba Hospital Blood Bank,"Site.No.55/2, Shivalli Village, Manipal Udupi, 576104",Manipal,Karnataka,0820 2922331,13.353846,74.789057
Fathima Hospital Blood Bank,"Bank Road, 673004",Kozhikode,Kerala,"0495 2766630, 0495 2766640",11.261961,75.780087
Badagara sahakarana Asupathri Limited Blood Bank,"Edapally-Panvel Highway, Narayana Nagar, 673101",Vadakara,Kerala,0496 2520600,11.589708,75.595256
Holy Cross Hospital Blood Bank,"Housing Board Colony, K. M. Road, Jyothi Nagar, 577101",Chikkamagaluru,Karnataka,08262 220077,13.338634,75.80355
Pandit General Hospital Blood Bank,"Sirsi, 581401",Karwar,Karnataka,0838 2223066,14.32773,74.491531
Santhi Hospital Blood Bank,"Omaserry, 673582",Omassery,Kerala,0495 2282550,11.362673,75.964611
IQRAA Hospital Blood Bank,673009,Malaparamba,Kerala,0495 2379100,11.286398,75.797483
Medical diagnostic Centre Blood Bank,671315,Kanhangad,Kerala,0467 2209712,12.312192,75.093469
Saint Joseph Hospital Blood Bank,"Agastianmoozhi, 673602",Mukkom,Kerala,"0495 2298536, 0495 2297492, 0495 2295024",11.3311361,75.9836769
Srinivasa Institute of Medical Sciences and Research Centre Blood Bank,"Mukka,Srinivas Nagar,Surathkal, 575021",Mangalore,Karnataka,0824 2474883,13.021405,74.792037
Nirmala Hospital Blood Bank,673012,Marrikunnu,Kerala,0495 2730211,11.291596,75.823253
Almas Hospital Blood Bank - Chankuvatty,676503,Kottakkal,Kerala,"0483 2748536,  0483 2748539",11.00015,75.991133
K. V. G Medical College Hospital Blood Bank,"Kurinji Bag, 574327",Sullia,Karnataka,0824 230326,12.55332,75.384249
Indian Red Cross Society Blood Bank Mangalore,"Lady Goshen Hospital, Behind Central Market, 575001",Mangalore,Karnataka,0824 2423755,12.864857,74.83818
KMC University Medical Centre Blood Bank,"Dr. B. R. Ambedkar Circle, Jyothi, 575001",Mangalore,Karnataka,0824 2444590 (Extn. 5059),12.870434,74.844505
District Hospital Blood Bank Udupi,"District Hospital, 576101",Udupi,Karnataka,0820 2520555,13.334045,74.742105
Bapuji Educational Association S. S. Institute of Medical Sciences and Research Hospital Blood Bank,"Jnanashankara, NH-4 Bypass Road, Post Box-1, 577003",Davangere,Karnataka,08192 266016,14.430349,75.942694
INDIAN RED CROSS SOCIETY,"Devraj Urs Layout, 577006",Davangere,Karnataka,08192 252550,14.475314,75.909787
Sharada Dhanvantari Charitable Hospital Blood Bank,"S. D. C. Hospital, P.B. No. 13, Vidyaranyapura Village,, 577139",Sringeri,Karnataka,0826 220175,13.428948,75.254286
Nitte University Blood Bank,"Justice K. S. Hegde Charitable Hospital, Deralakatte, 575018",Mangalore,Karnataka,0824 220447,12.807444,74.888332
District Hospital Blood Bank,"General Thimayya Road, 571201",Madikeri,Karnataka,08272 223445,12.418764,75.742555
Manjunath Orthopaedic and Trauma Centre Hospital Blood Bank,"K. R. Puram, 573201",Hassan,Karnataka,08172 266124,13.0080708,76.1016262
The Payyannur Co-operative Hospital Society Limited,"No.C.1487, South Bazar, 670307",Payyannur,Kerala,"04985 207372, 04985 207373, 04985 204051",12.106236,75.209538
Davangere Blood Bank,"358, Mahaveera Complex, II Floor, 8th Main, 8th Cross, P.J. Extension, 577002",Davangere,Karnataka,08192 236655,14.459198,75.915238
VISL Hospital Blood Bank,"SH 65, Hutta Colony, 577301",Bhadravati,Karnataka,08182 271620,13.83034,75.690275
Bapuji Hospital Blood Bank,"C.G. Hospital Road, 577001",Davangere,Karnataka,08192 253850,14.4588202,75.9167473
McGann Hospital Blood Bank,"Sagar Road, 577201",Shimoga,Karnataka,08182 222412,13.935689,75.562968
Government General Hospital Blood Bank,"Calicut Beach S.O, 673032",Kozhikode,Kerala,"0495 2365367, 0495 2365917",11.256595,75.770942
M/s. Sahyadri Narayana Multispeciality Hospital Blood Bank,"New Thirthahalli Road, Harakere, 577202",Shimoga,Karnataka,08182 221577,13.908068,75.560375
Royal Hospital Blood Bank,"Guruvayoor road, 680503",Kunnamkulam,Kerala,04885 222133,10.645883,76.067384
Korambayil Hospital Blood Bank,676122,Manjeri,Kerala,"0483 2766573, 0483 2766822",11.123065,76.125653
Life Line Blood Centre,"13-A, Walia Hospital, Corner View Colony, Dukhniwaran Road, Factory Area, 147003",Patiala,Punjab,0175 2351532,30.343682,76.399514
Solan Regional Hospital Blood Bank,"Regional Hospital, Near Lakkar Bazar, Tank Road, 173212",Solan,Himachal Pradesh,01792 220159,30.90738,77.107075
Mahatma Gandhi Medical Services Blood Bank Rampur,"Mahatma Gandhi Medical Services Blood Bank Rampur,
Near Jakh Institute of Nursing, 172001",Shimla,Himachal Pradesh,01782 233969,31.4470213,77.6294213
Command Hospital Blood Bank,"Chandimandir Cantonment, Panchkula, 134109",Panchkula,Haryana,080908 00659,30.712615,76.854089
District Hospital Panchkula Blood Bank,"Civil Hospital Blood Bank, Sector 6, 134109",Panchkula,Haryana,0172 256 7228,30.710793,76.845878
Military Hospital Blood Bank,"Patiala, 147001",Patiala,Punjab,9872461083,30.326207,76.382177
Government Medical College and Hospital Blood Bank,"Department of Transfusion Medicine ,Government Medical College and Hospital, Sector-32, Chandigarh, 160032",Chandigarh,Chandigarh,"0172 2665253, 0172 2601023 (Extn. 1166)",30.709289,76.780536
Military Hospital Blood Bank Ambala,"Blood Bank, Military Hosptial, Ambala Cantt., 133001",Ambala,Haryana,0171 2626557,30.353047,76.833532
Bilaspur Regional Hospital Blood bank,"Changer Sector Bilaspur, Near D.C.Office Bilaspur, 174001",Bilaspur,Himachal Pradesh,1978221080,31.335735,76.765248
SNM Hospital Blood Bank,"SNM Hospital, Main Bazar, Leh, 194101",Leh,Jammu and Kashmir,01982 252014,34.153795,77.580209
Shree MAA Blood Bank,"1st Floor, Goel Hospital, Jagadhri, Yamunanagar.
Opp Sapphire hotel, railway road, Near Krishna Bajaj auto agency, 135003",Jagadhri,Haryana,01732 646206,30.147696,77.304339
Reckong Peo Regional Hospital Blood Bank,"Reckong Peo, Kinnaur, Himachal Pradesh, 172107",Reckong Peo,Himachal Pradesh,01786 222922,31.539316,78.267034
Fatehgarh Sahib Civil Hospital Blood Bank,"Old Tehsil, Government Quarters, BBSBE College Campus
Near DC Complex, 140407",Fatehgarh Sahib,Punjab,01763 232203,30.646899,76.390134
Ramakrishna Mission Sevashrana Blood Bank,"Opposite to Harihar Ashram, Ramakrishna Mission, 249408",Haridwar,Uttarakhand,1334244985,29.933208,78.148128
Max Super Specialty Hospital Blood Bank,"Near Civil Hospital, Phase-VI, Sector 56A, 160055",Mohali,Punjab,"0172 6652396, 0172 665 2000, 0172 6652397, 2398, 2399",30.73975,76.714419
Malhotra Super Speciality Hospital Blood Bank,"(A Unit of Malhotra Clinics Private Limited), SCO No. 8, Himuda Bhatoli Kalan, Opp.- Mahavir Spinning Mills, Baddi, 173205",Baddi,Himachal Pradesh,01795 275009,30.9491629,76.8319738
Rupnagar Civil Hospital Blood Bank,"Ali Mohalla, Mil Mil Nagar, Gugga Mari Mohalla, Near Bela Chowk, 140001",Rupnagar,Punjab,01881 222080,30.966052,76.52516
Grecian Super Speciality Hospital Blood Bank,"Sector 69 , Sahibzada Ajit Singh Nagar, 160062",Mohali,Punjab,"0172 469 6600, 0172 5098045, 0172 2234340, 0172 2234341",30.691127,76.723553
Government Multispeciality Hospital Blood Bank,"Blood Bank, Government Multispeciality Hospital, Room No. 164 Sector 16 Chandigarh., 160016",Chandigarh,Chandigarh,0172 2701288,30.751021,76.780967
Haryana Institute of Medical Sciences (HIMS) Hospital Blood Bank,"NH-152, Village-Ujhana, Ambala Road, Kaithal",Kaithal,Haryana,,29.844728,76.441361
"SBD, District Hospital","Bajoria Road, 247001",Saharanpur,Uttar Pradesh,0132 2715408,29.955375,77.559465
Uttarkashi District Hospital Blood Bank,"District Hospital, Near Vishwanath Temple, 249193",Uttar Kashi,Uttarakhand,0137 422 2082,30.729788,78.442688
LNJP District Government Hospital Blood Bank,"Thanesar, Kurukshetra, SH-6, Kaithal Kurukshetra Road,, 136118",Kurukshetra,Haryana,"0174 429 2716, 01744 293580, 01744 290344",29.964985,76.820558
Bhota Charitable Hospital Blood Bank,"Hamirpur, 176041",Bhota,Himachal Pradesh,01972 255096,31.609374,76.569182
Government Medical College and Rajindra Hospital Blood Bank,"Sangrur Road, 147001",Patiala,Punjab,"0175 2203912,  0175 221 2542",30.327696,76.386153
Sainik (Military Hospital) Hospital Blood Bank,"Army Canteen, Dehradun, 248001",Dehradun,Uttarakhand,0135 2702413,30.316493,78.032191
Kullu Regional Hospital Blood Bank,"R.No. 320, Kullu Regional Hospital, 175101",Dhapur,Himachal Pradesh,01902 224778,31.956462,77.111661
Mohali Civil Hospital Blood Bank,"Phase 6, 56A, Sector 56, Sahibzada Ajit Singh Nagar, 160055",SAS Nagar,Punjab,"01722223637, 0172 2225264",30.739307,76.713957
Ananadpur Sahib Civil Hospital Blood Bank,"Ward No:1, Nania Devi Road, Keshgarh Sahib, 140118",Anandpur Sahib,Punjab,"0188 7232102, 01881-232612, 232102",31.238973,76.494595
BBMB Hospital Blood Bank,"BBMB Hosital Nangal Town Ship, 140124",Nangal,Punjab,1887223902,31.382789,76.364112
Philadelphia Mission Hospital Blood Bank,"Post box 40, Near RA Chowk, Ambala, 134002",Ambala City,Haryana,0171 2553295,30.383042,76.785947
"Department of  Transfusion Medicine, PGIMER Blood Bank","Blood Bank, Department of Transfusion Medicine, Nehru Hospital, PGIMER, Sec-12, Chandigarh., 160012",Chandigarh,Chandigarh,0172 2756481,30.765913,76.775488
Sanjeevani Blood Bank,"111, Near Railway Road, Sadar Bazar, Ambala Cantt., 133001",Ambala,Haryana,0171 4002002,30.339065,76.836686
Ivy Health and Life Sciences Private Limited,"IVY Hospital, Sector-71, 160071",Mohali,Punjab,"0172 7170121, 01725242120, 0172 5044333",30.706958,76.708016
Tarawati Nursing Home Private Limited Blood Bank,"Bajoria Road, 247001",Saharanpur,Uttar Pradesh,0132 2716003,29.95683,77.557192
Netaji Subhash Chander Bose Zonal Hospital Blood Bank,"Netaji Subhash Chander Bose Zonal Hospital, Mandi, 175001",Mandi,Himachal Pradesh,01905 222213,31.711561,76.927209
Kharar Civil Hospital Blood Bank,"Civil Hospital Road, Guru Teg Bahadur Nagar, Near Bus Stand, 140301",Kharar,Punjab,0160 2280797,30.752837,76.632796
"Fortis Hospital Mohali, Blood Bank","Sector 62, Phase - VIII, Sahibzada Ajit Singh Nagar,, 160062",Mohali,Punjab,"0172 469222, 01724692270",30.694086,76.730141
"Doon Hospital, District Hospital Blood Bank","Court Road, Nagar Nigam, Dehradun, 248001",Dehradun,Uttarakhand,N/A,30.318779,78.042188
Rotary and Blood Bank Society Resource Centre,"Plot No:4, Dakshin Marg, Sector 37A, Chandigarh, 160036",Chandigarh,Chandigarh,0172 2696057,30.74211,76.755138
Rohru Civil Hospital Blood Bank,"Rohru, Shimla, 171207",Rohru,Himachal Pradesh,01781 240011,31.201285,77.752272
Silver Oaks Hospital Blood Bank,"Phase 9, Sector 63, SAS Nagar, Sahibzada Ajit Singh Nagar, 
Punjab India, SAS Nagar, 160063",Mohali,Punjab,"0172 5097113, 0172 5063618",30.692232,76.733098
Kamla Nehru Hospital Blood Bank,"Kamla Nehru Hospital, NH-22, Near Mall Road, 171001",Shimla,Himachal Pradesh,0177 2624081,31.096648,77.175267
Maharishi Markendeshwar Medical College and Hospital Blood Bank,"LADO, Sultanpur Road, Kumarhatti, Solan, 173229",Lado,Himachal Pradesh,01792 395175,30.8713445,77.0863049
General Hospital Blood Bank Ambala City,"Civil Hospital, Ground Floor, Near Polytechnic Chowk, 134002",Ambala City,Haryana,"01712554455, 0171 2552908,",30.378711,76.779636
HMG District Hospital Blood Bank Haridwar,"Bilkeshwar Road, Near Mela Hospital, Laltaro Pul, Haridwar, 249401",Haridwar,Uttarakhand,N/A,29.951147,78.161657
Gian Sagar Medical College and Hospital Blood Bank,"Ramnagar (Banur),  District Patiala, Punjab, 140601",Patiala,Punjab,"01762 510132 Ext:1128/1060, 01762 520 000, 01762507299",30.528959,76.671462
Indira Gandhi Medical College Blood Bank Shimla,"Department of BT and IH, Indira Gandhi Medical College, 
Near Lakkar Bazar, 171001",Shimla,Himachal Pradesh,0177 2883440,31.1071605,77.1831203
MM Institute of Medical Sciences and Research Blood Bank,"Mulana, 133207",Ambala,Haryana,01731 304581,30.252282,77.049488
Civil Hospital Blood Bank Palampur,"Civil Hospital, Palampur, Kangra, 176061",Palampur,Himachal Pradesh,01894 234101,32.107726,76.534876
IMA Blood Bank of Uttarakhand,"47, Ballupur Road, Dehradun, 248001",Dehradun,Uttarakhand,"0135 2755010, 0135 2755011",30.334225,78.017667
Hamirpur Regional Hospital Blood bank,"Agriculture Colony, Hamirpur,, 177001",Hamirpur,Himachal Pradesh,01972 222223,31.679905,76.527416
Deen Dayal Updhayay Hospital Blood Bank,"DDU Complex, Shimla, 171001",Shimla,Himachal Pradesh,0177 2658940,31.103536,77.17218
Nahan Regional Hospital Blood Bank,"Regional Hospital, Nahan, 173001",Nahan,Himachal Pradesh,01702 223344,30.559933,77.295483
Dharamshala Zonal Hospital Blood Bank,"Zonal Hospital, Dharamshala, 176215",Dharamshala,Himachal Pradesh,01892 227595,32.2129086,76.3194044
Rajpura Civil Hospital Blood Bank,"AP Jain Hospital, Rajpura, 140401",Rajpura Town,Punjab,"01762 225539, 0175 221 2055",30.478441,76.584065
Sri Guru Harkrishan Sahib Charitable Eye Hospital Trust Blood Bank,"Sector 77, Ajitgarh, Sohana, Sahibzada Ajit Singh Nagar,, 140308",Mohali,Punjab,"0172 2295000, Extn: 401 and 405",30.69336,76.698763
Kurukshetra Blood Bank,"SCO.07-08 BASMENT,  Near LIC Building, 136118",Kurukshetra,Haryana,"01744 291914, 01744232010",29.970016,76.838528
Sainik Hospital Blood Bank,"Army Canteen, Roorkee, 247667",Roorkee,Uttarakhand,01332 279976,29.854008,77.886842
MLGH Trauma Centre Yamuna Nagar Blood Bank,"Civil Hospital Blood Bank, Jagadhari, Above Trauma Center, 
Yamunanagar, 135001",Yamunanagar,Haryana,0173 220 0106,30.1442,77.303543
Daman Raktadan Kendra,"Government Hospital Marwad Campus,  Nani Daman., 346210",Daman,Daman and Diu,0260 2255110,20.433246,72.831276
Central Hospital Blood Bank,"Ulhasnagar, Central Hospital, Nehru Chowk Road, Ulhasnagar, 421003",Thane,Maharashtra,"0251 2709432, 0251 2708730",19.229578,73.165135
SMBT Institute of Medical Science and Research Centre - Blood Bank and Component,"SMBT Institute of Medical Science & Research Centre, Blood Bank & Component,  Block-101, Ground Floor, ‘A’ Wing, New SMBT Hospital Building, Survey No. 470, Nandihills Appt., At Post-Dhamangaon, Ghoti, Igatpuri, Nashik, 422002",Nashik,Maharashtra,02553 222300,19.76062,73.769851
Pravara Medical Trust Blood Bank - Pravara Rural Hospital and Medical Dental College Loni (BK),"Pravara Rural Hospital & Medical Dental College Loni (BK) TQ. Rahata, Ahmednagar, 413736",Ahmednagar,Maharashtra,"02422 271201, 02422 271528, 02422 2733413",19.578952,74.456127
Ansar Blood Bank,"1398/1, Islampura, Industrial Society Compound, Quidwai Road, Malegaon, Nasik, 423203",Nashik,Maharashtra,"02554 238383, 02554 230169, 02254 230039",20.552043,74.532641
Satyashanti Blood Bank,"2nd Floor, Satyashanti Hospital, Opposite to Bus Stand, Pusad, 445204",Yavatmal,Maharashtra,"07233 248095, 07233 246095",19.910776,77.569957
Civil Surgeon District General Hospital Blood Bank,"General Hospital Blood Bank Buldhana, Near Prabadhan School, Bhonde Sarakar Chauk Bhuldhana(M.S), 443001",Buldhana,Maharashtra,07262 242423 (Extn.234),20.533583,76.187482
Valsad Raktdan Kendra,"Shirin and Jamshed Gulzar Regional Blood Centre,
Valsad Raktdan Kendra (A Voluntary Blood Bank and Research Centre), RNC Free Eye Hospital Compound,
Opp. Mamlatdar Office, Valsad, 396001",VALSAD,Gujarat,"02632 242944, 02632 253650",20.609737,72.929097
Rotary Blood Bank - Rahuri Charitable Trust,"Acharya Anand Rushiji Bhavan, Near Water Tank, Nagar Manmad Road,  A/P Rahuri, Ahmednagar District, 413705",Ahmednagar,Maharashtra,02426 232975,19.419633,74.65553
Malegaon Blood Bank,"2nd Floor, West End Complex, Satana Naka, Malegaon, 423203",Malegaon,Maharashtra,9371550550,20.55474,74.524396
Samta Blood Bank,"F-1, 1st Floor Suyojit Comercial Complex, Mumbai Agra Highway, Below Data Mastics, Mumbai Naka, Nashik, 422001",Nashik,Maharashtra,"0253 2472499, 0253 2472599, 0253 2472699, 09975997867, 09975997863, 09975997864",19.984791,73.782607
Civil Surgeon General Hospital Blood Bank,"Balod Bank Survey No-488, Infront of Collector Office, Civil Hospital, Jalna, 431203",Jalna,Maharashtra,"02482 224381, 02482 224393",19.84031,75.888795
Shri Sainath Blood Bank,"Opposite to Bus Stand,  Shri Saibaba Sansthan, Shirdi Tal - Rahata, 423109",Ahmednagar,Maharashtra,02423 258525,19.763137,74.47058
Sau Kantadevi Dale Blood Bank,"Maa Ganga Memorial Baheti Hospital, Akola Naka, Washim, 444505",Washim,Maharashtra,"07252 234343, 07252 235606",20.105396,77.143122
Kanthak Sevabhavi Sanstha - New Life Blood  Bank,"Plot No 22, Survey No 389 and 394, Beside Gurudwara, Station Road, Parbhani, 431401",Parbhani,Maharashtra,02452 220222,19.273124,76.782625
Civil Surgeon - District General Hospital Blood Bank,"Akola Road Risala Bazar, Hingoli, 431513",Hingoli,Maharashtra,02456 224118,19.721787,77.154487
Jeevandhara Buldana Urban Blood Bank,"1st Floor, DSD City Mall, Above Bank of India, Tehsil to Stadium Road, Buldhana, 443001",Buldana,Maharashtra,9657221122,20.532707,76.180604
Kalyan Dombivali Municipal Corporation Sponsored Nandakishore Education Society Arpan Blood Bank,"2nd Floor, Bai Rukhminibal Hospital, Kalyan (W), 421301",Thane,Maharashtra,0251 3266322,19.244366,73.122511
Navjivan Blood Bank and Lab,"Shop No.1, Abhilasha II, Punjabi Lane Borivali (W), 400092",Mumbai,Maharashtra,"022 28934122, 022 28935133, 022 28918144, 022 28921727, 022 25339495",19.23024,72.852643
Mahatma Gandhi Mishan (MGM) Hospital Blood Bank,"Mahatma Gandhi Mishan Medical College & Hospital Blood Bank, N-6, Town Center,  CIDCO,  Aurangabad, 431003",Aurangabad,Maharashtra,"0240 6601100, 0240 6601167",19.877896,75.354519
Smt. Puriben Popat Lakha Blood Bank,"Blood Bank, Smt. Puriben  Popat  Lakha Lions Blood Bank sanchalak Lions Club of Vapi Udyognagar Charitable Trust,
Plot No : 366/A, Prashant Park, Near Jain Tample, G.I.D.C, 
Vapi, Valsad, 396195",Vapi,Gujarat,"0260 2434600, 0260 2434601",20.373994,72.904781
Mira Bhayandar Municipal Corporation Rajeev Gandhi Blood Bank,"C.S No.30/32 Poonam Sagar Complex, Near Allahabad Bank Mira Road (E), Thane, 401107",Thane,Maharashtra,022 64510666,19.274233,72.861175
NDMVPS Medical College and Hospital Blood Bank,At Post Adgaon Dist Nashik,Nashik,Maharashtra,"0253 2220522, 0253 2303930",20.037363,73.852998
Seva Blood Bank,"Nilkanth Building, Satana Naka, Satana Road, Malegaon, Nashik, 423203",MALEGAON,Maharashtra,02554 257077,20.552689,74.516643
District Joint Hospital,"SH 5A, Bhandar Khurd, 231216",Sonbhadra,Uttar Pradesh,N/A,24.646173,83.058614
Lokmanya Blood Bank,"Gopinath Chember,  Basement Floor, Behind Jaydev Travels, Adalat Road,  Aurangabad, 431005",Aurangabad,Maharashtra,"0240 6602163, 0240 2328362",19.872123,75.323251
General Hospital and GMERS Medical College Blood Bank,"Blood Bank, GMERS Medical College and General Hospital, 
Halar Road, Valsad, 396001",Valsad,Gujarat,"02632 251744, 02632 251911",20.59404,72.922063
Sanjeevani Blood Bank Kopargaon,"110, 2/B Nishigandh, Vivekanand Nagar, Near  S.G. Vidyalay, Kopargaon, 423601",Ahmednagar,Maharashtra,"02423 222237, 02423 224885, 02423 223117",19.88042,74.470873
SBPP Cooperative Bank Foundation Blood Bank,"Blood Bank, SBPP Cooperative Bank Foundation Blood Bank of Manav Arogya Seva Kendra,  Jesal Cooperative and Housing Society, Near Pardi Hospital, National Highway-No.-8, Killa Pardi, Valsad, 396125",Pardi,Gujarat,0260 2374422,20.516862,72.951211
"Civil Surgeon, General Hospital Blood Bank Washim","General Hospital Blood Bank, Near Akola Naka,  Washim, 444505",Washim,Maharashtra,"07252 233066, 07252 233379",20.12259,77.127893
Nandkishor Education Society - Arpan Blood Bank,"2nd  Floor, Sahakar Kranti Building, Market Yard, Nagar - Pune Road, 414001",Ahmednagar,Maharashtra,"0241 2451700, 0241 2451800",20.004874,73.787165
"Maharashtra Blood Bank, Component and Apheresis Centre","C- Wing, 107/207, Kuldeep Arcade, Near Navli Railway Phatak, Station Road, Palghar (W), Thane, 401404",Thane,Maharashtra,"02525 251102, 02525 253102",19.692902,72.772639
Shri. Brahman Swrankar Samaj Trust Blood Bank,"Farshi, Main Road, Khamgaon, Buldhana, 444303",Khamgaon,Maharashtra,07263 255577,20.543402,76.170956
Shrirampur Blood Bank,"Shrirampur, 413709",Ahmednagar,Maharashtra,"02422 224293, 02422 210600",19.619247,74.663502
Dattaji Bhale Blood Bank - Hedgewar Hospital,"C/o. Dr. Hegdewar Rugnalaya Campus, Near Gajanan Mandir, Jawahar Colony Road, Garkheda Parisar,  Aurangabad, 431005",Aurangabad,Maharashtra,"0240 2335196, 0240 2331195, 0240 2352371",19.876165,75.343313
Sanjeevani Blood Bank,"Nashik, Krushna-Chaya Bangla, Plot No. 10/11, Kurdukar Nagar, Behind Fame Theatre, Nashik Pune Road, Nashik, 422006",Nashik,Maharashtra,0253 2411888,19.975586,73.803963
Noor Hospital Blood Bank,"Aurangabad - Jalna Road, Warudi, Tq- Badnapur, Jalna, 431202",Jalna,Maharashtra,02482 222515,19.860878,75.664447
J.D.C. Bytco Hospital Blood Bank,"1st Floor, Bytco Hospital, Nashik Road, Behind Durga Garden, Shahu Path, Nashik, 422101",Nashik,Maharashtra,"0253 2460251, 0253 24605352",19.949132,73.838742
Sainik Aspatal Military Hospital Blood Bank,"Sainik Aspatal, Military Hospital, Deolali",Nashik,Maharashtra,9545355252,19.9483203,73.841866
Jijau Mahila Sevabhavi Sansthan Nashik Blood Bank and Transfusion Research institute Blood Bank,"Ishwar Krupa Ganesh Nagar, Tidke Colony, Nashik",Nashik,Maharashtra,0253 2232996,19.990656,73.775241
Tarapur Atomic Power Station Hospital Blood Bank,"TAPS Hospital Blood Bank, TAPS 1&2 (Anushri) Township Near Boisar, Palghar, 401504",Palghar,Maharashtra,02525 264001,19.813093,72.743519
Regional Blood Bank Government Medical College and Hospital,"Regional Blood Bank Government Medical College and Hospital, Aurangabad, (GHATI), 431001",Aurangabad,Maharashtra,"0240 2402108, 0240 2402418",19.890542,75.317164
Lilavati Blood Bank,"John Lay Out, Jamrnn Road, Near Bus stand, Buldhana, 443001",Buldhana,Maharashtra,07262 243811,20.534727,76.172461
"Nukem Blood Bank, Vapi","Nukem Blood Bank and Haria Rotary Hospital, 
Plot No. 363 A- 364, G.I.D.C., Vapi, Valsad, 396001",Valsad,Gujarat,"0260 2430654, 0260 2400053, 0260 6638888",20.381255,72.920819
Jankalyan Blood Bank,"3, Shree Nagar, Old Gangapur Naka, Gangapur Road, Nashik, 422013",Nashik,Maharashtra,"0253 2573493, 0253 2575249",20.008838,73.7702
The Santajee Educational and Medical foundation Trust - Jeevan  Blood Bank,"Suyojit City Center, G-11, 12, 13, S. No. 567/1/1 & 567/1/3 (CTS No. 7249 & FP No. 60) Mumbai Naka, Near Mahamarg Bus Stand, Nashik",Nashik,Maharashtra,7387348888,19.987781,73.784138
Amruta Blood Bank,"Shop No- 102/103, 1st Floor ,Nano Comlex Near Shanoormiya Arga, Vegetable Arket, Shahnoorwadi, Aurangabad, 431001",Aurangabad,Maharashtra,0240 2060145,19.855842,75.338268
Sankalp Blood Bank,"Riddhi Siddhi, Opposite to ICICI Bank, Near Ramchandra Hall, Murbad Road Kalyan (W), 421301",Thane,Maharashtra,"0251 2300096, 0251 2203974",19.241131,73.146766
Civil Surgeon - District General Hospital Blood Bank,"Blood Bank Civil Surgeon, District General Hospital Blood Bank, Subhash Road, Parbhani, 414001",Parbhani,Maharashtra,"02452 223458, 02452 231287",19.271699,76.765032
Arpan Voluntary (Marathwada)  Blood Bank,"2nd Floor, Soniya Chambers, Near Uddhanpula, Seven Hills, Jalna Road, Aurangabad, 431001",Aurangabad,Maharashtra,"0240 2345359, 0240 6604204",19.875504,75.352445
Indian Red Cross Society (IRCS) Blood Bank,"IRCS Red Cross House, Opposite to Bus Stand, 396230",Silvassa,Dadra and Nagar Haveli,"0260 2640911, 0260 2640577",20.276266,73.008306
Jeevan Surabhi Blood Bank,"Kargaon Road, Laxmi nagar,  Chalisgaon, Jalgaon, 424101",Jalgaon,Maharashtra,02589 223833,20.464642,74.998859
Harilal Bhagwati Hospital Blood Bank,"S. V. P. Road, Borivali-W, Mumbai, 400103",Mumbai,Maharashtra,"022 28932461, 022 28932462, 022 28932463 (Extn.205, 409)",19.245458,72.856027
Sarla Blood Bank,"Ravi Hospital, 1st Floor, 50 Anand Nagar, Navghar Vasai (W), 401202",Thane,Maharashtra,"0250 2332684, 0250 2349950, 0250 3256565, 0250 2332425",19.255677,72.865577
Jondhale&#39;s Nitya Seva Blood Bank,"R.C.Complex, Mamlatdar Kacheri Road, Shrirampur,                  Ahmednagar, 413709",Ahmednagar,Maharashtra,02422 225000,19.6227,74.660399
Shri Gajanan Blood Bank And Components,"Property No: 71, Road No.9, 2nd Floor, Bajaj Satkar Bhavan, Yavatmal (m.s), 444001",Yavatmal,Maharashtra,07232 242985,20.418283,78.12953
Roachabai Sugnomal Manwani - Cantonment General Hospital Blood Bank,"Vadner Road, Devlali, Nashik, 422401",Nashik,Maharashtra,"0253 2493365, 0253 24913377,  0253 2462068",19.903354,73.825824
Vijayee Blood Bank,"Andrandes Bhavan 1st Floor, Plot No. 2, Sr. No 277-A, Behind Papdi Telephone Exchange, Near Sai Services,  Vasai (W), 401202",Thane,Maharashtra,"0250 2321050, 0250 6450250",19.358711,72.811841
Arpan Blood Bank,"First Floor, H.No.1542/43, Above Bank of Badoda, Swatantrya Chowk, Sangamner,  Ahmednagar District, 422605",Ahmednagar,Maharashtra,"02425 226036, 02425 220457",19.569309,74.206528
Jankalyan Blood Bank,"Wing No. 03, S. No. 224, Shri Chatrapati Shivaji Maharaj Bazar Sankul, Old Cotton Market Yard, 431203",Jalna,Maharashtra,"02482 238397, 02482 243085, 02482 232407",19.867491,75.879779
Seth Nandlal Dhoot Hospital Blood Bank,"Plot No A-1, MIDC Chikalthana, Jalna Road, Aurangabad, 431210",Aurangabad,Maharashtra,0240 2489001 - 10,19.872742,75.387668
Aurangabad Blood Bank,"Opposite to Sparsh Hospital, Jawahar Nagar Akashwani Aurangabad, 431001",Aurangabad,Maharashtra,"0240 6002002, 0240 2330400",19.873384,75.344972
Metro Blood Bank - District (Civil) Hospital Nashik,"District - Civil Hospital Blood Bank, Near Thakkar Bazaar,  Trimbak Naka, Nashik, 422001",Nashik,Maharashtra,"0253 2318020, 0253 2577949",19.996886,73.778198
Lions Blood Bank,"1st Floor, above Lions  Balsadan, Near Teg Bahadur English School, Osmanpura, Aurangabad, 431005",Aurangabad,Maharashtra,"0240 2340250, 2337255",19.87244,75.323188
Laxmi Blood Bank,"Chiddarwar Hospital, Motinagar, Pusad, Yavatmal, 445204",Yavatmal,Maharashtra,"07233 246775, 07233 246535, 07233 246535",19.906603,77.567708
Arpan Blood Bank and Blood Component Laboratory and Research Centre,"1st Floor, Office No.102/103, Dr. Athawale Chambers, Opposite to Gavkari Press Tilak Path, Nashik, 422001",Nashik,Maharashtra,"0253 2311358, 0253 2576058",20.004874,73.787164
Little Heart Childrens Hospital Private Limited Blood Bank,"271/7/1, Taragoti Samanta Road, Kenduadihi, 722102",Bankura,West Bengal,"03242 243352,  03242 243829",23.2328678,87.0347214
Hindustan Aeronautics Limited Blood Bank,"HAL, Aircraft Division, HAL, In Front of GES HAL High School, Ojhar Township, Niphad, Nashik",Nashik,Maharashtra,"02550 275845, 02550 278932 (Extn. 2589)",20.105897,73.931932
Burnpur Hospital SAIL-ISP Blood Bank,"IiSCO Steel Plant Ltd, 713325",Burnpur,West Bengal,"0341 2231332, 0341 2231227",23.6660013,86.9451971
S.D. Hospital Blood Bank Kandi,"P.O. Kandi 
PS-KANDI, 742137",KANDI,West Bengal,03484 255401,23.953471,88.038984
Rampurhat S.D. Hospital Blood Bank,"P.O. Rampurhat, Rampurahat hospital Road, Besides of NH-60, 731224",Birbhum,West Bengal,"03461 255102, 03461 255285",24.188551,87.7930965
Asansol District Hospital Blood Bank,"SB Gorai Rd, Hamid Nagar, 713301",Asansol,West Bengal,0341  2304040,23.676673,86.974114
Contai Sub Divisional Hospital Blood Bank,"Vill. : Darua, P.O.: Darua, P.S. : Contai, 721401",Contai,West Bengal,03220- 254464.,21.781682,87.776009
Purba Medinipur District Hospital Blood bank,"P.O. Tamluk, 721636",Tamluk,West Bengal,"03228 263233, 263209",22.286378,87.919661
Sadar Hospital Madhepura Blood Bank,"Near pani tanki chowk, Ward No:10, 852113",Madhepura,Bihar,N/A,25.922909,86.792226
"Dr. Bidhan Chandra Roy Hospital Blood Bank, Haldia (A Unit of ICARE)","Vill-Banbishnupur, P.O.- Balughata, P.S. Bhawanipur, Purba Medinipur Pin-721645, 721645",Haldia,West Bengal,"0322 4269225,",22.0639805,88.0360249
Bolpur Sub Divisional Hospital Blood Bank,"Nanoor Chandidas Road, 731204",Bolpur,West Bengal,03463 221136,23.663705,87.690853
Dumka Sadar Hospital Blood Bank,"Near Town Hall, Dumka, 814101",Dumka,Jharkhand,6434236298,24.267264,87.251613
Jyoti Hospital Blood Bank,"Kuruda, Balasore, 756056",Kuruda,Odisha,"06782 256375, 06782 256376",21.471497,86.891335
Durgapur Steel Plant Hospital Blood Bank,"J. M. Sengupta Road, Durgapore-V, Burdwan (west),B-Zone., 713205",Durgapur,West Bengal,"03432746319, 0343 2745967",23.572531,87.30336
Life Line Blood Bank,"N.C.B. Road, P.O.- Raniganj, Burdwan 
Near Neilkantha Hotel, 713347",Raniganj,West Bengal,0341 2440590,23.68721,86.973343
"South Eastern Railway Main Hospital Blood Bank, Kharagpur","Kharagpur, 721301",Kharagpur,West Bengal,"03222 292195, 03222292476",22.3343711,87.3149694
Rani Durgawati Hospital Blood Bank,"Rani Durgawati Hospital, 482001",Jabalpur,Madhya Pradesh,0761 261052,23.100428,79.565702
The Mission Hospital Blood Bank (A Unit of Durgapur Medical Centre Private Limited),"Plot No: 219(P), Sector-2C, Iman Kalyan Sarani, Bidhan Nagar, 713212",Durgapur,West Bengal,"0343 2535555,Ext:-188",23.5201833,87.3554804
Pakur Sadar Hospital Blood Bank,,Pakur,Jharkhand,9934347811,24.6476852,87.7862334
Burdwan Medical College and Hospital Blood Bank,"Near Baburbag Road, Bardhaman University, 713104",Burdwan Sadar,West Bengal,"03422665908, 0342 2559777",23.244835,87.857325
Midnapur Medical College and Hospital Blood Bank,"Vidyasagar Road , Paschim Medinipur, Medinipur,, 721101",Midnapore,West Bengal,"03222 261007, 222400",22.4208441,87.3218013
Deoghar Sadar Hospital Campus Blood Bank,"Blood Bank, Sadar Hospital, Deoghar, 814112",Deogarh,Jharkhand,9431950386,24.491027,86.693996
Sadar Hospital Kishanganj Blood Bank,"Hospital Road, 855107",Kishanganj,Bihar,"06456 223502, 06456 226464",26.101776,87.948834
Sadar Hospital Saharsa Blood Bank,"Zila School Road, Police Line, Saharsa, 852201",Saharsa,Bihar,9934712522,25.88715,86.590953
Indian Red Cross Society (IRCS) Blood Bank,"Red Cross Blood Bank, Purnea, Red Cross Bhawan Line Bazar, 854301",Purnia,Bihar,0654 244211,25.785486,87.488251
Kharagpur Sub Divsional Hospital Blood Bank,"South Side, P.O. Kharagpur, 721301",Kharagpur,West Bengal,"03222 221860, 259125, 255947",22.32698,87.314481
Divisional Railway Hospital Blood Bank Asansol,"Asansol, 713225",Bardhaman,West Bengal,0341 2220529,23.674512,86.941165
"Odisha Red Cross Blood Bank, Baripada","District Head Quarters Hospital Baripada, Mayurbhanj, 757001",Baripada,Odisha,06792 254641,21.931231,86.727842
Jawaharlal Nehru Medical College Hospital (JNMCH) Blood Bank,"Mayaganj, Tilkamanjhi,, 812001",Bhagalpur,Bihar,0641 2409555,25.264217,87.002126
Kasturba Gandhi Hospital Blood Bank,"Chittaranjan Locovotive Works, Barddhaman Rd, Alipore, 713331",Burdwan,West Bengal,"0341 252 5645, 0342 2525822",23.849528,86.895907
Rashmi Blood bank,"Saheed Shibsankar Seba Samity, Baburbag Rd, Baburbag, 
Near Burdwan Fire Station, 713104",Burdwan,West Bengal,0342 2657251,23.254108,87.853364
Sadar Hospital Purnia  Blood Bank,"Sudin Chowk Road, Rajnikant Colony, Line Bazar, Purnea,, 854301",Purnia,Bihar,"09939213483, 09431268348, 09334510634, 0943127662",25.778234,87.472456
Sanctoria Hospital Blood Bank,"2, Jhalbagan, Sanctoria, 713333",Dishergarh Burdwan,West Bengal,"0341 2523576, 0341 2523577, 0341-2521035",23.7061752,86.8280197
Khatra SD Hospital Blood Bank,"Hospital Road, 722140",Khatra,West Bengal,03243-256029,22.969097,86.848541
Ghatal Sub Divisonal Hospital Blood Bank,"SH 4, Kuspata, Ghatal, 721212",Ghatal,West Bengal,03225 255064,22.657052,87.737725
"Sadar Hospital, Katihar Blood bank","Blood Bank, Sadar Hospital, 854105",Katihar,Bihar,N/A,25.539923,87.567583
Maa Vindhyawasini Blood Bank,"Pakari Chauk, Near Malti Hospital, 802301",Arrah,Bihar,"09835642642, 09430929650",25.539954,87.56747
Jhargram Blood Bank,"Jhargram District Hospital, 
P.O. Jhargram, Raghunathpur, 721507",Jhargram,West Bengal,03221 259789,22.447732,86.997281
Sahebganj Sadar Hospital Blood Bank,"Blood Bank, Sadar Hospital, Sahebganj, 816109",Sahebganj,Jharkhand,06436 222050,25.235841,87.634215
Arambagh Sub Divisional Hospital Blood Bank,"Opposite to ravindra Bhavan, 712601",Arambagh,West Bengal,"03211 255962, 03211 255095",22.887385,87.786016
ECL Central Hospital Kalla Blood Bank,"Domohani Rd, C H Kalla, Near Kazi Nazrul University, 713340",Asansol,West Bengal,0341 221910 ext 1125,23.7012794,86.9963121
Suri Sadar District Hospital Blood Bank,"P.O. Suri, 731101",Suri,West Bengal,"03462 255483, 03462 255766",23.915783,87.516918
Bishnupur S.D. Hospital Blood Bank,"P.O. Bishnupur, 722122",Bishnupur,West Bengal,03244 253075,23.068944,87.309801
IQ City Narayana Multispeciality Hospital Blood Bank,"Sovapur, Bijra Road, Jemua, 713206",Durgapur,West Bengal,"0343 2608522, 0343 260 8000, 3432608335",23.570751,87.3372
Bankura Sammilani Medical College and Hospital Blood Bank,"Gobindanagar, P.O.- Kenduadihi, 722102",Bankura,West Bengal,"03242 241366, 03242 244701, 702, 703",23.233875,87.037024
"Odisha Red Cross Blood Bank, SDH, Udala","Sub Divisional Hospital, Udala, Mayurbhanj, 757041",Udala,Odisha,06795 232288,21.576557,86.565098
Bidhannagar Sub-Divisional Hospital Blood Bank,"Bidhannagar, Dr. Zakir Hussain avenue, 713206",Durgapur,West Bengal,"0343 253 4153, 0343 2533951",23.5370135,87.331789
"Odisha Red Cross Blood Bank, Balasore","District Head Quarters Hospital, Baleshwar, 756001",Balasore,Odisha,06782 241496,21.493347,86.935961
Vivekananda Hospital Private Limited Blood bank,"Dr. Zakir Hussain Avenue, Bidhan Nagar
Beside Durgapur Esi Hospital, 713206",Durgapur,West Bengal,"0343 2532430 , 2531001, 2531002, 2531003",23.523226,87.339337
"Odisha Red Cross Blood Bank, Nilagiri","Sud Divisional Hospital,  Nilagiri, At/Po/Ps-Nilagiri, 756040",Nilagiri,Odisha,06782-233237,21.463441,86.775551
Rajiv Gandhi Government General Hospital Blood Bank,"Bijli Ghar Ka choraha, Mangal Marg, 301001",Alwar,Rajasthan,"0144 2346033, 0144 2345087",27.57247,76.458792
Bhagat Phool Singh Government Medical College for Women Blood Bank,"Kanpur Kalan, Sonipat, 131305",Sonipat,Haryana,"01263 283041, 01263 283063",29.149774,76.808336
Pandit Bhagwat Dayal Sharma Post Graduate Institute of Medical Sciences (PGIMS) Blood Bank,"Medical Road, Maharishi Dayanand University,
Rohtak, 124001",Rohtak,Haryana,"01262 211306, 01262 212306,  01262 281 304",28.879942,76.608052
General Hospital Blood Bank Jhajjar,"Model Town, 124103",Jhajjhar,Haryana,01251 252410,28.607735,76.642891
Rewari Blood Bank,"Shree Krishna Medical And Social Welfare Society, 53-RL, Model Town, 123401",Rewari,Haryana,"01274 222607, 01274 222955",28.187832,76.616935
Prem Blood Bank,"A unit of Lala Harbhagwan Dass Memorial & Dr. Prem Hospital Pvt. Ltd., Bishan Sarop Colony, Opp Bus Stand,, 132103",Panipat,Haryana,"0180 2697191, 0180 2635900, 01804008431",29.398644,76.966314
District hospital sheopur,"District Hospital Sheopur, 476337",SHEOPUR,Madhya Pradesh,7746977417,25.676067,76.711645
General Hospital Rewari Blood Bank,"Room No. 16, Government / Civil Hospital Blood Bank,  
Kayasthwara Mohalla,, 123401",Rewari,Haryana,"01274 253101,  01274 254 743",28.202218,76.619789
Red Cross Blood Bank,"Indian Red Cross Society, Red Cross Bhawan, G.T. Road, 132103",Panipat,Haryana,0180 4002049,29.39369,76.969115
Riya Hospital Blood Bank,"NH 11B, Adarsh Nagar, 322201",Gangapur City,Rajasthan,"07463-230080, 07463 233374",26.487535,76.740236
Shaheed Hasan Khan Mewati Government Medical College Blood Bank,"Nalhar, Tehsil Nuh, Mewat, 122107",Nuh,Haryana,01267 282007,28.091167,76.971562
Smt. Indira Gandhi Government Multispeciality Blood Bank,"G. H. Sector-18, Bypass Road, Near bus stand, Kaithal By pass, 136027",Kaithal,Haryana,"09416121227, 09991717988, 09466484634",29.793446,76.421959
General Hospital Blood Bank Jind,"Civil Hospital, DC Colony, 126102",Jind,Haryana,01681 245454,29.311866,76.330022
Shri Ramkaran Joshi General Hospital Bood bank,"Lalsot, Dausa, NH-11A, Lalsot Road,, 303303",Dausa,Rajasthan,"01427-220960, 01427 220223",26.883949,76.335767
Seth Makhan Lal Mahawar Charitable Blood Bank Society,"Red Cross Bhavan, Near Income Tax Bhawan, Moti Dungari,, 301001",Alwar,Rajasthan,0144 2348277,27.550891,76.615215
Panipat Blood Bank,"332-R Model Town, Near Ramlal Chowk, 132103",Panipat,Haryana,"0180 4011150, 01802697887",29.391662,76.957172
"National Blood Bank, Kharab Hospital Blood Bank","47, Near Budhla Sant Mandir, Rishi nagar,, 125008",Hisar,Haryana,01662 225900,29.310977,76.344908
Gangaputra Hospital and Research Centre Blood Bank,"Kaithal Road, Kandela, 126102",Kandela,Haryana,01681 237238,29.378281,76.337165
N.C. Medical College and Hospital Blood Bank,"N.C. Medical College and Hospital, Panipat-Rohtak Road, Israna, Panipat",Israna,Haryana,,29.286568,76.878961
SGT Medical College Hospital and Research Institute Blood Bank,"Near Sultanpur Bird Sanctuary, Village Budhera, Gurugram,, 122505",Gurugram,Haryana,"0124-2278186,  0124 227 8256",28.478407,76.902714
MP Thelasmia Kid Care Society Blood Bank,"Opposite Hamidia Hospital, 4, Fategarh, Sultania Road, 462001",Bhopal,Madhya Pradesh,"0755 2538891, 0755 5242131",23.2582415,77.3952417
Tatpar Pathology and Diagnostic Centre Blood Bank,"10, Neelam Colony, Bhopal, 462008",Bhopal,Madhya Pradesh,0755 2576466,23.25369,77.412695
District Hospital Blood Bank,"District Hospital Blood Bank, 481880",Dindori,Madhya Pradesh,07644 234962,22.946033,81.075282
District Hospital Blood Bank,"District Hospital, Blood Bank, 485001",Satna,Madhya Pradesh,07672 223226,24.567945,80.832069
People Hospital Blood Bank,"Ayodhya Bypass road, Peoples Campus, Bhanpur Bhopal, 462038",Bhopal,Madhya Pradesh,0755 4005227,23.301078,77.424616
Holy Cross Hospital Blood Bank,"Ambikapur, Surguja District, 497001",Ambikapur,Chhattisgarh,077742 23733,23.134176,83.193534
Combined District Hospital Blood Bank,"Combined District Hospital, 210205",Chitrakoot,Uttar Pradesh,05198 236555,25.196167,80.914609
District Hospital Blood Bank,"District Hospital, 484661",Umaria,Madhya Pradesh,07653 222314,23.571113,80.390813
Indian Red7091 Cross Society (IRCS) Blood Bank,"Indian Red Cross Society, Shivaji Nagar, Near J P Hospital, 462016",Bhopal,Madhya Pradesh,0755 2526108,23.2307,77.419553
Parakh Voluntary Blood Bank,"Run by Samagra Vikash Jan Kalyan Samiti, Karguawaji Road, Opposite Gate No.-2, 284128",Jhansi,Uttar Pradesh,0510 2321134,25.458336,78.616978
"Distrcit Hospital Baikunthpur Blood bank, Korea","Jampara, Baikunthpur, 497335",Baikunthpur,Chhattisgarh,N/A,23.26,82.562
Jabalpur Thalesemia Society Blood Bank,"12 Anjuman Shopping Complex, Malviya Chowk Jabalpur, 482002",Jabalpur,Madhya Pradesh,0761 2401958,23.169545,79.932327
Surguja District Hospital Blood Bank,"Bilaspur Road, Ambikapur, 497001",Ambikapur,Chhattisgarh,N/A,23.1099901,83.1945
Red Cross Blood Bank,"NTPC Hospital, Vindhya Nagar, 486885",Singrauli,Madhya Pradesh,07805 245144,24.0925456,82.6559943
District Hospital Blood Bank,"District Hospital, 473001",Guna,Madhya Pradesh,07542 250312,24.646947,77.308376
Bansal Blood Bank and Transfusion Service,"Sukheja Towers, 1st Floor, Behind Main Bus Stand, 610 Wright Town, 482002",Jabalpur,Madhya Pradesh,0761 5004322,23.164273,79.929699
Jawahar Lal Nehru Cancer Hospital and Research Centre Blood Bank,"Idgah Hills, Bhopal, 462003",Bhopal,Madhya Pradesh,0755 4255682,23.273077,77.380764
District Hospital,"Makaniya Purva, Mahoba, 210427",Mahoba,Uttar Pradesh,N/A,25.293146,79.88485
Chirayu Medical College and Hospital Blood Bank,"Bhainsakhedi, Bairagarh, 462030",Bairagarh,Madhya Pradesh,"0755 6679000, 0755 6679101, 0755 6679102, 0755 6679103",23.268916,77.308073
MP Birla Hospital and Priyamvada Birla Cancer Research Institute Blood Bank,"J. R. Birla Road, Post Birla Vikas, 485005",Satna,Madhya Pradesh,"07672 257411, 07672 257412, 07672 404085",24.585065,80.85646
District Hospital Blood Bank,"Government  District Hospital, 483501",Katni,Madhya Pradesh,07622 230367,23.832575,80.39196
NSCB Medical College Blood Bank,"Netaji Subhash Chandra Bose (NSCB) Medical College, Ist Floor Hospital Premises, Nagpur Road, 482003",Jabalpur,Madhya Pradesh,"0761 2370951, 0761-2673646 (Extn.300)",23.149881,79.881151
Nirmal Hospital Blood Bank,"Opposite Medical College Gate No.-03, 284128",Jhansi,Uttar Pradesh,0510 2322028,25.460278,78.617827
District Hospital Blood Bank,"District Hospital, 465001",Shajapur,Madhya Pradesh,07364 222127,23.421106,76.274685
District Hospital Blood Bank,"District Hospital, Blood Bank, 486661",Sidhi,Madhya Pradesh,"07822 252207, 07822 252153",24.413386,81.88065
Apex Hospital Component Blood Bank,"Apex Welcare Trust, N-7/2, A-5, D.L.W. Hydil Road, 221004",Varanasi,Uttar Pradesh,0542 2316794,25.283163,82.968511
S. S. Medical College Blood Bank,"S. S. Medical College, 486001",Rewa,Madhya Pradesh,0766 2257441,24.531793,81.299794
Burhar Central Hospital of South Eastern Coal Fields Limited Blood Bank,"Sohagpur Area, Dhanpuri Post, 484114",Dhanpuri,Madhya Pradesh,07652 250223,23.185907,81.571377
Moti Lal Nehru District Hospital Blood Bank,"12 Dr. Katjoo Road, Allahabad Near Railway Station",Allahabad,Uttar Pradesh,0532 2240031,25.439232,81.8286
Hindalco Hospital Blood Bank,"Plant -1 Road, Renukoot, 231217",Renukoot,Uttar Pradesh,"05446 252077, 05446 252079, 05446 254791, 05446 254796",24.212959,83.036739
Nehru Jan shatabdi Chikitsalaya Blood Bank,"Nehru Jan shatabdi Chikitsalaya Blood Bank of Northern Coal Field Jyant Sinroli, 486661",Jayant,Madhya Pradesh,07805 254982,24.06319,82.383071
IGH Gas Rahat Blood Bank,"Indira Gandhi Mahila Evam Bal Chikitsalaya Gas Rahat, 462002",Bhopal,Madhya Pradesh,0755 2713100,23.1549,77.244677
Combined District Hospital,Manjhanpur,Kaushambi,Uttar Pradesh,05331 232030,25.361049,81.403171
Santushti Hospital Private Limited Blood Bank,"N8/180-B-51, BHU - DLW Road, DLW Sunderpur Road, Sunderpur, Newada, Varanasi, Uttar Pradesh, 221005",Varanasi,Uttar Pradesh,0542 2316230,25.282632,82.975715
Bansal Hospital Redefining Healthcare Blood Bank,"Near Shahpura Lake, Shahpura, 462016",Bhopal,Madhya Pradesh,"0755 7086000, 0755 4086099",23.199485,77.420061
District Hospital,"Chitrakoot, 284403",Lalitpur,Uttar Pradesh,05176 272343,24.696225,78.412323
St. Judes Hospital Blood Bank,"St. Judes Hospital Campus,
 Sipri, Jhansi, 284003",Jhansi,Uttar Pradesh,0510 2360957,25.462874,78.547451
District Hospital Blood Bank,"Rajendra Hospital (District Hospital), Blood Bank, 472001",Tikamgarh,Madhya Pradesh,07683 247396,24.452408,78.500693
Sir Sunderlal Hospital Blood Bank,"IMS, BHU, Lanka, 221005",Varanasi,Uttar Pradesh,"0542 2369237, 0542 2309408",25.276992,83.001231
District Hospital Blood Bank,"District Hospital, (Tilli Hospital), 470001",Sagar,Madhya Pradesh,07582 236548,23.492157,78.451821
Sant Diagnostic Centre and Blood Bank,"25/1A, Sant Bhawan, Opposite to MLB Medical College, Between Gate no -1 & 2, Kanpur Road Jhansi, 284128",Jhansi,Uttar Pradesh,0510 2320831,25.45845516,78.61560658
"Baran Government Hospital, Blood bank","Government Hospital, Kota Road, Gandhi Colony, 325205",Baran,Rajasthan,"07453 230322, 07453 236222 PMO-9414257218",25.104377,76.503388
Tej Blood Bank,"Plot No. 3528/47, Jail Road, Babupara
Opposite to Joda Talab, 497001",Ambikapur,Chhattisgarh,07774 222666,23.117556,83.191169
New Bhopal Blood Bank,"B-82, E/6 Arera Colony, Bhopal, 462016",Bhopal,Madhya Pradesh,"0755 3206332, 0755 3206327",23.20973,77.437187
MLB Medical College and Hospital,"Bundelkhand University,
Jhansi., 284128",Jhansi,Uttar Pradesh,N/A,25.459045,78.615934
Arpan Blood Bank,"Maiti Chari. Trust 131/6, M.P. Nagar, Z-II  Kiram Complex, 462011",Bhopal,Madhya Pradesh,0755 4090142,23.2289768,77.4351847
District Hospital Blood Bank,"District Hospital, 466001",Vidisha,Madhya Pradesh,07592 237825,23.520189,77.808353
Chirayu Health and Medicare Blood Bank,"Malipura, Bhopal, 462001",Bhopal,Madhya Pradesh,"0755 2737401, 0755 2737402, 0755 2737403",23.258167,77.39707
Military Hospital Blood Bank,"Military Hospital Jabalpur, 482001",Jabalpur,Madhya Pradesh,0761 762227,23.1496957,79.9530199
District Hospital Blood Bank,"District Hospital, 471001",Chhatarpur,Madhya Pradesh,07682 248312,24.90762,79.584212
Heritage Hospital,"LANKA BHU ROAD, 221005",Varanasi,Uttar Pradesh,0542 2368888,25.279165,83.003404
Sadguru Blood Bank Chitrakoot,"Sadguru Jankikund Chikitsalaya, Chitrakoot, 485001",Chitrakoot,Madhya Pradesh,0767  0265320-6445,25.095043,80.515971
District Hospital Blood Bank,"Shri Kushabhau Thakre, District Hospital, 484001",Shahdol,Madhya Pradesh,07652 245256,23.30792,81.352897
City Blood Bank of Bhojpal Charitable Trust,"Bajaj Complex Opposite Sindhi Gurudwara, Jehangirabad, 462046",Bhopal,Madhya Pradesh,0755 3295144,23.26,77.412
Khanna Pathology Lab and Blood Bank,"14, Roopram Towers, Golbazar, 482002",Jabalpur,Madhya Pradesh,0761 2316980,23.1708138,79.9304742
Shri Shiv Prasad Gupta Mandliya Zilla Chikitsalaya,"Varanasi, 221002",Varanasi,Uttar Pradesh,N/A,25.31984,83.008853
AMA (Allahabad Medical Association) Blood Bank,"Stanely Road, Allahabad, 211002",Allahabad,Uttar Pradesh,0532 2266513,25.468205,81.844042
District Hospital Blood Bank,"District Hospital, 466001",Sehore,Madhya Pradesh,07562 226737,23.198387,77.081271
District Victoria Hospital Blood Bank,"Government Seth Govinddas Victoria Hospital, 482002",Jabalpur,Madhya Pradesh,0761 2622202,23.172743,79.936409
Manas Blood Bank of Chinmayi Swasthya Seva Sadhbhav Shikshan Samiti,"Motia Talab, Bhopal, 462001",Bhopal,Madhya Pradesh,0755 4250909,23.26,77.39
Military Hospital Blood Bank,"Mahoba, 211001",Allahabad,Uttar Pradesh,N/A,25.46047,81.814778
District Hospital Blood Bank,"District Hospital campus, 465661",Rajgarh,Madhya Pradesh,"07372 201021, 07372 201023",24.00976,76.732073
District Hospital Blood Bank,"District Hospital, 470661",Damoh,Madhya Pradesh,07812 222183,23.833141,79.440745
District Hospital Blood Bank,"Shivpuri Road, Rajghat Colony, Jhansi., 284002",Jhansi,Uttar Pradesh,0510 2448442,25.457843,78.57868
Maharaja Chet Singh District Hospital,"Gyanpur, 221304",Bhadoi,Uttar Pradesh,04414 251406,25.358723,82.464122
Bhopal Memorial Hospital and Research Centre Blood Bank,"Bhopal Memorial Hospital and Research Centre, Near Karod Chourha, Raisen Bypass Road, 462038",Bhopal,Madhya Pradesh,0755 2742212,23.18006,77.25035
District Hospital Blood Bank,"J P Hospital, 1250, Hospital Campus, Tulsi Nagar, 482016",Bhopal,Madhya Pradesh,0755 2556812,23.229861,77.417539
Jeevan Deep Hospital Private Limited Blood Bank,"Indira Mill Crossing, Jeevandeep Road, Jamunipur, SRN Bhadohi, 221409",Bhadohi,Uttar Pradesh,,25.387859,82.592757
District Hospital Blood Bank,"District Hospital, 488001",Panna,Madhya Pradesh,07732 253658,24.712076,80.181218
"S.R.N. Hospital, M.L. N. Medical College","Hanuman Mandir, Swarooprani Hospital, North Malaka, 211001",Allahabad,Uttar Pradesh,0532 2256507,25.456005,81.852791
District Hospital Blood Bank,"Etah, 281001",Mathura,Uttar Pradesh,0565 2401199,25.351229,82.986065
JK Hospital and Medical Research Centre Blood Bank,"J.K. Town, Kolar Road, 462042",Bhopal,Madhya Pradesh,0755 4087000,23.178855,77.428807
Kasturba Hospital BHEL Blood Bank,"BHEL, Bhopal, 462020",Bhopal,Madhya Pradesh,0755 2505304,23.222946,77.446666
Heritage Institute of Medical Sciences Blood Bank,"3rd Floor, Near Mohan Sarai, Ram Nagar Bypass, Bhadwar, 221005",Varanasi,Uttar Pradesh,9415226197,25.278956,83.002917
District Hospital Blood Bank,"District Hospital, 464551",Raisen,Madhya Pradesh,07482 222062,23.333493,77.78043
Gandhi Medical College Blood Bank,"Gandhi Medical College and Hamidia Hospital, 462001",Bhopal,Madhya Pradesh,0755 4050148,23.259924,77.390958
Kanchan Medicare and Research Centre Private Limited Blood Bank,"Lohati Bhawan, A. B. Road, 473001",Guna,Madhya Pradesh,07542 226720,24.648661,77.302928
Banaras Heart Hospital Component Blood Bank,"62, Chandrika Nagar, Sigra, 221010",Banaras,Uttar Pradesh,0542 2224567,25.311963,82.986551
District Hospital Blood Bank,"Sultanpur, 231001",Mirzapur,Uttar Pradesh,05442 253092,25.154094,82.577234
Bhagyoday Tirth Hospital Blood Bank,"Khurai Road, 470002",Sagar,Madhya Pradesh,0758 2266671,23.851061,78.722466
"Red Cross Blood Bank, SDH, Koraputk","Sub Divisional Hospital, Sardar Patel Marg, 764001",Jeypore,Odisha,06854 233600,18.863146,82.572509
"Odisha Red Cross Blood Bank, Malkangiri","District Head quarters Hospita Malkangiri,, 764048",DNK Malkangiri,Odisha,06861 231200,18.581971,82.075923
A. S. Raja Voluntary Blood Bank,"D.No. 10-50-11/5, Ground Floor, 1st, 2nd and 3rd Floor, Beside CARE Hospital, Waltair Main Road, Ramnagar, Visakhapatnam, 530002",Visakhapatnam,Andhra Pradesh,"0891 2543436,0891 6663436,0891 6644936.",17.720274,83.313048
District Headquarters Hospital Blood Bank,"District Headquarters Hospital, Cantonment, Vizianagaram, 535003",Vizianagaram,Andhra Pradesh,NA,18.110022,83.388433
M/s. Gayatri Vidya Parishad Institute of Health Care and Medical Technology,"D. No.6-25, Maridi Valley, Marikavalasa, Madhurawada, Vishakapatnam, 530048",Visakhapatnam,Andhra Pradesh,"0891 2793741, 0891 2590131",17.689433,83.211615
M/s. Government Area General Hospital Blood Bank.,"M/s.Government Area Hospital Blood Bank, Area hospital, Tuni, 533401",Tuni,Andhra Pradesh,08854 252333,17.354937,82.541241
M/s. Seven Hills Hospital Blood Bank,"D.No.11-4-4/A, 5th Floor, Rock Dale Layout, Waltair MainRoad, Visakhapatnam, 530002",Visakhapatnam,Andhra Pradesh,0891 6677777,17.71737,83.309268
M/s. Rotary Blood Bank (Vishaka Port City Rotary Charitable Trust),"D.No: 13-26-2/54, 3rd Floor, Apuroopa Arcade, Near Jagadamba Junction, Maharanipeta, Vishakapatnam, 530002",Visakhapatnam,Andhra Pradesh,"0891 6534635, 0891 2506678",17.686816,83.218482
District Hospital,"AH- ANAKAPALLI, 531001",Anakapalli,Andhra Pradesh,9848325561,17.689592,82.997733
GMR Varalakshmi Care Hospital Blood Bank,"GMR Varalakshmi Care Hospital Premises, GMR Nagar, Rajam, 532127",Rajam,Andhra Pradesh,"08941 253183, 08941 253184",18.461272,83.658352
Sardar Rajas Medical College Hospital Blood Bank,"Blood Bank, Sardar Rajas MCH, Bhawaniptna, 766001",N/A,Odisha,06670 226701,19.890621,83.014694
M/s. Gitam Institute of Medical Sciences and Research Blood Bank,"D.No.5-168, Ward No.6, Gitam University, Rushikonda, Visakhapatnam, 530045",Visakhapatnam,Andhra Pradesh,0891 2524777,17.784938,83.374975
Anand Hospital Blood Bank,"A-1, Damodar Colony, Garh Road, 250002",Meerut,Uttar Pradesh,0121 2792000,28.96181,77.746366
Yanam Old Age Home Blood Bank,"D.no:7-4-055, Old Rajeev Nagar, River bank, Yanam, 533464",Yanam,Puducherry,8842324933,16.729453,82.216893
M/S. Dhanwantari Voluntary Blood Bank.,"D.No:46-21-1,2nd Floor, Danavaiepeta, Rajahmundry, 533103",Rajahmundry,Andhra Pradesh,0833-2473050,17.00787,81.785213
"Indian Red Cross Society Blood Bank, RCH-II","Area Hospital Premises, First Floor, Belagam, Parvathipuram, 535501",Parvathipuram,Andhra Pradesh,08963 222088,18.781716,83.426752
"Odisha Red Cross Blood Bank, Koraput","District Head Quarter Hospital, Janiguda, 764020",Koraput,Odisha,06852 252101,18.805606,82.705017
"Odisha Red Cross Blood Bank, Khurda","District Head Quarter Hospital, CDMO Campus, At/Po/Dt-Khordha, 752055",Khordha,Odisha,06755 223978,20.0553881,84.9466673
Asha Kiran Society Blood Bank,"Lamtaput, Koraput, 764081",Lamtaput,Odisha,06868 272213,18.599153,82.601739
M/s. NTR Area Hospital Blood Bank,"APVVP Hospital Premises, Anakapalli, Visakhapatnam, 531001",Anakapalli,Andhra Pradesh,08924 223340,17.686427,83.218576
District Headquarters Hospital,"Blood Bank Medical Officer, Blood Bank, District Headquarters . Hospital, Rajahmundry, 533101",Rajahmundry,Andhra Pradesh,9849520969,17.019708,81.791631
"Odisha Red Cross Blood Bank, Nabarangpur","District Head Quarter Hospital, Miriganiguda, 764059",Nabarangpur,Odisha,6858222360,19.22886,82.56679
M/s. Indian Red Cross Society Blood Bank,"D.No: 8-14-39, Ground & 1st  Floor, Red Cross Street, Gandhi Nagar, Kakinada, 533004",Kakinada,Andhra Pradesh,0884 2385800,16.989065,82.247465
Maharani Hospital Blood Bank,"Lt. brkm .govtmedical college jagdalpur
chandni chouk jagdalpur, 494001",Jagdalpur,Chhattisgarh,07782-225958,19.085071,82.023963
"Odisha Red Cross Blood, Paralakhemundi","District Hospital, Paralakhemundi,Gajapati, 761200",Gajapai,Odisha,"06815 222467, 06815 222787",18.771476,84.096865
M/s. Anil Neerukonda Hospital  Blood Bank,"Sangivalasa, Bheemunipatnam (M), Visakhapatnam District, 531162",Sangivalasa,Andhra Pradesh,8912821111 (Exte. No. 126),17.97256,83.432338
Indian Red Cross Society Blood Bank Tanuku  (Repeated),"IRCS Sub Branch Doorno 27-14-9, Dodipatlavari Street, 
Tanuku, West Godavari District, 534211",Tanuku,Andhra Pradesh,8819221184,16.757173,81.679963
M/s. N.T.R. Memorial Trust Blood Bank,"P. No. 15B-3-1, Block No. 56, Waltair Main Road, Ramnagar, Visakhapatnam, 530002",Visakhapatnam,Andhra Pradesh,"0891 2565858, 0891 2555858",17.691575,83.238891
Lions Club Matadin Goel Blood Bank,"Blood Bank Medical Officer,  Lions Club Matadin Goel Blood Bank, Himayatnagar, Hyderabad,, 500029",Hymayathnagar,Telangana,040 23226624,17.403106,78.479609
M/s. Apollo Hospital Heart & Kidney Centre Blood Bank,"D.No.10-50-80, 1st Floor, Apollo Hospital, Waltair Main Road, Visakhapatnam., 530002",Visakhapatnam,Andhra Pradesh,0891 2727272,17.717084,83.309208
"Odisha Red Cross Blood Bank, SDH, Baliguda","Sub-Divisional Hospital, Near SBI, Balliguda, 762103",Baliguda,Odisha,6846243195,20.200309,83.909889
Indian Red Cross Society Blood Bank,"D.No. 71/82, Near Ganesh Temple, Cantonment,  Vizianagaram, 535003",Vizianagaram,Andhra Pradesh,08922 272700,18.106658,83.395551
NALCO Hospital Blood Bank,"Sector 3, Damanjodi, 764020",Damanjodi,Odisha,06852 254515,18.760347,82.9011261
"M/s. Government General Hospital, Blood Bank.","Government General Premises, Ground Floor, Kakinada, 533001",Kakinada,Andhra Pradesh,0884 2302008,16.955537,82.22748
Gems Hospital Blood Bank,"Gems Hospital Premises, Ragolu, Srikakulam, 532001",Ragolu,Andhra Pradesh,NA,18.289087,83.9056
M/s. Indian Red Cross Society Blood Bank,"D.No:14-35-4, Behind Collecorate, Z..P. Junction, Maharanipeta, Visakhapatnam, 530002",Visakhapatnam,Andhra Pradesh,0891 2703953,17.686816,83.218482
District Head Quarters Hospital Blood Bank Bhawanipatna,"Hospital Road, SH 44,, 766001",Bhawanipatna,Odisha,06670 234952,19.901936,83.159977
Maharaja Krishna Chandra Gajapati Medical College Blood bank,"National Highway 59, Berhampur, Ganjam, 760004",Berhampur,Odisha,0680 2292534,19.312434,84.810241
M/s. Government Victoria Hospital Blood Bank,"Women & Children Hospital Blood Bank, Visakhapatnam, 530001",Visakhapatnam,Andhra Pradesh,0891 2562637,17.686816,83.218482
"Odisha Red Cross Blood bank, SDH, Gunupur","sub- Divisional Hospital Gunupur, SDH Campus, 765001",Gunupur,Odisha,8596985766,19.071552,83.809261
M/s. Government Headquarters Hospital Blood Bank,"Government Headquarters Hospital, Ground Floor, R.R. Peta, Eluru, West Godavari, 534006",Eluru,Andhra Pradesh,08812 220333,17.006153,81.782132
HAL Hospital Blood Bank,"Sunabeda, Koraput, 763002",Sunabeda,Odisha,"06853 220234, 06583 220572",18.729641,82.8215279
M/s. King George Hospital (KGH) Blood Bank,"King George Hospital, Maharanipeta, Visakhapatnam, 530002",Visakhapatnam,Andhra Pradesh,0891 2564891,17.70667,83.303737
Christian Hospital Blood Bank Nabarangpur,"Christian Hospital, Nabarangpur, Mission Compound, 764059",Nabarangpur,Odisha,06858 222566,19.2392509,82.547666
M/s. Lions Club of Visakhapatnam Blod Bank Trust,"D. No.10-54-7, Lions Community Hall, Ram Nagar, Visakhapatnam, 530002",Visakhapatnam,Andhra Pradesh,"0891 6692587, 0891 6692580, 0891 6692590",17.719063,83.311286
M/s. Good Samaritan Blood Bank,"D.No.13-1, Good Samaritan Cancer and General Hospital, Vangayagudem, Eluru, West Godavari, 534001",Eluru,Andhra Pradesh,"08812 246430, 08812 246947",18.179738,83.39551
Dr. Mulla Pudi Harischandra Prasad Red Cross Blood Bank,"D.No.27-14-9, Doddipatla Vari Street, Tanuku., 534215",Tanuku,Andhra Pradesh,08819 221184,16.757173,81.679963
Indian Red Cross Society (IRCS) Blood Bank,"D.No. 8-5-2/A, Opposite to Bapuji Kalamandir, Srikakulam, 532001",Srikakulam,Andhra Pradesh,"08942 226555, 08942 226111",18.296359,83.894549
Christian Hospital Blood Bank,"Bissam Cuttack, Rayagada, 765019",Bissam Cuttack,Odisha,06863 247505,19.516658,83.506689
Rajiv Gandhi Institute of Medical Sciences (RIMS) General Hospital Blood Bank,"RIMS Government Hospital Premises, Balaga, Srikakulam, 532001",Srikakulam,Andhra Pradesh,08942 279679,18.312884,83.887717
M/s. Visakha Steel General Hospital Blood Bank,"Ukkunagaram, Steel Plant, Visakhapatnam, 530032",Gajuwaka,Andhra Pradesh,0891 2887722,17.662908,83.144127
Nalwa Pathology and Microbiology Laboratory Blood Bank,"SCF-83, Commercial UE-1, Red Square market, 125001",Hisar,Haryana,"01662-236218, 01662 230699",29.157025,75.722428
Ratangarh General Hospital Blood Bank,"Man Nagar, Churu, 331022",Ratangarh,Rajasthan,"01567 222330, 01567-222924",28.07138,74.623013
Gupta Hospital Blood Bank,"2/A, Power House Road, Near Jindal Heart Hospital, 151001",Bathinda,Punjab,"0164 2212377, 0164 2217041",30.207465,74.950084
Mansa Civil Hospital Blood Bank,"Water Works Road, Civil Hospital, 151505",Mansa,Punjab,"01652220208, 01652 222102",29.985368,75.40316
Adesh Institute of Medical Sciences and Research Blood Bank,"NH- 7, Barnala Road, Bhucho, Tehsil Nathana, 151101",Bathinda,Punjab,"01645055015, 0164 5055084, 0164 5055000",30.222218,75.058662
Nabha Civil Hospital Blood Bank,"Nabha, 147201",Nabha,Punjab,"01765 226361, 01765 220 644",30.370999,76.146125
Kailash Hospital Blood Bank,"Delhi-Jaipur NH-08, Behror, Near Bharat Petrol Pump, 301701",Behror,Rajasthan,"01494 222222, 01494 222444",27.88214,76.286106
Goyal Jan Suvidha Charitable Blood Bank,"Sanjay Place, 282002",Agra,Uttar Pradesh,0562 3255164,27.198683,78.003769
Agrasen Blood Bank,"Puran mal Phoola Devi Memorial Trust, Maharaja Agrasen Hospital Campus, Sector No-7, Vidyadhar Nagar., 302023",Jaipur,Rajasthan,"0141 2335569, 0141 2572954",26.957297,75.777845
Narayana Multispeciality Hospital Blood bank,"Sec-28, Kumbha Marg, Prathap Nagar-Sanganer,, 302033",Jaipur,Rajasthan,"0141 7122222, 0141 5192939, 0141 5192901",26.794932,75.824591
Jagdambe Blood Bank,"Aggarwal Hospital, Kali Mandir Road, Bhatia Nagar, Tohana, Near Ram Bhawan, 125120",Tohana,Haryana,01692 230692,29.715587,75.900961
Purohit Charitable Trust Blood Bank,"11-12 G Block, Gaushala road, 335001",Sriganganagar,Rajasthan,0154 2489635,29.923281,73.874708
Pushpa Devi Memorial Blood Bank,"52-53, Ashok Vihar, Ambabari Bridge, Behind petol pump, Jhotwara Road, 302012",Jaipur,Rajasthan,0141-2336135,26.938802,75.780923
North Western Railway Hospital Blood Bank,"Beawar Road, Ramganj,, 305001",Ajmer,Rajasthan,"0145 2461004, 0145 2460402,  0145 246006",26.439622,74.639781
Lion Charitable Trust Blood Bank,"Near Kanoi Balika School, Adarsh Colony, Ramgariya Dharamshala Road., 331507",Sujangarh,Rajasthan,"01568 225300, 01568-225307",27.697179,74.471967
Malerkotla Civil Hospital Blood Bank,"Railway Rd, Agar Nagar, 148023",Malerkotla,Punjab,01675 253057,30.26952,75.809513
Mahatma Gandhi Hospital Blood Bank,"Jalori Bari Road, Jaswant Sarai, Ratanada, 342001",Jodhpur,Rajasthan,"0291 263 9851, 0291 2636437, 6438, 6439",26.282878,73.018759
Fortis Escorts Hospital Blood Bank,"Jawahar Lal Nehru Marg,  Malviya Nagar., 302017",Jaipur,Rajasthan,"0141254700, 0141 409 7109",26.846176,75.803437
Life Line Blood Bank,"1st floor Bombay hospital campus, Town Road, Hanumangarh Junction, 335512",Hanumangarh,Rajasthan,01552 269135,29.609166,74.297906
Mittal Hospital and Research Centre Blood Bank,"Pushkar Road, 305004",Ajmer,Rajasthan,0145 2603600,26.474396,74.612285
General Hospital Bhiwani Blood Bank,"Bhiwani, Park Colony, Vijay Nagar, Bhiwani,, 127021",Bhiwani,Haryana,01664 253014,28.797229,76.13081
Metro Blood Bank,"Metro Manas Arogya Sadan (MAS) Heart Care and Multispeciality Hospital
Shipra Path, Mansarovar, Near Technology Park, 302020",Jaipur,Rajasthan,"0141-6661234, 0141 2786001",26.868106,75.768461
Sevaytan Swasthay Kalyan Blood Bank,"Sevayatan Hospital, Ajmer Rd, Mittal Colony, Sodala, 302006",Jaipur,Rajasthan,1412220290,26.901102,75.770403
District Hospital Blood Bank,"Banda, 251001",Muzaffarnagar,Uttar Pradesh,0131 2440407,29.478774,77.696912
Kalapurnam General Hospital Khichan Blood Bank,"Bhatiyara Mohalla, Jodhpur., 342308",Jodhpur,Rajasthan,"02925 222970,",27.115405,72.415203
Jaipuria Hospital Blood Bank,"Milap Nagar, Tonk Road, Jaipur, 302018",Jaipur,Rajasthan,"0141 2552034, Extn. 200",26.856547,75.800524
Sadat Government Hospital Blood Bank,"Sadat Government Hospital, Bahir Colony, Tonk, 304001",Tonk,Rajasthan,"01432 247416, 01432 244160",26.176904,75.785332
Government BDM Hospital Blood Bank,"Kotputli,  NH-8, Near Morargi Dhramsala, 303108",Kotputli,Rajasthan,01421 222088,27.702019,76.190905
Rampura Phul Civil Hospital Blood Bank,"Cinema Road, Dashmesh Nagar, 151103",Rampura Phul,Punjab,01651 220700,30.274566,75.235609
"RAJKIYA MAHILA CHIKITSALAYA, AJMER","LOHAGAL ROAD, AJMER, 305001",Ajmer,Rajasthan,0145 2789212,26.52447481,74.66235606
Getwell Hospital and Research Center Blood Bank,"Opp.S.K. School,Near, Dr.B.L.Ranwa (Physician), 332001",Sikar,Rajasthan,"01572 271 101, 01572 270173, 01572 270101",27.611508,75.149061
Government Hospital Blood Bank,"Sojat, 306104",Sojat City,Rajasthan,02960 222030,25.922226,73.663357
Military Hospital Blood Bank,"Military Hospital, Nasirabad, 305601",Ajmer,Rajasthan,01491 220045,26.310265,74.727086
Swastik Blood Bank,"Gagan Path, Jhawar Nagar, Jawahar Nagar, 335001",Sriganganagar,Rajasthan,0154 2463764,29.91577,73.87975
Dr. K.M. Memorial Jain Heart & General Hospital Blood Bank,"Station Road, Subhash Chowk, 332001",Sikar,Rajasthan,"01572 253034, 01572-250999",27.613529,75.145288
Zanana Hospital Blood Bank,"Chand-Pole Gate, Station Road, Reserve Police Line, 302006",Jaipur,Rajasthan,"0141 231 9350, 0141-2776205, 0141 2378721, 0141 2378219, 0141 2378204",26.925927,75.806748
Haryana Blood Bank,"16, Model Town, NearJjindal Hospital, 125001",Hisar,Haryana,0166 2221740,29.130234,75.74437
Government S.J. Hospital Blood Bank,"Hanuman Circle, 345001",Jaisalmer,Rajasthan,"02992 251335,  02992-250701",26.241797,73.021563
Government Mahila Chikitsalaya Blood Bank,"Opposite Sangneri Gate, Adarsh Nagar, 302003",Jaipur,Rajasthan,"0141-2610542, 0141 2601333, 0141 2601334",26.914775,75.824649
Tapovan Blood Bank,"Opposite to Jawahar Nagar Tehsil Bhawan, 335001",Sriganganagar,Rajasthan,"0154-2460412, 0154 2460514",29.913206,73.881827
Umaid Hospital Blood Bank,"Siwanchi Gate Road, Pratap Nagar, 342003",Jodhpur,Rajasthan,"0291 243 5730 (Ext:233), 0291 2435720",26.284673,73.009906
Barnala Civil Hospital Blood Bank,"Civil Hospital Barnala, Ram Bagh Road, 148101",Barnala,Punjab,01679 33042,30.375616,75.544877
Kothari Medical Centre and Research Institute Blood Bank,"NH-15, Bangla Nagar, Bikaner., 334004",Bikaner,Rajasthan,9414506583,28.02578,73.298469
Sanjeevani Jan Sewa Samiti Blood Bank,"2nd Floor, Chalana Hospital Campus, Sector-6, JN Vyas Colony, Near Police Station, 334001",Bikaner,Rajasthan,0151 2235035,28.011857,73.354305
Abohar Civil Hospital Blood Bank,"NH 15, Krishna Nagri, Near Lakarh Mandi, 152116",Abohar,Punjab,"0163 422 1400, 01634 500924",30.141667,74.198522
Prince Bijoy Memorial Man&#39;s Hospital Blood bank,"National Highway 89, SP Medical College Road, Near Ambedkar Circal, 334001",Bikaner,Rajasthan,"01512226333 Ext-125, 0151 2226334, 0151 2226338",28.012378,73.327022
Central Medical Centre (CMC) Hospital Blood Bank,"Near Dabra Chowk Over Bridge, Hisar, 125001",Hisar,Haryana,"01662 237476, 01662 232360",29.140858,75.734103
Government B.D.K. Hospital Blood Bank,"Man Nagar, Opposite Bus Depot, Road No:1, 333001",Jhunjhunu,Rajasthan,"01592234789, 01592 232199, 01592 232524",28.116641,75.395501
General Hospital Blood Bank Sirsa,"Room No 25, G.H Sirsa, Near Jhunthra Dharmsala Sirsa, 125055",Sirsa,Haryana,"01666241155, 01666 240122",29.538977,75.014269
Apex Swasthya Kalyan Blood Bank,"Apex Hospital Pvt. Ltd.
SP-4 & 6, Malviya Nagar Industrial Area, Malviya Nagar,, 302017",Jaipur,Rajasthan,"0141 4101111, 0141 2751870, 0141 2751006",26.854701,75.82519
Birla Sarvajanik Hospital Blood Bank,"13, Chirawa-Pilani Rd, Norangpura, Pilani, 333001",Jhunjhunu,Rajasthan,01596 242 114,28.358777,75.604018
Mathura Das Mathur Government Hospital Blood Bank,"Main RoadMain Road, Sector-C, Shastri Nagar, Jodhpur., 342003",Jodhpur,Rajasthan,0291 2624300,26.266415,73.009226
General Hospital Blood Bank Fatehabad,"District Blood Tranfusion Center, General Hospital 
Fatehabad, 125050",Fatehabad,Haryana,01667-222443,29.517629,75.448988
S.K. Hospital Blood Bank,"silver Jubilee Road, Near SK College, 332001",Sikar,Rajasthan,"01572 270 499, 01572 251093",27.61311,75.150577
Life care Blood Bank,"Life Care Blood Bank,  Shri Balalji Hospital Campus,  46-D, Paramhans Colony,  Murlipura, Jaipur., 302032",Jaipur,Rajasthan,0141 223 6108,26.967938,75.766452
Dr. Anant Ram Janta Hospital Blood Bank,"Hospital Road, Hisar, Barwala, 125121",Hisar,Haryana,0169 324 2096,29.363162,75.901772
Max Super Speciality Hospital Blood Bank,"NH-64, Near Bathindha District Civil Hospital, Mansa Road, 151001",Bathinda,Punjab,0164 6601400,30.192388,74.946979
Manglam Blood Bank,"No 139, NH10-Tosham Road Connection Road, New Model Town, Jindal Hospital Road,, 125005",Hisar,Haryana,"01662 248767, 01662223367",29.131899,75.744839
S.K. Soni Blood Bank,"Sector 5, Vidhyadhar Nagar,  Main Sikar Road,, 302013",Jaipur,Rajasthan,"1415163940, 0141 5164000, 0141 2232409, 10, 12",26.968848,75.773365
Military Blood Bank Bathinda,"Military Blood Bank,  Bathinda, 151004",Bathinda,Punjab,0164 2291174,30.216442,74.986339
Kanun Devi Parasmal Mehta Medical and Blood Bank,"733, 1st - C Road, Sardarpura, 342003",Jodhpur,Rajasthan,"0291 5106836, 5107835",26.27777,73.015288
Mahatama Gandhi National Institute of Medical Sciences (MGNIMS) Blood Bank,"Riico Institutional Area, Sitapura, Tonk Road,, 302022",Jaipur,Rajasthan,"0141 2771777  ext 109/110, 0141 2770900",26.770811,75.855209
Sangrur Civil Hospital Blood Bank,"Mubarik Mehal Colony, Dhuri Road, Mahavir chowk, 148001",Sangrur,Punjab,0167 2230130,30.251874,75.836328
AIIMS Hospital Blood Bank,"Basni Industrial Area, Phase-2, Jodhpur., 342005",Jodhpur,Rajasthan,0291 2740741,26.241422,73.004365
Sawai Man Singh (S.M.S) Hospital Blood Bank,"J.L.N. Marg, Near Maharani College, 302004",Jaipur,Rajasthan,"0141 2560291, 0141 2569885, 0141 261 9020, 0141 2518434, 8234",26.906044,75.816216
General Hospital Blood Bank Hisar,"Civil Hospital Blood Bank, Near Bus Stand, 125001",Hisar,Haryana,01662 275566,29.17,75.718602
Government D.B. Hospital Blood Bank,"Near Polica Line, Churu., 311001",Churu,Rajasthan,01562 250333,28.28984,74.959757
Bapu Maghar Singh Ji International Blood Bank,"Shah Satnam Singh Ji Speciality Hospital, 
Nohar Bhadra Road,Shahpur Begu, Near Shah Satnam Ji Dham, Dera Sacha Sauda, 125055",Sirsa,Haryana,"0166 6238687, 01666238659",29.467914,75.068864
Swasthya Kalyan Blood Bank and Thalesemia Research Center,"Swasthya Kalyan Bhawan, Narain Singh Road,  Near Trimurti Circle., 302003",Jaipur,Rajasthan,"0141 2545293, 0141 721771",26.916784,75.829997
Fazilka Civil Hospital Blood Bank,"Railway Colony, 152123",Fazilka,Punjab,01638 267444,30.40713,74.024688
National Institute of Medical Sciences Blood bank,"Shobha Nagar, Jaipur-Delhi Highway (NH-11C), 303121",Jaipur,Rajasthan,"0142 6513118, 0141 2605050",27.192337,75.954816
Amrit Kaur Government Hospital Blood Bank,"Rajasthan State Highway 59, Champa Nagar, 305901",Beawar,Rajasthan,01462 257222,26.080635,74.326431
"Maharaja Agrasen Medical College, Agroha, Blood Bank","Opp. Agroha Dham, 125047",Hisar/Agroha,Haryana,01669-281193/94 (Ext. 225),29.336707,75.622627
Government Hospital Blood Bank,"Bikaner Road, Near Balwa Nagaur, 341001",NAGAUR,Rajasthan,01582 242985,27.207987,73.737224
Military Hospital Blood Bank,"Cantt Area, Jodhpur., 342006",Jodhpur,Rajasthan,0291 2566257,26.289543,73.047169
Jodhpur Medical College,"Near Sriram Excellency Hotel, Opposite Petrol Pump,
Jodhpur., 342003",Jodhpur,Rajasthan,"0291 1281551, 0291 2434374",26.269415,73.007401
Bhagwan Mahaveer Cancer Hospital & Research Centre Blood Bank,"Jawahar Lal Nehru Marg, Bajaj Nagar, Near Saras Sankul, 302017",Jaipur,Rajasthan,0141-2700107 (Ext:275),26.863267,75.805818
J.L.N. and A.G. Hospital Blood Bank,"JLN Hospital,  Ajmer, 305004",Ajmer,Rajasthan,"0145 2431842, 0145 2627686, 0145 2625500,5509",26.469566,74.636014
Government Y.N. Hospital Blood Bank,"Kishangarh Road, Mitra Niwas Colony
Near R.K House, 305801",Kishangarh,Rajasthan,01463 245602,26.581635,74.861008
Santokba Durlabhji Medical Hopsital Blood bank,"Santokba Durlabhji Memorial Hospital cum Medical Research Institute
5th Floor, SDMH OPD Block, Bhawani Singh Road, Bapu Nagar, 302015",Jaipur,Rajasthan,"0141 256 6251, 0141-5196655",26.893786,75.812174
Shri MunshiRam Mittal Memorial Seva Samiti Blood bank,"Opposite to  S.K. School, Silver Jubilee Road,, 332001",Sikar,Rajasthan,"01572 270777, 01572 240404",27.612976,75.150611
Bhathinda Civil Hospital Blood Bank,"Mansa Road, Opposite Police Lines, 151001",Bathinda,Punjab,1642240208,30.19344,74.947545
Government Hospital Blood Bank,"Hardeep Colony, Sri Ganganagar., 335001",Sriganganagar,Rajasthan,0154 2466009,29.903133,73.873964
Monilek Hospital and Research Center Blood Bank,"Sector 4, Jawahar Nagar,  Monilek meag Jawahar nagar, Near UDB Building jawahar nagar, 302004",Jaipur,Rajasthan,"0141 2651393, 0141 2653022",26.88687,75.83414
Sarvodaya Blood Bank services,"Sravodaya Multi Speciality Hospital 
Opp. Red Cross Bhawan, Delhi Road, Hisar, 125001",Hisar,Haryana,0166 223 1031,29.1409,75.733801
Ambika Hospital Blood Bank,"B-22,23, Saraswati Nagar,  Madhuban Housing Board, Basni, 342005",Jodhpur,Rajasthan,"0291-2721223, 0291 2721316",26.231723,73.021055
Shiv Shakti Blood Bank,"Guru Gobind Singh Marg, B Block,Opposite to Valmiki Chowk, 125055",Sirsa,Haryana,"01666 234735, 01666 234117",29.536432,75.022062
Dr. Mankar Memorial Blood Bank,"Mankar Hospital, 2nd Floor, Dr. Mankar Smruti Building, Aastha Hospital, Opposite to Khandelwal CT-Scan Centre, Amanakha Plot,  Civil Line, Akola, 444001",Akola,Maharashtra,0724 2457530,20.724952,77.04278
Saibai Mote General Hospital Blood Bank,"Saibai Mote General Hospital, Shegaon, Buldhana, 444203",Buldhana,Maharashtra,07265 252020,20.795868,76.696688
Jeevanshri Raktapedi,"Ist Floor, Rasmanju Complex, Bhagwat Road, Amalner, 425401",Jalgaon,Maharashtra,9226894187,21.045399,75.063926
Dr. Murlidhar Kharche Memorial Jeevan Jyoti Blood Bank,"Bharat Kala Road, Malkapur, Buldhana, 443101",Buldhana,Maharashtra,07267 26700,20.886486,76.207174
Kailash Cancer Hospital & Research Centre Blood Bank.,"At: Muni seva ashram, po: Goraj, Tal : Waghodiya, Dist : vadodara, State : Gujarat., 391760",Vadodara,Gujarat,"0265 3961300, 0265 3961357",22.334629,73.464162
District Hospital Blood Bank,"District Hospital, 461331",Harda,Madhya Pradesh,07577 223102,22.340634,77.093043
Suraktam Blood Bank Vadodara,"Suraktam Blood Bank, G-7, Blue Chip Building, Near Stock Exchange, Sayajiganj, Vadodara, 390005",Vadodara,Gujarat,"0265 2363660, 0265 2225903",22.307765,73.18633
Madhavrao Golwalkar Swayamsevi Blood Bank,"11-255-J-JMP Market, Chitra Chowk, Near Kombadi Bazar, Jalgaon, 425001",Jalgaon,Maharashtra,"0257 2234590, 0257 2261979",21.016507,75.564845
Government Hospital Blood Bank,"General Hospital Shegaon Road, Khamgaon, Buldhana, 444303",Buldhana,Maharashtra,"07263 255332, 07263 254571",20.708409,76.566704
District Hospital Blood Bank,District Hospital,Alirajpur,Madhya Pradesh,07394 235504,22.184448,74.211956
Late  Shri Mukeshbai Patel Blood Bank,"Shree Swami  Samartha Vaidyakiya  Shaikshanik and Sanshodhan Sanstha, Late  Shri Mukeshbai Patel Blood Bank, 1st Floor, Agrasen  Patpedhi, Maharaja Complex  Shirpur, Dhule, 424001",Dhule,Maharashtra,"09823142895, 08421756756",21.458578,74.961094
S. S. G. Hospital Vadodara,"Blood Bank, The Government Medical College and S.S.G. Hospital, Vadodara, 390001",Vadodara,Gujarat,0265 2424848,22.307133,73.189731
Jankalyan Rakta Pedhi,"Nandurbar,1st Floor, Vivekanand Hospital, Desaipura, Nandurbar, 425412",Nandurbar,Maharashtra,"02564 226934, 02564 226935, 02564 222226",21.36433536,74.24463853
Murlidhar Kripa Hospital Blood Bank,"Murlidhar Kripa Hospital of JK Mansingh Ka Trust, Maxi District, Shajapur, 465106",Maxi,Madhya Pradesh,"07363 233426, 07363 233428",23.2506645,76.1374297
Mittal Hospital Blood Bank,"Narsingh Chopati, Dhar, 454001",Dhar,Madhya Pradesh,"07292 222451, 07292 222453",22.595954,75.299087
Maliba Raktdan Kendra (IRCS),"Blood Bank, Indian Red Cross Society, Maliba Raktadan Kendra, Bhikhiba Redcross Bhavan, Vilasini K. Desai aarogya Sankul, Near Vanchetana, Near Kakrapar, Vyara, Tapi, 394651",Vyara,Gujarat,02626 290181,21.118758,73.404128
Shahada Blood Bank (Whole Human Blood),Shahada,Dhule,Maharashtra,02565 223446,21.554796,74.472875
General Hospital Blood Bank Ahwa,"Blood Bank, General Hospital, Ahwa, Dang, 394710",Ahwa,Gujarat,02631 220205,20.761612,73.689241
Nirnay Janseva Blood Bank,"Fulwala Chowk, (C.S.No.1415/A/1/A) Lane No. 4  Dr. Odhekar Building, Agra Road, 424001",Dhule,Maharashtra,02562 238262,20.904116,74.77767
Jawahar Medical Foundation Blood Bank,"Hutatma Shririshkumar Nagar, Opposite to Jawahar Suthgirani, Morane, Sakri Road, Dhule, 424001",Dhule,Maharashtra,"02562 276317, 02562 277298",20.90361,74.741293
Civil Surgeon General Hospital Blood Bank,"District General Hospital Compound, Z.P. Road, Akola, 444001",Akola,Maharashtra,0724 2434401,20.702666,77.001984
Godavari Foundation Blood Bank,"Hospital Building, 2nd Floor, Gate No. 315/316/321/305 Jalgaon - Bhsawal Road, N.H. No. 6,  Jalgaon (kh), 425309",Jalgaon,Maharashtra,"0257 3058539, 0257 3058526",21.023689,75.705103
M/s. Jalgaon Blood Bank and Component,"Near Mahesh Pragati Bhavan, Ring Road, Jalgaon, 425002",Jalgaon,Maharashtra,0257 2222278,21.00408,75.493766
District Hospital Blood Bank,"District Hospital, 451551",Barwani,Madhya Pradesh,07290 222025,22.02134,74.541084
District Hospital Blood Bank,"Bhoj District Hospital, Mandu Road, 454001",Dhar,Madhya Pradesh,07292 235246,22.594249,75.308054
Askaran Tarachand Jain Blood Bank,"Jawahar Market, First Floor, Near Police Station Chopda, Jalgaon, 425107",Jalgaon,Maharashtra,"02586 221019, 02586 220457, 02586 220468",21.008464,75.568216
District Hospital for Women Blood Bank,"Plot No.2, OPD Building, District Hospital for Women, Near Durga Chowk, Akola-444005, 444001",Akola,Maharashtra,"0724 2433398, 0724 2433778",20.714492,77.008904
"Medical Care Centre Trust, Shri Jalaram Blood Bank, Vadodara","Medical Care Centre Trust, Shri Jalaram Blood Bank, Kashiben Gordhandas Patel Children Hospital,Surajben Gordhanbhai Patel Women&#39;s Hospital, Jalaram Marg, 
Karelibaug, Vadodara, 390018",Vadodara,Gujarat,0265 2464130,22.314965,73.195356
District Hospital Blood Bank,"District Hospital, 450001",Khandwa,Madhya Pradesh,0733 2230779,21.824535,76.343016
Jivan Jyoti Hospital Blood Bank,"Meghnagar, 457779",Meghnagar,Madhya Pradesh,"07392 243312, 07390 284455",22.913396,74.53969
Dhiraj General Blood Bank Vadodara,"Dhiraj General Blood Bank, Mu. Post:-Waghodiya, Pipariya, Vadodara, 391760",Vadodara,Gujarat,"02668 225264, 02668 245265, 02668 245266",22.30732,73.181079
Indian Red Cross Society Blood Bank,"Near Civil Hospital, Athwadi Bazar, Opposite to B.J.Market, Jalgaon, 425001",Jalgaon,Maharashtra,"0257 2226233, 0257 2236255, 0257 2235855",21.011122,75.567945
GMERS Medical College and General Hospital Blood Bank,"Blood Bank, GMERS General Hospital and Medical College, 
Gotri, 390021",Vadodara,Gujarat,"0265 2398008, 0265 6541395",22.313751,73.148086
ICON Blood Bank - Ganediwal Charitable Trust,"Ganediwal Charitable Trust, ICON Blood Bank, ICON Hospital, Kedia Plot, Akola",Akola,Maharashtra,0724 2411263,20.713446,77.011958
Sahada Blood Bank - Shree Swami  Samartha Vaidyakiya  Shaikshanik and Sanshodhan Sanstha,"C/o. 1st Floor, Shushrut Hospital, Khetiya Road, Survey 
No. 67/3, Plot No. 3, Sahada, Nandurbar, 425409",Nandurbar,Maharashtra,9371855918,21.554798,74.472874
Chandubhai Somabhai Patel Blood Bank,"Chandubhai Somabhai Patel Blood Bank (of Arogyaseva Mandal), Rashtriyapura, Amravati Road, 450331",Burhanpur,Madhya Pradesh,07325 255133,21.304,76.224
Dr. Vivek Pimpalkar Blood Bank,"Najul Shit No. 408, Plot No-9/7, Krishna Kripa Building,  M.G.Road, Akola, 444101",Akola,Maharashtra,0724 2438271,21.106181,77.072925
Shri Bhausaheb Hire Government Medical College and Hospital Blood Bank,"Civil Hospital Compound, Sakri Road Dhule, 424001",Dhule,Maharashtra,02562 288833,20.863814,74.761869
Navjeevan Medical Relief & Research Society&#39;s Shree Navjeevan Blood Bank and Component Laboratary,"Plot No. 39, S. No. 579/3+5, Sushil Nagar Behind Vaibhav Nagar, Dhule.(424001)(M.S.), 424001",Dhule,Maharashtra,"02562 245662, 02562 246289, 02562 244662",20.894428,74.759698
Jeevan Jyoti Blood Bank,"3252 Agra Road, Near Prabhakar Theater, 424001",Dhule,Maharashtra,02562 232807,20.897883,74.775354
Dhanwantri Blood Bank,"H. No. 5/464/1, T. P. Scheme, No-1, Survey No 124/1/3A Plot No. 777/3, Jamner Road, Rangoli Hotel, Jawal Anand Nagar Bhusawal, Jalgaon, 425201",Jalgaon,Maharashtra,02582 243243,21.034297,75.781029
Civil Hospital Blood Bank,"Civil Hospital Blood Bank, Dixit Wadi, Zilha Peth, Jalgaon, 425001",Jalgaon,Maharashtra,"0257 2226642, 0257 2252145",21.00845,75.568216
Arpan Blood Bank,"Atul Medical and Rehabilitation Society, Arpan Blood Bank,  Jain Oswal Boarding, Ganpati Road, Near Santoshi Mata Mandir, Dhule, Nashik, 424001",Dhule,Maharashtra,"02562 229163, 02562 229164, 02562 229165",20.904116,74.77767
LPS Institute of Cardiology,"Mall Road, Sarvodaya Nagar, 208002",Kanpur,Uttar Pradesh,0512 2532269,26.481154,80.303811
Bhailal Amin General Hospital Blood Bank,"Blood Bank, Bhailal Amin General Hospital Blood Bank, 
Alembic Road, Vadodara",Vadodara,Gujarat,"0265 2307038, 0265 2307039, 0265 2286666",22.325426,73.163239
Akola Diagnostic Centre Blood Bank and Component Lab,"Shivshirsh, Opposite to Gajanan Hospital, Ramnagar, Akola, 444001",Akola,Maharashtra,0724 2458777,20.70644,77.011207
Indu Blood Bank Vadodara,"Indu Blood Bank, III Floor, Vinraj Plaza, Opposite to Government Press, Khoti, Vadodara, 390001",Vadodara,Gujarat,"0265 2437676, 0265 2411477",22.304204,73.1935
Civil Surgeon - District General Hospital Blood Bank,"Nandurbar, Railway Station Road Survey No.406, Civil Hospital Compound,  Sakri Road, Near Collector Office Nandurbar, 425412",Nandurbar,Maharashtra,"02564 202510, 02564 210135, 02564 226225, 02564 210122",21.33867,74.234768
District Hospital Blood Bank,"District Hospital, Sanawad Road, 451001",Khargone,Madhya Pradesh,07282 250702,21.831932,75.628611
"Indian Red Cross Society (IRCS), Kalol, Gandhinagar","Blood Bank, Indian Red Cross Society, Sheth C.S. Municipal Hospital, Kalol, Gandhinagar, 382721",Gandhinagar,Gujarat,02764 227836,22.608583,73.459578
Shree Sardar Smarak Hospital Blood Bank,"Blood Bank, Shree Sardar Smarak Hospital Blood Bank, 
Station Road, Sardar Baug, Bardoli, Surat, 394602",Surat,Gujarat,"02622 220089, 02622 220507",21.130451,73.108096
Shriram Blood Bank,"T. K. Chambers, Ratanlal Plot, Akola, 444005",Akola,Maharashtra,"0724 2433175, 0724 2432175",21.106181,77.072925
District Hospital,"District Hospital, 450331",Burhanpur,Madhya Pradesh,07325-251166,21.204824,76.114212
"Nathani Voluntary Blood Bank,  Rajkot","Nathani Voluntary Blood Bank and Blood Tranfusion. 
11, Tejash Building,20/22, New Janpath Plot, Rajkot",Rajkot,Gujarat,"0281 2480659, 0281 6522111",22.2943,70.788614
SMIMER Hospital Blood Bank,"Blood Bank, Surat Municipal Institute for Medical Education and Research, (SMIMER), Umarwada, Surat, 395010",Surat,Gujarat,"0261 2368040, 0261 2368041, 0261 2368042, 0261 2368043, 0261 2368044 (Extn.1728,1729)",21.196246,72.845477
Shri Jivanprakash Foundation Voluntary Blood Bank,"Shri Jivanprakash Foundation Voluntary Blood Bank, Vikram Commercial Complex, Sardar Baug Road, Junagadh, 362001",Junagadh,Gujarat,"0285 2630672, 0285 2631672",21.520902,70.453799
Jagruti Charitable Trust Blood Bank Dhoraji,"Jagruti Charitable Trust Blood Bank, Azad Chowk, Three Gate, Dhoraji, Rajkot, 360410",Rajkot,Gujarat,02824 222485,21.731878,70.450128
Sir T. General Hospital Blood Bank,"Blood Bank, Sir T. General Hospital, Dr. H. L. Vaidhya Marg, 
Kalanala, Bhavnagar, 364001",Bhavnagar,Gujarat,"0278 2520091, 0278 2423250",21.767673,72.141981
Smt. Sonalien A. Shah Blood Bank,"Blood Bank, Omkar Paramedical Charitable Trust Organization, Smt. Sonaliben A. Shah Blood Bank, 2nd Floor, Patel Chamber,Paliad Road, Botad, Bhavnagar",Bhavnagar,Gujarat,"0278 255361, 0278 256099",22.178967,71.651792
Jetpur Medical Foundation Trust Blood Bank Jetpur,"Blood Bank, Jetpur Medical Foundation Trust, 2nd Floor, opp. Union Bank of India, Kanakiya Plot, Jetpur, Rajkot, 360370",Rajkot,Gujarat,02827 226123,21.757189,70.622644
Rajkot Voluntary Blood Bank and Research Centre,"Rajkot Voluntary Blood Bank and Research Centre, 
Pitroda House, Malaviya Road, Rajkot, 360002",Rajkot,Gujarat,0281 2234242,22.287302,70.8003
General Hospital Blood Bank Porbandar,"Blood Bank, General Hospital, Porbandar, 360575",Porbandar,Gujarat,0286 2242910,21.636578,69.628472
Red Cross Blood Bank Rajkot,"Red Cross Building, 1st Floor, Suchak Road, Near Kundaliya College, Rajkot, 360001",Rajkot,Gujarat,"0281 2466260, 08866871717",22.295381,70.796956
Indu Voluntary Blood Bank,"Indu Voluntary Blood Bank Managed by Charotar Health Research Foundation Trust, Jashganga Complex, Station Road, Anand, 388001",Anand,Gujarat,02692 259596,22.596385,72.80717
New Civil Hospital Blood Bank,"Blood Bank, The New Civil Hospital, Outside Majura Gate, 
Surat, 395001",Surat,Gujarat,"0261 2230909, 0261 2244456 (ext 312), 0261 2244457, 0261 2244458, 0261 2244459, 0261 2208312",21.180272,72.821117
A.D. Gorwala Karamsad Blood Bank,"A.D.Gorwala Blood Bank, Pramukhswami Medical College and Shree krishna Hospital, Gokulnagar, Karamsad, Anand, 388325",Karamsad,Gujarat,"02692 228323, 02692 228324",22.539473,72.890433
General Hospital Blood Bank,"Blood Bank, General Hospital, Jamkhambhalia, Jamnagar, 361001",Jamnagar,Gujarat,02833 234704,22.208586,69.651914
"Lok Samarpan Raktadan Kendra, Surat","Lok Samarpan Raktadan Kendra Blood Bank, 
15, Miranagar, Opp.Saurastra Bhavan,
Mini Bazar, Varachha Road, 
Surat, 395006",Surat,Gujarat,"0261 2553020, 0261 2547575",21.219718,72.910619
Jamnagar Voluntary Blood Bank,"Jamnagar Voluntary Blood Bank, 1st Floor, Shakuntla Apart.
Hawai Chowk, Jamnagar",Jamnagar,Gujarat,"0288 2673339, 0288 2541070",22.461884,70.072017
Lions Club Khambat Blood Bank,"Blood Bank, The Secretary, Lions Club (Society), Lions Medical Centre, Pith Bazar, Khambhat, Anand District",Kambhat,Gujarat,02698 220516,21.520533,70.454461
General Hospital Blood Bank Junagadh,"Blood Bank, General Hospital, Azad Chowk, Mahatma Gandhi Road, Junagadh, 362001",Junagadh,Gujarat,"0285 2651436, 0285 2620652",21.520666,70.459367
Life Line Charitable Blood Bank,"156 A, Gulab Rai Marg, Delhi Gate, 282002",Agra,Uttar Pradesh,9997031902,28.33669,79.420104
Indian Red Cross Society Blood Bank Navsari,"Blood Bank, Indian Red Cross Society, B.K.Shah Red Cross Bhavan, Station Road, Navsari, 396445",Navsari,Gujarat,"02637 257452, 02673 253172",20.949882,72.918373
Navdeep Blood Bank,"Navdeep Blood Bank, Sankalp Complex, First Floor, 
S.T. Road,opp Dr. Chikkhalia Hospital, Junagadh",Junagadh,Gujarat,0285 2631127,21.520745,70.454426
Surat Health Care Foundation Blood Bank,"Blood Bank, Aminaben Gangat and Ayeshaben Patel Blood Bank, Surat Health Care Foundation, C/o. Lokhat Hospital, Nr. Rampura Petrol Pump, Rampura, Surat, 395003",Surat,Gujarat,"0261 2401362, 0261 2400094",21.195,72.819444
Indian Red Cross Society Blood Bank,"Blood Bank, Indian Red Cross Society, Sardar Bhavan, Opposite to Municipal Building, Sardar Ganj Road, Anand, 388001",Anand,Gujarat,"02692 243406, 02692 268822",22.554608,72.960402
Indian Red Cross Society Blood Bank Petlad,"Blood Bank, Indian Red Cross Society, Opposite to Ranchodji Temple, Petlad, Anand, 388450",Petlad,Gujarat,02697 222251,22.564674,72.96086
Shree Mahavir Health And Medical Relief Society Blood Bank,"Blood Bank, Shree Mahavir Health And Medical Relief Society, Shri B.D.Mehta  Mahavir Heart Institute, Shree Mahavir Health Campus,  Athwagate, Ring road, Surat, 395001",Surat,Gujarat,"0261 2471770, 0261 2462116",21.184104,72.813897
P.D.U. Medical College Blood Bank,"Blood Bank, P.D.U. Medical College and General Hospital,
R.Nc.102, Jamnagar Road, Rajkot, 360001",Rajkot,Gujarat,"0281 2450385, 0281 2458337, 0281 2458338, 0281 2458339",22.304595,70.799732
Surat Raktdan Kendra,"Surat Raktdan Kendra, Udhna Khatodara Health Centre, 
Near Chosath Joganiyo Mataji Mandir, Udhna, Magdalla Road, Surat., 394210",Surat,Gujarat,"0261 2630114, 0261 2635533",21.172667,72.829951
Bhavnagar Blood Bank,"Bhavnagar Blood Bank, Ofice No. 1,2,3 - Plot No. 1686, B-Wing, 1st Floor, Municipal Commercial Complex, Sardar Nagar Circle, Sardarnagar, Bhavnagar, 364001",Bhavnagar,Gujarat,0278 2561526,21.76982,72.160378
Bambhaniya Voluntary Blood Bank,"Bambhaniya Voluntary Blood Bank Trade Centre, Kalanain Circle, Bhavnagar, 364001",Bhavnagar,Gujarat,"0278 2224744, 0278 3004744",21.774103,72.143714
Tata Chemical Limited Blood Bank Mithapur,"Blood Bank, Tata Chemical Limited, Okhamandal, Mithapur, 
Jamnagar",Jamnagar,Gujarat,9227887029,22.205519,69.102536
Ghanshyam Pathlology Laboratory and Blood Bank,"Ghanshyam Pathlology Laboratory and Blood Bank, Krishna Road,  B/h . Mayfair Hotel, Anand, 388001",Anand,Gujarat,"02692 252744,   02692 252667",22.556549,72.963992
Indian Red Cross Society Blood Bank,"Indian Red Cross Society managed, C.R. Parikh Blood Bank, Indian Red Cross Society Building, Railway Station Road, 
Kapadwanj, Kheda, 387620",Kapadwanj,Gujarat,02691 263255,22.021536,73.0772
"Sardar Patel voulantary Blood Bank, Keshod","Sardar patel voulantary Blood Bank, 1st Floor Sheetal Building, Ramnagar station road, Keshod, Junagadh, 362220",Keshod,Gujarat,02871 233353,21.297078,70.246131
Navkar Charitable Trust Mahuva Blood Bank,"Blood Bank Navkar Charitable Trust, Opposite to Nagrik Bank, Vasi Talav, Mahuva, Bhavnagar, 364290",Bhavnagar,Gujarat,02844 224464,21.088961,71.769089
Tulsi Pathology Laboratory and Blood Bank,"Tulsi Pathology Laboratory and Blood Bank, Bhairav Para, 
Palitana, Bhavnagar",Bhavnagar,Gujarat,02848 252707,21.529208,71.824705
Lions Medical Trust Blood Bank Chikhali,"Blood Bank, Lions Medical Research and Educational Charitable Trust Blood Bank, Opposite to Referral Hospital, 
Chikhali, Navsari, 396521",Navsari,Gujarat,02634 234311,20.947927,73.028072
"Navjeevan Blood Bank and Clinical Laboratory,  Veraval","Navjeevan Blood Bank and Clinical Laboratory, Lilashah Shopping Centre, First Floor, Nr. Bus Station, Veraval, 
Junagadh",Junagadh,Gujarat,02876 221415,20.919489,70.352739
Kumarpal Gandhi Blood Bank,"&#34;B&#34; Block,1st Floor, Near Palika Shopping Centre, Near Gujarat Gas Circle, Ankleshvar",Bharuch,Gujarat,02646 244530,21.628147,72.995778
Nationality Development Foundation Blood Bank Rajkot,"Blood Bank, Nationality Development Foundation,
Smt. S.C.Patel (Field Marshal Blood Banks), Medicare, 3rd Floor, Vidyanagar Main Road, Rajkot, 360002",Rajkot,Gujarat,"0281 2480043, 0281 2481717",22.283334,70.799999
Astha Voluntary Blood Bank Gondal,"Astha Voluntary Blood Bank, Jetpur Road, Opposite to
Hava Mahel, Near G.F.D.C. Gate, Gondal, Rajkot, 360330",Gondal,Gujarat,02825 220828,21.959147,70.803122
Saurastra Voluntary Blood Bank Rajkot,"Kathiyawad Medical Education Trust sanchalit Saurastra Voluntary Blood Bank and Research Centre, Shashikunj commercial complex, 621, Mangal Park, Nirmalaconvent Road, Near Madhi Chowk, Rajkot, 360002",Rajkot,Gujarat,0281 2450301,22.30301,70.787022
Shri Ram Blood Bank Porbandar,"Shri Ram Blood Bank, Star Compound, M.G. Road, 
Porbandar, 360575",Porbandar,Gujarat,0286 2240092,21.640642,69.604689
G.G.Hospital Blood Bank,"Blood Bank, The  M.P.Shah  Medical College and Guru Govindsinh Hospital, Jamnagar, 361008",Jamnagar,Gujarat,0288 2661052,22.48531,70.058561
Diu District Blood Bank,"Govt Hospital
Near Sports Complex, Main Road, DIU, 362520",Diu,Daman and Diu,02875 252480,20.712855,70.988929
Indian Red Cross Society Blood Bank,"Mahatma Muldas Red Cross Bhavan, Civil Hospital Campus, 365601",Amreli,Gujarat,"02792 223034, 02792 232854",21.606994,71.22186
Government District Head Quarters Hospital Blood Bank,"Ground Floor, Mahaboobnagar, 509001",Mahaboobnagar,Telangana,N/A,16.750213,77.991441
M/s. Medicare Multispeciality Hospital Blood Bank,"Badagu Health Services Private Limited, 1st Floor, Darga Road, Santraswadi, 585101",Gulbarga,Karnataka,08472 262524,17.337775,76.844343
M/s. Indian Red Cross Society Blood Bank Yadgir,"Gate no:-3,Government District Hospital Premises, 585201",Yadgir,Karnataka,08473 250355,16.752789,77.138698
Rajaram Bapu Blood Bank,"Islampur C.S. No. 99/1, Near Islampur Spiral CT-Scan,
Peth-Sangli Road, 415409",Sangli,Maharashtra,02342 224939,17.048399,74.251122
Indian Red Cross Society Blood Bank,"Khareghat Road, Ratnagiri, 415612",Ratnagiri,Maharashtra,"02352 223262, 02352 222347",17.019013,73.298977
Health Care Blood Bank,"3-400/401 A, Ist Floor, Taj Complex, Gazipura, 585104",Gulbarga,Karnataka,08472 261886,17.3353831,76.8361997
Kolhapur Municipal Corporation Blood Bank,"C.T.S. 83 D-Ward, Near Kasba Gate Police, Chowky, Kolhapur, 416002",Kolhapur,Maharashtra,0231 2541870,16.698607,74.223891
M/s. Sai Aadhar Hospital Blood Bank,"Sai Aadhar Hospital, Yadwad Road, 587313",Mudhol,Karnataka,08350 282100,16.325218,75.289397
Rajarshi Shahu Blood Bank,"Rotary Samaj Seva Centre, 253, K.E.Assembly Road, Kolhapur, 416002",Kolhapur,Maharashtra,0231 2651640,16.691308,74.244866
Dr. B. N. M. Rural Ayurvedic Medical College and Hospital Blood Bank,"Smt. Sushiladevi Nagur Colony, College Road, 586101",Bijapur,Karnataka,0835 2655760,16.8301759,75.7078424
Padmabhushan Vasantdada Patil Government Hospital Blood Bank,"Padmabhushan Vasantdada Patil Government Hospital , Blood Bank, Dr. Ambedkar Road, Sangli ., 416416",Sangli,Maharashtra,"0233 2374651, 0233 2374652, 0233 2374653, 0233 2374654, 0233 2374655",16.852571,74.574678
Shri.R.R.Patil Shikashan Sheti sanshodhan Aani vikas sanstha Blood Bank,"M/s Adhar Blood Bank, 1st Floor, C.S. No. 16432 / 1, H No. 12/966, C/o. Dr. Dilip Joshi Hospital, Sambhaji Chowk, Rajaram Road, Ichalkaranji, Tal - Hatkanangle, Kolhapur, 416115",Kolhapur,Maharashtra,"0230 2430073, 0230 2430074",16.680271,74.461733
S. S. Venutai Y. Chavan Sub-District Hospital Blood Bank Karad,"Plot No. 290/91, Budhwar Peth Station Road, Karad, Satara, 415110",Satara,Maharashtra,"02164 222459, 02164 221020",17.288048,74.186177
Indian Red Cross Society Blood Bank,"Govt. Community Health Centre, Vikarabad, Ranga Reddy, 501101",Vikarabad,Telangana,08416 252227,17.33643,77.904848
Civil Surgeon - General Hospital Blood Bank,"Civil Hospital, Ratnagiri, 415612",Ratnagiri,Maharashtra,02352 225616,16.989126,73.298866
Khaja Banda Nawaz Teaching and General Hospital Blood Bank,"Khaja Nagri, Station Main Road, 585102",Gulbarga,Karnataka,0847 2223458,17.352728,76.853237
Miraj Medical Centre - Wanless Hospital Blood Bank,"Wanless Hospital Blood Bank, Medical Centre, Miraj, 416410",Sangli,Maharashtra,"0233 2223291, 0233 2223292, 0233 2223293, 0233 2223294, 0233 2223295",16.832135,74.645472
Yashwantrao Chavan Blood Bank,"Phase 5, Super Market, 1st Floor Hall No. 2/1 Final Plot No. 432,433, Shaniwar Peth, Karad, 415110",Satara,Maharashtra,02164 228122,17.275751,74.18181
Instutute of Medical Science and Research Blood Bank and Blood Component Seperation Unit,"Shree Chatrapati Shivaji Education Societys, Instutute of Medical Science and Research Blood Bank and Blood Component Seperation Unit,  Vita Road, Vidyagiri, Mayani, Satatra, 415102",Satara,Maharashtra,"02161 270661, 02161 270761 (Extn. 303)",17.431214,74.549364
Dr. D. Y. Patil Hospital Blood Bank,"Kadamwadi, Kolhapur, 416003",Kolhapur,Maharashtra,"0231 2653286, 0231 2651027",16.715186,74.256447
M/s. K. N. Gujar Blood Bank,"M/s K.N. Gujar Blood Bank, F. P. No. 21, 203/A/6, 1st Floor, K.N. Gujar Hospital, Shanivar Peth, Near S.T. Bus Stand, Karad, Satara, 415110",Satara,Maharashtra,02164 222868,17.278263,74.183727
Late Balasaheb Datye - Lions Blood Bank,"5/468, Datye Mala, Lions Park,  Ichalkaranji, Tal-Hatkanangale, Kolhapur, 416115",Kolhapur,Maharashtra,0230 2436130,16.681682,74.467741
Miraj Serological Institute Blood Bank,"S. No.795/A1, Dr. Bhalchandra Patil Hospital,  Zaribag Budhgaonkar Mala, Near Gulabrao Patil Medical College, Miraj, 416410",Sangli,Maharashtra,"0233 6451819, 0233 2211400",16.828931,74.639399
Bharati Vidyapeeth University Medical college And Hospital Blood Bank,"A/p Wanlesswadi, Miraj, 416414",Sangli,Maharashtra,"0233 2601594, 0233 2601593 (Extn. 266)",16.841716,74.617969
Acharya Shree Tulsi Blood Bank,"Gate No.1232 Sangli - Kolhapur Road, Jaysingpur Udgaon, Kolhapur, 416101",Kolhapur,Maharashtra,"02322 227955, 02322 228455",16.785709,74.56459
Krishna Hospital and Medical Research Centre Blood Bank Karad,"Poona Bangalore (NH 4) Highway, Near Debhewadi Road, Karad, Satara, 415110",Satara,Maharashtra,"02164 241456, 02164 242170",17.285065,74.185701
Shree Swami Samarth Blood Bank,"B.K.L.Walwalkar Hospital Diagnostic & Research Centre, Shree Kshetra Darvan, Chiplun, Ratnagiri, 415606",Ratnagiri,Maharashtra,"02355 264137, 02355 264149, 02355 264181",17.399914,73.547448
Smt. Anila Kantilal Kothari Blood Bank & Department of Hemato Oncology,"Dr. D. K. Gosavi Memorial, Shri Siddhivinayak Ganapati Cancer Hospital, Sangli - Miraj Road, Miraj, 416410",Sangli,Maharashtra,"0233 2212155, 0233 2211601, 0233 2211602",16.833879,74.635364
Rajashri Chatrapati Shahu Maharaj Government Medical College and Chatrapati Pramilaraje General Hospital Blood Bank,"Dasara Chowk, Somwar Peth, C. P. R. Hospital Compound, Kolhapur, 416001",Kolhapur,Maharashtra,0231 2644337,16.701443,74.227074
Vande Mataram Samajik Samstha&#39;s - Jeevandhara Blood Bank,"1648 E- Ward Saidarshan Hights , Opposite to Sarada Medical, Chandrakanth Candre Kalasangrahalay, Rajarampuri, 7th Lane, Kolhapur, 416008",Kolhapur,Maharashtra,"0231 2526363, 0231 2522223",16.69573,74.247263
B.L.D.E. Association&#39;s Medical College & Reserch Centre Blood Bank,"Mahal Bagayat,Ashram Road, 586103",Bijapur,Karnataka,0835 2262770,16.845101,75.710641
Hindratna Prakashbapu Patil Blood Bank,"2nd Floor, Siddhivinayak Commercial Complex Guest House, Miraj Road, Near Tata Petrol Pump, Sangli, 416416",Sangli,Maharashtra,0233 2672233,16.8537,74.580099
IRCS & RCH-II  Blood Bank District Hospital Wanaparthy,"Blood Bank, District Hospital,Wanaparthy, WANAPARTHY, 509103",WANAPARTHY,Telangana,08545 230133,16.362312,78.062182
Vasantdada Patil Blood Bank and Haematology Research Centre,"AIP - Miraj, Mirasaheb Shopping Complex,  Opposite to City Police Station, Miraj, Sangli, 416410",Sangli,Maharashtra,"0233 2229619, 0233 2222319",16.82132,74.649492
Mahatma Gandhi Hospital Blood Bank,"At Post - New Pargaon, TQ-Hatkanangale, Kolhapur, 416137",Kolhapur,Maharashtra,"0230 2477081, 0230 2477082, 0230 2477083,  0230 2477308, 0230 2477309",16.86221,74.240034
GMETS Dr. Goudars Blood Bank,"852, A1 and A2 Ward IX, 1st Floor, Dr. Karigoudar&#39;s Complex Godbolemala, 586101",Bijapur,Karnataka,08352 253604,16.828072,75.709979
Indian Red Cross Society Blood Bank - Shirgaonkar Blood Bank,"Opposite to Civil Hospital, Plot No. 49, City Survey No.601/7, Sangli, 416416",Sangli,Maharashtra,"0233 2373044, 0233 2372376",16.853702,74.575077
M/s. Vaatsalya Life Hospitals Navajeeva Blood Bank,"Vaatsalya Life Hospital, 1st Floor, Near RTO Office, SH-10, 585105",Gulbarga,Karnataka,08472 240066,17.328477,76.847911
Akshay Blood Bank,"Plot No. 1/7, Near Anand Nursing Home, 2nd Floor, Miraj Sangli Road,  Sangli, 416410",Sangli,Maharashtra,"0233 2212448, 0233 2212449",16.838026,74.651827
District Hospital Blood Bank,"Sedam Road, 585102",Gulbarga,Karnataka,08472 2240630,17.328685,76.840743
Al-Ameen Medical College Hospital Blood Bank,"Athani Road, Bihapurkar, 586101",Bijapur,Karnataka,08352 270113,16.825058,75.669209
Indian Red Cross Society Blood Bank,"D.No.4-1-22, Osmanpura, 
Opp to Andhra Bank Main Branch, 505001",Karimnagar,Telangana,0878 6451199,18.438555,79.128841
Shree Basaveshwar Manav Vikas Gramin Sevabhavi Sanstha Blood Bank,"Arihant Galaxy, 1st Floor, C.S. NO- 1599, Opposite to Civil Hospital, Garpir Road, Sangli, 416416",Sangli,Maharashtra,"0233 6012777, 09604520087, 07798539069",16.842421,74.619929
Jeevan Rekha Charitable Trust Blood Bank,"H. No. 329/E, Ward No. 5, 1st Floor, Umrani Road, A/p-jath, Sangli, 416416",Sangli,Maharashtra,"02344 248000, 02344 248922",17.049271,75.204853
Sanjeevan Blood Bank,"250/B/65  First Floor, Lucky Naresh Banglow, Opposite to Collector Office, Nagala Park, Kolhapur,, 416002",Kolhapur,Maharashtra,"0231 2668031, 0231 2668032",16.706599,74.231346
Lions Blood Bank,"Bandikaman Road, Ward No.6, CTS No.168, Basement Ground and First Floor, 586101",Bijapur,Karnataka,08352 22200050,16.827207,75.725839
HKES Blood Bank Organisation,"M.R. Medical College, Basave shwara Teaching and General Hospital, No.7-52 Sadam Road, 585105",Gulbarga,Karnataka,"08472 220307, 08472  225085",17.328385,76.844483
District Hospital Blood Bank Bijapur,"Athani Road, 586102",Bijapur,Karnataka,08352 270108,16.828098,75.691713
Azad Panchi Group Charitable Trust Blood Bank,"Near Civil Hospital, Ganesh Nagar, 1st Lane, S. No. 1682, Sangli, 416416",Sangli,Maharashtra,0233 2374333,16.844539,74.572891
Singareni Collieries Company Limited Area Hospital Blood Bank,"Bhupalpalli, Warangal, 506169",Warangal,Telangana,08713 248104,18.400965,79.852782
Mother Voluntary Blood Bank,"MAS (Multipurpose Amicable Social Services Society), D.No.11-26-231, 1st Floor, Opp: MGM Hospital, Warangal, 506007",Warangal,Telangana,NA,18.000637,79.585628
Life Care Voluntary Blood Bank,"D.No.3-1-446, 1st Floor, Opposite Government Hospital, Prashanth Nagar, 505001",Karimnagar,Telangana,9441038039,18.443293,79.12973
Indian Red Cross Society,"Blood Bank, Area Hospital, Kamareddy, Nizamabad, 503111",Kamareddy,Telangana,08468 221096,18.322975,78.337899
V.T.Thakur Memorial Rotary,"Blood Bank, H.No.1-4-31/1, Godown Road, Bathukammakunta, Kamareddy, Nizamabad, 503111",Kamareddy,Telangana,08468 222222,18.323995,78.334305
"Indian Red Cross Society, Blood Bank","Opp: Dist. Collectorate, Subedari,Hanamkonda., 506001",Hanumakonda,Telangana,0870 2456765,18.005635,79.557155
"Indian Red Cross Society Jagityal, Blood Bank","District Headquarters Hospital JAGTIAL 
First Floor, Old Bus Stand, 505327",JAGTIAL,Telangana,9441290111,18.438555,79.128841
Kakatiya Voluntary Blood Bank (A Unit of Life Care Medical and Educational Society),"Telengana Bhavan, Opposite Alankar Main Road, Hanumakonda, Warangal, 506011",Warangal,Telangana,0870-2448243,18.003153,79.579693
Government District Head Quarters Hospital Blood Bank,"Savaran Street, Manchiryal Chowrastha, 505001",Karimnagar,Telangana,"0878 2240223, 0878 2240337",18.438555,79.128841
Apollo Reach Hospitals - Apollo Blood Bank,"H.No.4-72, 3rd Floor, Subhash Nagar, 
Near Railway station, 505001",Subhash Nagar,Telangana,0878 2200000,18.454907,79.13294
Singareni Collieries Co. Ltd,"Blood Bank Medical Officer,  Blood Bank, Singareni Collieries Co. Ltd, Manuguru, Dist. Khammam, Mobile no:9491145024, 507117",Manuguru,Telangana,N/A,17.931207,80.82662
Singareni Collieries Co. Ltd,"Singareni Collieries Co. Ltd Blood Bank, Yellandu, District Khammam., 507101",Yellandu,Telangana,N/A,17.594134,80.322363
Government Mahatma Gandhi Memorial Hospital Blood Bank,"MGM  Hospital Blood Bank, 1st Floor, O.P.Block, MGM. Hospital, Warangal, 506001",Warangal,Telangana,NA,17.990313,79.592843
Indian Red Cross Society,"Blood Bank, Area Hospital Premises, Siddipet,  Medak, 502103",Siddipet,Telangana,NA,18.098842,78.84139
The APVVP District Head Quarters Hospital,"Blood Bank, Sangareddy, Medak, 502001",Sangareddy,Telangana,N/A,18.052936,78.261853
Rudhira Voluntary Blood Bank,"(A Unit of Rudhira Health Organization), H.No.11-4-25/A, 1st & 2nd Floor, Wyra Road, Khammam, 507101",Khammam,Telangana,08742 220666,17.769321,80.499386
Saint Anns Hospital Blood Bank,"FATHIMANAGAR NIT (POST) WARANGAL DT. TELANGANA STATE, 506004",Warangal,Telangana,NA,17.981693,79.52627
Chalmeda Ananda Rao Institute of Medical Sciences Blood Bank,"Block C, Ground Floor, Bommakal (V), Karimnagar, 505001",Bommakal,Telangana,"0878 2285565, 0878 2285318",18.45324,79.165083
Indian Red Cross Society Blood Bank RCH-II ( Jangaon),"Sub Divisional Branch, 1st Floor, Area Hospital Premises, Janagaon, Warangal, 506167",Janagoan,Telangana,"09440026445, 09866652205",17.721054,79.160411
The Government Area Hospital Blood Bank,"Bhadrachalam, Bhadradri Kothagudem, 507111",Bhadrachalam,Telangana,9347563589,17.584049,80.332784
Aditya Hospital Blood Bank,"4-3-154/3, Beside Pragati College, Hanuman Tekdi, Abids, Hyderabad., 500001",Hyderabad,Telangana,040 24763565,17.390308,78.481143
Yashoda Super Speciality Hospitals Blood Bank,"D.No. 6-3-903/A/4/F-3, 2nd floor, Shirdi Apartments,
Somajiguda, 500082",Hyderabad,Telangana,040 23319999,17.424342,78.457724
Satya Nursing Home Blood Bank,"D.No. 3-6-426, First Floor, Street No. 4, Himayatnagar, Hyderabad, Hyderabad District, Telangana, 500029",Himayatnagar,Telangana,040 66753026,17.404758,78.482139
Aarohi Blood Bank,"No.6-3-182/1 to 3, 3rd Floor, 
Lake View Palace, 
Road No.1, Banjara Hills, 500034",Banjara Hills,Telangana,040 23384212,17.411615,78.449834
NEW LIFE EDUCATIONAL SOCIETY BLOOD BANK,"22-1-1038,1st FLOOR,ABID ALI KHAN LIONS EYE HOSPITAL,DARULSHIFA, Hyderabad, TELANGANA, 500024",HYDERABAD,Telangana,"040 24575757, 040 64558864",17.37694,78.34905
Challa Hospital Blood Bank (A Multi Speciality Hospital),"D.No. 7-1-71/A/1, 1st Floor, Dharam Karam Road, Ameerpet, 500016",Ameerpet,Telangana,040 23731215,17.439581,78.450633
Rajyalakshmi Charitable Trust Blood Bank (A Unit of Rajyalakshmi Charitable Trust),"1st Floor, D.No.18-77/78, Street No.3, Kamala Nagar, Chaitanyapuri, Dilsukhnagar, Hyderabad, 500060",Hyderabad,Telangana,040 64597760,17.367454,78.530729
Indian Red Cross Society Blood Bank,"Parsi Anjuman Complex, Vazirabad, Nanded, 431602",Nanded,Maharashtra,"02462 236699, 02462 231012, 02462 236633, 02462 227335",17.399811,78.485456
Thalassemia and Sickle Cell Society Vuppala Venkaiah Memorial Blood Bank,"D.No.22-8-496 to 501, 1st and 2nd floor, Chatta Bazar X Road, Near City Civil Courts, Purana Haveli, Hyderabad, 500002",Hyderabad,Telangana,040 24403783,17.368886,78.480146
Kamineni Health Services Pvt.Ltd. Blood Bank,"D.No. 4-1-1227, Cellar Portion, Boggulakunta, Kingkoti, Hyderguda, Hyderabad District, Telangana, 500001",Kingkoti,Telangana,"040 66924030, 040 66924444",17.392587,78.479728
Nizams Institute of Medical Sciences Blood Bank,"Accident and Emergency Block, 2nd Floor, Road.No.1, Banjara Hills, 500034",Hyderabad,Telangana,040 23489722,17.421241,78.451389
Vivekananda Environmental International Society Social Service Blood Bank,"H.No.9-1-127/D/1, Opposite St.Mary&#39;s Church, S.D.Road, Secunderabad, 500062",Secunderabad,Telangana,040 64505032,17.440396,78.500468
Sri Balaji Blood Bank (A Unit of Sri Balaji Educational Society),"Cellar Portion, 16-8-923, Nalgonda X Road, Malakpet, Hyderabad, 500036",Malakpet,Telangana,040 64522466,17.375363,78.497278
Gandhi Hospital Blood Bank,"1st Floor, A block, Musheerabad, Secunderabad, Telangana, 500003",Secunderabad,Telangana,040 27505566,17.42323,78.504138
Citizens Hospital Blood Bank,"D.No.1-100/1/CCH, Nallagandla Village, Serilingampally Mandal, 500019",Serilingampally,Telangana,"040 67191919, 040-67192580 Extn: 2581/2582,",17.470667,78.311308
NTR Trust Blood Bank,"D.No. 8-2-269/H/191/A/1, NTR Trust Bhavan, Road No. 2, Banjara Hills, 500034",Banjara Hills,Telangana,040 30799999,17.423643,78.425977
MNJ  Institute of Oncology and Regional Cancer Centre Blood Bank,"Ground Floor, Lakdikapool, Red Hills, 500004",Hyderabad,Telangana,"040 23397000, 040 23318424",17.398812,78.462087
Malla Reddy Medical College and Malla Reddy General Hospital Blood Bank,"Survey No.138, Suraram Main Roads, Quthbullapur Mandal, 500055",Quthbullapur,Telangana,040 23783000 Extn: 3106,17.545201,78.432739
The APVVP District Head Quarters Hospital Blood Bank,"1st Floor, Room.No.31, O.P. Block, Wyra Road, Khammam, 507001",Khammam,Telangana,08742 224815,17.247253,80.151445
General Chest Hospital,"Blood Bank Medical Officer,  Blood Bank, General and Chest Hospital, Irrumnuma, Hyderabad, 500018",Hyderabad,Telangana,040-23814939,17.445384,78.434951
Care Hospital Blood Bank,"1st Floor, Road No.1, Banjara Hills, 500004",Banjara Hills,Telangana,040 30418296,17.412542,78.450258
Andhra Mahila Sabha Durgabhai Deshmukh Hospital & Blood Bank,"Osmania University Road, Ram Nagar Gundu, Adikmet, Hyderabad, Telangana, 500044",Hyderabad,Telangana,"040 27656969, 040 27681158",17.4025,78.509832
Apollo Hospital Enterprises Ltd,"D.No.3/5/836 to 838, main road, hyderguda, hyderabad., 500029",Hyderguda,Telangana,040 23231380,17.39928,78.479256
Star Hospitals Blood Bank,"A unit of Unimed Healthcare Private Limited, 6th floor,8-2-596/ Road No : 10, Banjara Hills, 500034",Banjara Hills,Telangana,040 44777777 EXT: 603,17.41567,78.439477
Institute of Transfusion Medicine and Research,"Road.No.1, Banjara Hills, 500034",Banjara Hills,Telangana,040 23328956,17.42114,78.449212
Life Voluntary Blood Bank,"MIG-323,Above Syndicate Bank,Road no-4, Remedy hospital lane,  First Floor, KPHB Colony, Phase-I, Kukatpally, Ranga Reddy., 500072",Hyderabad,Telangana,"040 23059222, 040 23159222",17.492862,78.39781
Owaisi Medical and Research Centre,"Nawab Lutfud Dowli Palace,  Kanchanbagh, Zafargadh,Santoshnagar,Hyderabad, 500058",Kanchanbagh,Telangana,"040 64638871, 040 24343129, 040 24323723",17.34132,78.506714
ADRM Hospital and Blood Bank,"4th Floor, D.No. 9-2, Plot No. 3, Ramanthapur, Hyderabad, 500013",Hyderabad,Telangana,040 27035588,17.398478,78.536069
Lions Club of Secunderabad Twin Cities,"2nd Floor, Varalaxmi Complex, Opposite Stay Inn Hotel, James Street, M.G.Road, Secunderabad, 500003",Secunderabad,Telangana,040 32411317,17.432643,78.490824
M/s. Indian Red Cross Society Blood Bank jangareddi gudem,"Government Hospital Premises, Jangareddygudem, 534447",Jangareddygudem,Andhra Pradesh,08821 225305,17.125307,81.273907
Lions Club Blood Bank,"Govt Area Hospital, Main Road , Suryapet - Nalgonda Dist  08684-224699, 508213",Suryapet,Telangana,08684 224699,17.057571,79.262029
Maheshwara Medical College and Maheshwara Hospital Blood Bank,"1st floor, Maheshwara Hospital Building, Isnapur Cross Road, Chitkul Village, Patancheru Mandal, Medak, 502307",Patancheru Mandal,Telangana,NA,17.562407,78.20521
Premier Hospital Blood Bank,"12-2-718, Nanal Nagar X Roads, Mehdipatnam, Hyderabad, 500028",Mehdipatnam,Telangana,040 23774469,17.391657,78.427008
The Govt. Niloufer Hospital Blood Bank,"Premises of Government Niloufer Hospital, Red Hills, Nampally, 500004",Red Hills,Telangana,"040 23314075, Ext : 287",17.398649,78.461057
Princess Esra Hospital Blood Bank,"Second Floor, 23-2-665, Shah Ali Banda, 500065",Shah Ali Banda,Telangana,040 65875989,17.356461,78.474211
Institute of Preventive Medicine,"Public Health Laboratories and Food (Health) Administration, Narayanaguda, Hyderabad, 500029",Narayana guda,Telangana,040 27557733,17.393915,78.490331
Blood Bank Thelasemia and Sickle Cell,"Blood Bank Medical Officer, Blood Bank Thelasemia and Sick Cell, Hyderabad, 500002",Hyderabad,Telangana,N/A,17.385044,78.486671
Employees State Insurance Corporation Medical College Hospital Blood Bank,"Second Floor, Radiology Block, Sanath nagar, Hyderabad, 500038",Hyderabad,Telangana,040 67872049,17.447882,78.439955
Yashoda Hospital (A Unit of Datta Chandra Hospital Pvt. Ltd.)  Blood Bank,"1-1-156/157, 9th Floor, Alexander Road, Secunderabad, Telangana, 500003",Secunderabad,Telangana,"040 23319999, 040 24555555, 040 27713333",17.441664,78.497002
St. Theresa&#39;s Hospital Blood Bank,"Erragadda, Sanath Nagar, Hyderabad, 500018",Sanathnagar,Telangana,"040 23802255, 040 23812288",17.451375,78.436556
Janani Voluntary Blood Bank,"D.No.125-28-11/1, GPR Complex, KPHB Colony, Kukatpally, Hyderabad, 500085",Hyderabad,Telangana,040 23150496,17.491139,78.398166
Narayana Hrudayalaya Mallareddy Hospital Blood Bank,"# 1-1-216, Suraram &#39;X&#39; Road, Qutbullapur Mandal, Jeedimetla, Hyderabad, 500055",Hyderabad,Telangana,"040 23783106, 040  23783000 Extn: 3106",17.544026,78.433044
Sri Devi Charitable Trust Blood Bank,"D. No.: 12-13-197, Flat No. 106 & 107, Opposite HUDA Complex, Tarnaka, Secunderabad, 500007",Secunderabad,Telangana,040 27016016,17.424972,78.535869
Asha Emergency & Chest Hospital Blood Bank,"D. No.: 4-851/1, Opposite Bus Stand, Kalabharathi Road, Sattupally, Khammam, 507303",Sattupally,Telangana,8790276999,17.24618,80.832243
Krishna Institute of Medical Sciences Blood Bank,"D.No.1-8-31/1, Block-III, 2nd Floor, Minister Road, Secretariat, Secunderabad, 500003",Secunderabad,Telangana,"040 44186253 , 040 44186255",17.437572,78.482096
The ESI Hospital Blood Bank,"ESI Hospital premises, Ground Floor, Sanathnagar, 500018",Sanathnagar,Telangana,"040 23701232, 040 23701233",17.456588,78.426852
Jeevan Dhara Blood Bank,"8 Buddh Ashram, Bye Paas Road, 283203",Firozabad,Uttar Pradesh,N/A,27.160557,78.398609
Sai Prasad Orthopedic Hospital,"Blood Bank, H.No.1-2-270/45/3, Opposite Vijetha Hotel, Suryapet, Nalgonda, 508213",Suryapet,Telangana,08684 223223,17.135315,79.633367
Rudhira Voluntary Blood Bank,"H.No.3-6-10/A,1st floor, Anasuya Commercial Complex, Liberty Road, Himayathnagar, 500028",Himayathnagar,Telangana,040 23220222,17.406011,78.478212
The Osmania General Hospital Blood Bank,"Osmania General Hospital Premises, Hyderabad, 500012",Hyderabad,Telangana,040 24600146,17.372522,78.473807
Indian Red Cross Society Blood Bank,"1-9-310, Street No:14, Opposite Achyutha Reddy Complex,  Vidya Nagar Hyderabad, 500044",Vidhyanagar,Telangana,040 27633087,17.405048,78.508731
The Singareni Collieries  Co. Ltd,"Hospital Blood Bank, Main Hospital, Kothagudem, Khammam, 507101",Kothagudem,Telangana,N/A,17.247253,80.151445
Chiranjeevi Blood Bank,"Road No.1, Jubliee Hills checkpost, 500033",Jublee Hills,Telangana,"040 23555005, 040 23554849",17.428205,78.416539
M/s. Indian Red Cross Society Component Blood Bank,"General Hospital Premises, Eluru, West Godavai, 534006",Eluru,Andhra Pradesh,08812 224722,16.711919,81.094839
Ram Hospital Blood Bank,"2nd Floor,Ram Hospital, D.No.57/A, Shapur Nagar, IDA., Jeedimetla, Hyderabad, 500055",Hyderabad,Telangana,040 23095757.9703730554,17.516138,78.447736
The Government  Maternity Hospital,"Blood bank,  Sultan Bazar, Koti, Hyderabad, 500095",Koti,Telangana,040 23305967,17.385808,78.48723
Bharat Heavy Electricals Limited Hospital,"Blood Bank, Ramachandrapuram, Medak, 502032",Ramachandrapuram,Telangana,040 23184386,17.496713,78.305268
Indian Red Cross Society,"Blood Bank, D.No. 5-6-300, Red cross Bhavan, Near RTC Bus Stand, Nalgonda, 508001",Nalgonda,Telangana,N/A,17.054925,79.273455
The Government Area Hospital Blood Bank,"Kothagudem, Khammam, 507101",Kothagudem,Telangana,"08008204232, 0949014408",17.249377,80.152006
Mythri Charitable Trust Blood Bank and Transfusion Centre,"3-4-808 1st Floor, Barkatpura, Bs C C Shroff Hospital, Barkatpura, Hyderabad, Telangana, 500027",Barkatpura,Telangana,"040 27550238, 040 66822271",17.391514,78.497215
Ozone Institute of Medical Sciences Hospital Blood Bank,"H. No.: 11-13-201/33, Plot No. 23, 25 & 26. Road No. 4, Green Hills Colony, L. B. Nagar, Hyderabad, 500074",Hyderabad,Telangana,"040 30108109, 040 64556533",17.36107,78.549759
Government District Head Quarter Hospital Nalgonda,"Blood Bank, District Head Quarters Hospital Premises, 1st Floor, Old Building, Nalgonda, 508001",Gollaguda,Telangana,N/A,17.055864,79.277882
Janani Voluntary Blood Bank (A Unit of Janani Organization),"D.No.9-1-66/3, 2nd Floor, Lane Opposite Oriental Bank, S.D.Road, Secunderabad, 500003",Secunderabad,Telangana,040 65603222,17.441361,78.500984
M G M H BLOOD BANK (Government Modern Maternity Hospital),"Government Modern Maternity Hospital, Opp City College, Petlaburz, Hyderabad, 500035",Petlaburj,Telangana,040 24523641,17.365982,78.464893
RTC Hospital,"RTC Hospital Blood Bank, Tarnaka, Hyderabad, 500017",Tarnaka,Telangana,040-27018691,17.425416,78.530499
Continental Hospital Blood Bank,"Plot No. 3, Road No. 2, IT & Financial district, Nanakramguda, Hyderabad, 500035",Hyderabad,Telangana,"040 67000000, Extn: 1105",17.417886,78.339922
SLMS Hospital Blood Bank,"Nagole &#39;x&#39; Roads, Ranga Reddy, 500035",Ranga Reddy,Telangana,040 64579998,17.376463,78.557369
Lions Club of Hyderabad(East) Bhanji Kheraj Blood Bank,"Feroz Gandhi Park,  Bank Street, Koti, Hyderabad, 500195",Hyderabad,Telangana,040 24745243,17.520718,78.440959
Share Medical Care (Mediciti Hospital) Blood Bank,"D.No. 5-9-22/B/103, Flat No.103, First Floor, My Home Sarovar Complex, Secretariat Road, 500063",Hyderabad,Telangana,040 23231111,17.406546,78.471614
M/s. Alluri Sitrarama Raju Academy of Medical Sciences Blood Bank,"Ground Floor, Hospital Block, NH 5 Eluru, West Godavari, 534005",Eluru,Andhra Pradesh,"08812 288288, 08812 288299",16.737395,81.146494
Sunshine Hospital Blood Bank,"No.1-7-201- to 205, II Floor, P.G.Road, Behind Paradise  Hotel,  Secunderabad, 500003",Secunderabad,Telangana,"040 64643345, 040 43444546",17.44101,78.486923
Himabindhu Multispeciality Hospital Blood Bank,"H.No. 17-1-383/1/1, 1st Floor, Vinay Nagar, Sagar Road, Santhosh Nagar, 500059",Hyderabad,Telangana,040 64558828,17.352329,78.506534
Apollo Hospital Blood Bank,"Apollo hospital, Ground floor, Jubilee hills, Hyderabad, 500096",Hyderabad,Telangana,"040 23607777, Ext: 2604",17.415057,78.416515
Siva Multi Speciality Hospital Blood Bank,"H.No.11-2-44, Balaji Nagar, Wyra Road, Khammam, 507001",Khammam,Telangana,08742 231883,17.2508,80.144151
"Health, Agriculture, Rural Development Society (HARD)  Blood Bank","No.11-5-263/3, Red Hills, Hyderabad, 500004",Red Hills,Telangana,"040 23300859, 040 23300959",17.396159,78.463155
Sanjeevini Blood Bank,"Sanjeevini Non-Governmental Organisation, Niveditha Orthopaedic Center, H.No.1-1-79/A, RTC Cross Road, Bhagyanagar, Hyderabad, 500020",Bhagyanagar,Telangana,"040 27667500, 040 65522343",17.405787,78.499215
Clara Swain Mission Hospital Blood Bank,"Civil Lines, Bareilly, 243001",Bareilly,Uttar Pradesh,0581 2500000,28.349627,79.415881
Jeevadhara Voluntary Blood Bank (A Unit of Jeevadhaara Society),"H.No.9-4-269 to 275, Saluja Hospital, Second Floor, Rezimental Bazar, Secunderabad, 500025",Secunderabad,Telangana,"040 65996696, 040 27707088",17.435457,78.502918
Global Hospital Blood Bank,"D.No.6-1-1070/1 to 4, Lakdikapool, 500004",Lakdikapool,Telangana,"040 23244444, 040 30644444",17.405254,78.463164
BBR Multispeciality Hospital Blood Bank,"H. No.: 7-4-194, Ferozguda, Near Bank of India, Balanagar, Hyderabad, 500001",Hyderabad,Telangana,"040 23773333, 040 23778800",17.464246,78.457112
Rakshita Voluntary Blood Bank,"H.No.5-1-931, First Floor, Jambagh, Putlibowli, 500096",Putlibowli,Telangana,040 65263309,17.381461,78.480605
"Indian Red Cross Society ,RCH-II","Blood Bank, RCH-II, TVVP Area Hospital, 1st Floor, Suryapet, dist:Suryapet., 508213",Suryapet,Telangana,8684224699,17.141493,79.606681
Sarala Blood Bank,"A Unit of Sarala Memorial Charitable Chartitable Trust, D.No. 5-13-7, 2nd Floor, M.G. Road, Kothagudem, Khammam, 507101",Kothagudem,Telangana,NA,17.556004,80.614396
NAPS (Narora Atomic Power Station) Hospital Blood Bank,"Narora, 203389",Narora,Uttar Pradesh,05734 222261,28.205915,78.379131
"Jeevan Sanjeevan Blood Bank, Jeevan Hospital","2/151, Bela marg, Vishnupuri, 202001",Aligarh,Uttar Pradesh,0571 2506162,27.882584,78.082163
Government Combined Hospital Blood Bank Roorkee,"Government Hospital, Dehradun Road, Roorkee
Near Idgah chowk, 247667",Roorkee,Uttarakhand,133 2264333,29.878353,77.878609
Sri Sai Hospital and Blood Bank,"Mansarovar Scheme, Delhi Road, 244001",Moradabad,Uttar Pradesh,0591 2481720,28.840201,78.752813
Vadhava Blood Bank,Meerut,Meerut,Uttar Pradesh,N/A,28.961817,77.755222
Dr. Chaturvedi Central Blood Bank,"Renukoot, 244001",Moradabad,Uttar Pradesh,"0591 2413857, 0591 2422395",28.845183,78.774082
Ganga Sheel Charitable Trust Blood Bank,"A-3, Rampur Garden, 243001",Bareilly,Uttar Pradesh,"0581 2510083, 0581 2510140",28.347944,79.426794
Shri Mahant Indiresh Hospital Blood Bank,"Patel Nagar, Dehradun, 248001",Dehradun,Uttarakhand,"0135 2522270, 01356672576",30.304956,78.021322
District Hospital Blood Bank,"Bareilly, 243601",Badaun,Uttar Pradesh,05832 266264,28.027732,79.126275
Lokpriya Hospital Blood Bank,"Samrat Palace, Garh Road, 250003",Meerut,Uttar Pradesh,0121 2760040,28.968374,77.730585
Gopeshwar (Chamoli) District Hospital Blood Bank,"District Hospital, Gopeshwar (Chamoli), 246401",Gopeshwar,Uttarakhand,01372 222230,30.410086,79.320134
Military Hospital,"Pratapgarh, 250001",Meerut,Uttar Pradesh,0121 2643012,28.987584,77.689042
Rural Institute of Medical Sciences and Research,"Safai, 206130",Etawah,Uttar Pradesh,05688 276563,26.96145,78.962055
L.D. Bhatt Governmentt Hospital Kashipur,"Ramnagar Road Kashipur Udam singh nagar,
Opposite to Domino&#39;s Kashipur Ramnagar Road, 244713",Kashipur,Uttarakhand,05947 278443,29.218682,78.963999
Dr. Susheela Tiwari Memorial Hospital Blood Bank,"STM Govt Hospital Rampur Road, Haldwani. 
Opposite to FTI Building, 263139",Haldwani,Uttarakhand,"05946, 234104, 3313, 3312",29.204322,79.515729
Rajshree Medical Research Institute,"21 Km Near Toll Plaza, Rampur Road Bareilly, 243501",Bareilly,Uttar Pradesh,8192000281,28.48308,79.285312
District Hospital Blood Bank,"Lakhimpur Khiri, 246701",Bijnor,Uttar Pradesh,01342 262710,29.384974,78.136521
Himalayan Institute Trust Blood Bank,"HIHT, Jolly Grant, Dehradun
Near Airport, 248016",Doiwala,Uttarakhand,0135 247 1455,30.192882,78.164815
B.D. Pandey (P) Hospital Blood Bank,"B.D. Pandey District Hospital, Pithoragarh, 262501",Pithoragarh,Uttarakhand,05964 25687,29.587436,80.211345
Maulana Mohamad Ali Johar Hospital,"Nainital Road, 244901",Rampur,Uttar Pradesh,"0595 2341916, 0595 2329242",28.818555,79.060106
Sanjeevani Charitable Blood Bank,"A Unit of Sanjeevani Charitable Trust, 2/42A, Ramnagar Colony, Church Road, 282002",Agra,Uttar Pradesh,0562 2858573,27.204177,78.003361
Asian Vivekanand Super Specialty Hospital Blood Bank,"Faizabad, 244001",Moradabad,Uttar Pradesh,0591 2551100,28.883923,78.736882
District Hospital,"Ekta Nagar, Pilibhit, 262001",Pilibhit,Uttar Pradesh,N/A,28.630707,79.816455
Jaswant Rai Specialty Hospital Blood Bank,"Opposite Sports Stadium, Civil Lines, Mawana Road, 250001",Meerut,Uttar Pradesh,"0121 2663888, 0121 2663887, 0121 2651700",28.991297,77.72323
Shri Radheswami Blood Bank,"Dal Bazar Tiraha Raj Payga Road, Lashkar Gwalior, 474009",Gwalior,Madhya Pradesh,0751 2330393,26.195391,78.158556
District Hospital Blood Bank,"Civil Lines, Bareilly, Uttar Pradesh, 243003",Bareilly,Uttar Pradesh,0581 2550009,28.361399,79.416409
Dr. M.C. Agrawal Hospital and Research Centre Private limited,"Kotla Chungi, Bye Pass Road, 283203",Firozabad,Uttar Pradesh,N/A,27.159652,78.403521
Teerthankar Mahaveer Hospital and Research Centre,"N.H. 24, Delhi Road, Bagadpur, Moradabad, Uttar Pradesh 244001, 244102",Moradabad,Uttar Pradesh,"0591 2476819, 16, 2360777",28.822812,78.65787
Dev Nandani Hospital Blood Bank,"Near Railway Crossing, Garh Road, 245010",Hapur,Uttar Pradesh,0122 3200800,28.728814,77.792219
SPS Government Hospital Blood Bank,"SPS Government Hospital, Rishikesh, 249201",Rishikesh,Uttarakhand,"0135 2430096,  0135 2431032",30.108705,78.295839
IMA Blood Bank (Run by Indian Medical Association),"IMA Bhawan, Court Compound, 248001",N/A,Uttar Pradesh,N/A,30.334183,78.017785
Jeevan Rekha Hospital Blood Bank,"Kachnal Gazi, Manpur Road, 244713",Kashipur,Uttarakhand,"05947 261203, 05947 261202",29.238855,78.965199
Indian Red Cross Society (IRCS) Blood Bank,"Indian Red Cross Society, Hospital Campus, Red Cross Building, Dabra, 475110",Dabra,Madhya Pradesh,0752 4470222,25.531751,78.200319
Ruhelkhand Medical College and Hospital Blood Bank,"Pilibhit By Pass Road, 243006",Bareilly,Uttar Pradesh,"0581 2526011, 0581 2526012",28.380191,79.462087
Lok Priya Hospital Blood Bank,"G.T. Road, Modinagar, 250003",Ghaziabad,Uttar Pradesh,01232 247556,28.968368,77.730589
BHEL Hospital Blood Bank,"Near HDFC bank BHEL, Haridwar, 249403",Haridwar,Uttarakhand,1334281217,29.94804,78.115461
Swami Vivekanand Charitable Blood Bank,"A unit of Swami Vivekanand Charitable Trust Regd.,   Near Anta Chauraha, 242001",Shahjahanpur,Uttar Pradesh,05842 280224,27.874974,79.915468
SVBP Hospital Blood Bank,"LLRM Medical College Campus, 250004",Meerut,Uttar Pradesh,0121 2763647,28.958429,77.753433
Soban Singh Jeena Base Hospital (SSJ) Blood Bank,"Near Roadways Bus Stand, Haldwani, 263139",Haldwani,Uttarakhand,0594 625 0223,29.215833,79.52931
"Malkhan Singh, District Hospital Blood Bank","Rasalganj Road, City, Aligarh, 202001",Aligarh,Uttar Pradesh,0571 2523338,27.889079,78.071255
G.R. Hospital and Research Centre Private limited,"Near Bhole Baba Dairy, Barauli Ahir, Shamsabad Road, 282001",Agra,Uttar Pradesh,9027111947,27.12969,78.052565
Dholpur Government Hospital,"Madina Colony,  Hospital Road, 328001",Dholpur,Rajasthan,"05642 220738, 05642 221180, Ext 207, 05642-220221",26.690079,77.899636
Agra City Blood Bank,"71, M.G. Road, Opposite to  Subhash Park, 282010",Agra,Uttar Pradesh,0562 2262122,27.179146,78.002405
Chamunda Hospital Blood Bank,"Chamunda Hospital, Kashipur, 244713",Kashipur,Uttarakhand,N/A,29.218723,78.96485
B.D. Pandey District Hospital Blood Bank,"District Hospital Mallital, Nainital, 262501",Pithoragarh,Uttarakhand,05942 235022,29.587434,80.211347
District Hospital,"District Hospital, Almora, 263601",Almora,Uttarakhand,0596 223 0225,29.59808,79.659042
Jawahar Lal Nehru District Hospital (JLN ) Blood Bank,"Kichha Road, Rudrapur, Near Indra Chouk, 263153",Rudrapur,Uttarakhand,N/A,28.970388,79.399832
Max Super Speciality Hospital Blood Bank,"Mansa Malsi, Khasra No. 165-166, Massorie Diversion Road
Near indian oil petrol Pump, 248001",Dehradun,Uttarakhand,0135 6673031,30.373737,78.074684
Military Hospital Blood Bank,"Hamirpur, 243001",Bareilly,Uttar Pradesh,0581 2403584,28.332012,79.426081
"Cosmos Hospital, Multi Speciality and Trauma Centre","Prem Nagar, P.O.- Kazipura, Kanth Road, 244001",Moradabad,Uttar Pradesh,"0591 2555500, 0591 2555501",28.894018,78.729084
District Hospital Blood Bank,"District Hospital, Pauri Garhwal, 246001",Pauri Garhwal,Uttarakhand,01368 222086,30.150844,78.773687
Sanjeevani Blood Bank,"644, Bhagpat Road, 250002",Meerut,Uttar Pradesh,0121 2525864,28.972402,77.687042
H.N. Bahuguna Government Base Hospital Blood Bank,"Base Hospital, Badrinath Road, Srinagar, 246174",Srinagar,Uttarakhand,01346 222706,30.222802,78.816142
Sri Ram Murti Samarak Institute of Medical Sciences Blood Bank,"Bareilly - Nainital Road, Bhojipura, Bareilly, Uttar Pradesh, 243202",Bareilly,Uttar Pradesh,0581 2582014-25,28.481101,79.443201
Govind Singh Mahra Government Hospital Blood Bank,"GSM Government Hospital, Ranikhet, 263645",Ranikhet,Uttarakhand,05962 30064,29.643481,79.438859
Saraswathi Institute of Medical Science,"NH-24, Anwarpur Pilkhuwa, 245304",Hapur,Uttar Pradesh,0122 2320511,28.713701,77.692994
District Hospital Blood Bank,"Lucknow, 244901",Rampur,Uttar Pradesh,0595 2324687,28.807443,79.014396
Government Combined Hospital Blood Bank,"Government Hospital Pauri Road, Kotdwar, 246149",Kotdwar,Uttarakhand,"01382 222021, 01382 229740",29.751387,78.524142
B.S.D.B.A. Government Medical College and Hospital,"Tirwa - Kannauj Road, Tirwa, NH 91A, Nunari, 209732",Kannauj,Uttar Pradesh,9415527666,26.963334,79.792236
District Hospital Blood Bank,"Ambedkar Nagar, 242001",Shahjahanpur,Uttar Pradesh,05842 240209,27.871234,79.913853
P.L. Sharma Hospital Blood Bank,"Jali Kothi, 250002",Meerut,Uttar Pradesh,N/A,28.98213,77.699779
IMA Blood Bank,"Run by Indian Medical Association, Civil Lines, 243001",Bareilly,Uttar Pradesh,N/A,28.346917,79.424734
Pt. Deen Dayal Upadhaya Combined District Hospital,"Civil Lines
Moradabad, Uttar Pradesh, 244001",Moradabad,Uttar Pradesh,0591 2410670,28.848179,78.765907
District Hospital Blood Bank,"MG Road, Chhipitola, Rakabganj, Agra, 282001",Agra,Uttar Pradesh,0562 2463043,27.17064,78.010456
Muzaffarnagar Medical College and Hospital,"Opposite Begrajpur Industrial Area, Ghasipura, 251201",Muzaffarnagar,Uttar Pradesh,01396 52702,29.372403,77.706668
Indian Red Cross Society (IRCS) Blood Bank,"Indian Red Cross Society, Behind Kamla Raja Hospital, Kampoo, 474001",Gwalior,Madhya Pradesh,0751 4074294,26.191826,78.159549
Sevarth Sansthan Blood Bank,"Sevarth Sansthan Seth Bimal Kumar Jain Trauma and Phsytherapy Dharmarth Samiti, NH-2, Agra Road, 283102",Firozabad,Uttar Pradesh,"05612 240022, 05612 240033",27.23053,78.21226
District Hospital Blood Bank,"Bank Civil Lines, Moradabad, 244001",Moradabad,Uttar Pradesh,N/A,28.84818,78.76591
Vinayaka Missions Medical College and Hospital Blood Bank,"Keezhakasakudimedu, Kottucherry Post,  Karaikal, Puducherry, 609609",Karaikal,Puducherry,"04368 263255, 04368 263277,  04368 263 255",10.955396,79.847776
Lakshminarayana Blood Bank,"No. 190 ,11 th cross,  Arulananda Ammal Nagar, 613007",Thanjavur,Tamil Nadu,04362 255485,10.764582,79.134439
Government Head Quarters Hospital Blood Bank,"Government Hospital, Kachirapalayam Road, Kallakurichi, 606202",Kallakurichi,Tamil Nadu,04151 222527,11.737301,78.959375
Mahatma Gandhi Medical College and Research Institute,"Pondy-Cuddalore Main Road, Pillaiyarkuppam
Puducherry, 607402",Pillayarkuppam,Puducherry,0413 2615449,11.811867,79.778314
GN Blood Bank,"Run by GG Educational and Charitable Trust, 7-C, Chairman Chidambaram Street, Villupuram, 605602",Villupuram,Tamil Nadu,04146 225545,11.939851,79.487355
KMC Speciality Hospitals Blood Bank ( Kaveri Hospitals),"No. 6 Royal Road, Cantonment, Trichy, 620001",Trichy,Tamil Nadu,"0431 4077777, (Ex.2508)",10.802301,78.680138
Bharath Blood Bank,"No, 15A Rishi Complex, II Floor,  Main Road, Thillainagar, 620018",Trichy,Tamil Nadu,"0431 2760995, 0431 2760226",10.819196,78.676748
Government Villupuram Medical College and Hospital Blood Bank,"Government  Villupuram Medical College and Hospital, Mundiyambakkam, Villupuram, 605601",Villupuram,Tamil Nadu,04146 232101,11.992895,79.516782
Government Hospital Blood Bank,"Palaniappan St.Nadimuthu Nagar, Pattukkottai,, 614601",Pattukkottai,Tamil Nadu,04373 252080,10.421081,79.317866
Government Hospital Blood Bank,"Government Hospital, Ulundurpettai, 606107",Ulundupettai,Tamil Nadu,04149 222201,11.692762,79.285932
Chennai Medical College Hospital and Research Centre,"SRM Medical College, Irungallar, Manachanallur, Trichy, 621105",Trichy,Tamil Nadu,0431 4298925,10.954422,78.754891
Kamaraj Government Hospital Blood Bank,"S.P.Kovil Street, Chidamabaram bus stand, Chidambaram, 638001",Chidambaram,Tamil Nadu,04144 223099,11.394771,79.699614
Jawahar Institute of Post Graduate Medical Education & Research (JIPMER) Hospital Blood Bank,"80, OPD Block, Second Floor, Dhanvantari Nagar, Gorimedu Near Gorimedu Check post, 605006",Puducherry,Puducherry,"0413 2297186, 0413 2297187",11.954602,79.797995
CLM Hospital and Blood Bank,"121/625, Industrial Estate, Shastri Nagar, 208005",Kanpur,Uttar Pradesh,0512 2241595,26.463772,80.296612
Rajiv Gandhi Government Women and Child Hospital Blood Bank,"Iyyanar Kovil, Victor Simonal Street, 100 Feet Road
Puducherry, 605009",Puducherry,Puducherry,0413 222 9355,11.93782,79.806917
Government Head Quarters Hospital Blood Bank,"Government Head Quarters Hospital, Karaikudi, Sivagangai District",Sivagangai,Tamil Nadu,04565 221782,10.063948,78.777174
Government Hospital Blood Bank,"The Medical Officer,  Taluk Government  Hospital, Aranthangi, 616614",Pudukkottai,Tamil Nadu,04371 270544,10.180049,79.000136
Government Hospital Blood Bank,"GovernmentHospital, MainRoad, Mayiladuthurai, 609001",Mayiladuthurai,Tamil Nadu,04364 223451,11.10168,79.647377
Church of South India Mission General Hospital Blood Bank,"Woraiyur, Tiruchirappalli, 620003",Trichy,Tamil Nadu,"0431 2761927, 0431 2762879, 0431 2760672, Ext. 423",10.830302,78.67675
Government Head Quarters Hospital Blood Bank,"Government Head Quarters Hospital, Santhanathapuram
Pudukkottai, 622001",Pudukkottai,Tamil Nadu,04332 228111,10.378804,78.818264
East Coast Hospitals Blood Bank,"No 1, Perambai Road, Paris Nagar, Moolakulam,  Near Vasantha Raja Theatre, 605010",Puducherry,Puducherry,"0413 2297899, 0413 2297824",11.930089,79.77957
Indian Red Cross Society Blood Bank,"Indian Red Cross Society, 43/C, Al - Seraj Building, Medical College Road, 613001",Thanjavur,Tamil Nadu,"04362 273456, 04362 273456, 04362  278333",10.776729,79.12912
Child Jesus Hospital Blood Bank,"Next to All India Radio, Promenade Road, Cantonment, Tiruchirappalli, 620001",Trichy,Tamil Nadu,"0431 2415816, 0431 2410816",10.805162,78.686566
Meenakshi Hospital Blood Bank,"SF No.244/2, 3rd Floor, Nilagiri Therkku Thottam Village,  Near New Bus Stand, Trichy Main Road, Tanjore, 613005",Thanjavur,Tamil Nadu,0436 2226474,10.745435,79.111902
Government Head Quarters Hospital Blood Bank,"Government Head Quarters Hospital, Nagapattinam, 611001",Nagapattinam,Tamil Nadu,04365 248600,10.77284,79.843885
Southern Railway Hospital Blood Bank,"Gold Rock, Railway colony, 620002",Tirchy,Tamil Nadu,0431 249 0708,10.784568,78.725301
Government Head Quarters Hospital Blood Bank,"Government  Head Quarters Hospital,Thuraiyur Main Road, Perambalur, 621212",Perambalur,Tamil Nadu,04328 277128,11.23657,78.860775
Aarupadai Veedu Medical College Blood Bank,"East Coast Road, Kirumampakkam, Pondy Cuddalore Road,                               
Puducherry, 607402",Pondicherry,Puducherry,"0413 2611072, 0413 2477316, 0413 2615625",11.831098,79.783102
Government Hospital Blood Bank,"Government  Hospital, Viruduchalam (T.K), 606001",Cuddalore,Tamil Nadu,04143 231766,11.515577,79.316767
Neyveli Lignite Corporation,"NH532, M.K Colony, Neyveli, Tamil Nadu, 607802",Neyveli,Tamil Nadu,"04142 2522784, 04142 28364613",11.537043,79.467181
Sri Kaali Blood Bank,"No. 32 Thirunagar, Thanjavur, 613009",Thanjavur,Tamil Nadu,0435 2426037,10.785119,79.120603
Muthu Medical Center Blood Bank (Muthu Charitable Trust),"No.153 Mettu Street  Opposite to Vegetable Market Perambalur, Tamil Nadu, 621212",Perambalur,Tamil Nadu,0432 8277477,11.238114,78.864898
INDIRA GANDHI MEDICAL COLLEGE & RESEARCH INSTITUTE ( BLOOD BANK),"225,First Floor, Vazhudavur Road, Kathirkamam, 605009",Puducherry,Puducherry,0413 2275512,11.939856,79.79624
Government Head Quarters Hospital Blood Bank,"Government Head Quarters Hospital, Dr. Moorthy Road, Kumbakonam, 612001",Kumbakonam,Tamil Nadu,0435 2425104,10.969246,79.385655
Government Head Quarters Hospital Blood Bank,"Nellikuppam road, Cuddalore, 607001",Cuddalore,Tamil Nadu,04142 292052,11.756684,79.759266
St. Joseph&#39;s Hospital (Cluny)  Blood Bank,"St.Joseph&#39;s Hospital cluny, 16, Romain Rolland Street, Puducherry, 605001",Puducherry,Puducherry,0413 225571,11.930442,79.834177
Mahathma Gandhi Memorial Government Hospital Blood Bank,"(Attached with KAP Vishwanathan Medical College) Mahathma Gandhi Memorial Government Hospital, EVR Road, Puthur, Trichy, 620017",Trichy,Tamil Nadu,0431 2770047,10.811588,78.677458
Government Medical College and Hospital Blood Bank,"The Medical Officer,  Government  Medical College & Hospital, Collectrate Campus, Vilamal, Thiruvarur, 610004",Tiruvarur,Tamil Nadu,04366 222204,10.779139,79.606921
Dhanalakshmi Srinivasan Medical College and Hospital Blood Bank,"1st floor Diagnostic Block, Trichy – Chennai Highways (NH 45) Siruvachur, Perambaulur, 621113",Siruvachur,Tamil Nadu,04328 327999,11.198683,78.872944
Sri Venkateshwara Medical College Hospital and Research Centre,"13-A, Pondy-Vellupuram Main Road, Sugar Factory - Parry, Ariyur, 605102",Ariyur,Puducherry,"0413 2644476, 0413 2260601",11.903661,79.701071
Indhira Gandhi Goverment General Hospital Blood Bank,"1,RVE Victor Simonel Street, Adjucent to Assembly, 605001",Puducherry,Puducherry,0413 2225366,11.931847,79.83303
Government Raja Mirasudar Hospital,"Government Raja Mirasudar Hospital, Thanjavur, 613001",Thanjavur,Tamil Nadu,04362 276880,10.785541,79.1366
Rajah Muthiah Medical College and Hospital Blood Bank,"Annamalai Nagar, Chidambaram, 608202",Chidambaram,Tamil Nadu,"04144 238147, Extn 28",11.398477,79.718821
Government Head Quarters Hospital Blood Bank,"Government Head Quarters Hospital, Mettur Dam, 636401",Metturdam,Tamil Nadu,04298 245400,11.795825,77.798916
Sri Manakula Vinayagar Medical College Hospital Blood Bank,"Kalitheerthalkuppam, Madagadipet, Puducherry, 605107",Kalitheerthalkuppam,Puducherry,"0413 2643000, 0413 2643014, 0413 6533912",11.921612,79.62821
Sri Lakshminarayana Institute of Medical Sciences Blood Bank,"Osudu Agaram Village, Villianur Commune, Kudapakkam
Post, Opposite Oostheri Lake, 605502",Puducherry,Puducherry,"0413 2299218, 2299219",11.938014,79.737529
Karaikal Government General Hospital Blood Bank,"Kamarajar Salai Government Hospital, Puducherry, 609602",Karaikal,Puducherry,"04368 222450, 227752",10.917635,79.836804
Government Headquarters Hospital Blood Bank,"Government Headquarters Hospital, Ramanathapuram, 623501",Ramanathapuram,Tamil Nadu,04567 228178,9.363747,78.831928
Sri Kaali Blood Bank,"No. 165A Gandhi Adigal Salai, Kumbakonam,  Tamil Nadu, 612001",Kumbakonam,Tamil Nadu,0435 242 6037,10.956521,79.37494
A.G. Padmavathi Hospital Blood Bank,"R.S. 127/1A, Villianur Main Road, Arumparthapuram, Oulgaret, Near Adhithiya School, 605110",Puducherry,Puducherry,"0413 2295551,9003136689",11.92318,79.777662
Thanjavur Medical College Hospital Blood Bank,"Thanjavur Medical College Hospital, Thanjavur, 613004",Thanjavur,Tamil Nadu,"04362 246452, 04362 240951, 04362 240124",10.758601,79.106601
Meenakshi Mission Hospital and Research Centre Blood Bank,"Lake Area, Melur Road, Madurai, Tamil Nadu, 625107",Madurai,Tamil Nadu,0452 2588741,9.947597,78.162318
Lotus Blood Bank,"(Lotus Apollo Hospital) Poonthurai Main Road, 638002",Erode,Tamil Nadu,04242 282828,11.326009,77.730096
Kartheek Nursing Home Blood Bank,"Complex No. 37 (STC Road) Perumal Puram 7th Street, Thirunelveli, 627007",Tirunelveli,Tamil Nadu,"0462 2530409,  0462 2530410,  0462 2531777",8.704073,77.738605
Government Mohan Kumaramangalam Medical College Hospital Blood Bank,"Super Specialty Block, Steel Plant Main Road, Salem, 636001",Salem,Tamil Nadu,"04272 210964,0427 238 3313",11.656585,78.153948
Government Hospital Blood Bank,"Government  Hospital, Park Road, Near Taluk Office, Dharapuram, 638656",Dharapuram,Tamil Nadu,04258 220226,10.732509,77.530473
Sudiksha Prabhu Hospital Blood Bank and Research Centre,"59,60, Chokkan Urani Street, AKS Theatre Road
V.O.C. Nagar, Kadershan Koil, Kovilpatti, 628501",Kovilpatti,Tamil Nadu,"04632 233939, 04632 233828",9.172693,77.864944
Tuticorin Blood Bank,"No. 67/70, 1st Floor, North Car Street, Tuticorin, 628002",Tuticorin,Tamil Nadu,0461 4200666,8.808076,78.146747
Government Head Quarters Hospital Blood Bank,"Government  Head quarters Hospital, Usilampatti, Madurai, 625532",Madurai,Tamil Nadu,04552 252185,9.962367,77.788596
Tirunelveli Medical College Hospital Blood Bank,"Tirunelveli Medical College Hospital, Tirunelveli, 627011",Tirunelveli,Tamil Nadu,"0462 2576878, 0462 2572615",8.711749,77.75082
Velammal Medical College Hospital and Reserach Institute Blood Bank,"Velammal Village, Madurai-Tuticorin Ring Road, Anuppanadi
Madurai, 625009",Madurai,Tamil Nadu,0452 25110033,9.887094,78.150868
Salem Steel Authority of India Salem Steel Plant,"Mohan Nagar, Salem, 636013",Salem,Tamil Nadu,0427 2388263,11.654349,78.025247
Government Hospital Blood Bank,"Dindigul Road, South Anna Nagar, Palani, 624601",Palani,Tamil Nadu,04542 248553,10.448498,77.516908
Christian Mission Hospital Blood Bank,"E Veli St. Old Kuyavar Palayam Salai, Madurai Main, Madurai, 625001",Madurai,Tamil Nadu,"0452 2326458, 0452 2326294",9.915951,78.125557
Government Hospital Blood Bank,"Government  Hospital, Rasipuram, 637408",Rasipuram,Tamil Nadu,04287 222878,11.461112,78.185127
Government Sivagangai Medical College Hospital Blood Bank,"Vanieyankudi, Sivagangai, 630561",Sivagangai,Tamil Nadu,04575 246356,9.838881,78.478259
Karur Blood Bank,"No. 196/29, Kamarajapuram, 639002",Karur,Tamil Nadu,"0432 4236177, 0432 4236188",10.963696,78.069084
Sri Shellapha Hospital Blood Bank,"239, Rajaram  Nagar, Near Gandhi Stadium, Salem, 636007",Salem,Tamil Nadu,"0427 2421266, 0427 2421277",11.659832,78.154862
Aarthi Hospital Blood Bank,"60, Santhaipettai Road, Kovilpatti, 628502",Kovilpatti,Tamil Nadu,04362 223346,9.174494,77.866384
Sri Ram Blood Bank,"4/28, Govt Hospital Road, Gobichettipalayam,, 638452",Gobichettipalayam,Tamil Nadu,"04285 222596, 04285 222 224",11.455893,77.42957
Maruti Blood Bank,"Door No. 5, 5/1, Srinivasa Complex, (First Floor) Ram Nagar, Meyyanur, Salem, 636004",Salem,Tamil Nadu,"0427 2444962, 0427 4040110",11.672426,78.136187
Aarthi Hospital and Diagnostic Centre Blood Bank,"No. 177/A-22/2, Trivandrum High Road Vannarapettai, Tirunelveli, 627003",Tirunelveli,Tamil Nadu,"0462 2501363, 0462 221346",8.716055,77.749882
Vadamalayan Hospital Blood Bank,"Vadamalayan Hospital, No.9B, PT Rajan Road, Chokkikulam, Reserve Police Line, 625002",Madurai,Tamil Nadu,0452 2545400,9.942846,78.130616
Vinayaga Mission Kirubananda Variar Medical College Hospital Blood Bank,"Sankari Main Road, Chinna Seeragapadi, Salem, 636308",Salem,Tamil Nadu,0427 3982000,11.585415,78.06378
Bagla Combined District Hospital Blood Bank,,Hathras,Uttar Pradesh,05722 230094,27.599857,78.049858
Sivan Blood Bank Run by Lakshmiammal Memorial Trust,"Plot No.10, D.No. 58A Kuruvikaran Salai, 1st Cross Street, Aringnar Anna Nagar, 625020",Madurai,Tamil Nadu,0452 2536562,9.923292,78.140268
Government Hospital Blood Bank,"Government Hospital, Gobichettipalayam, 638452",Gobichettipalayam,Tamil Nadu,04285 227153,11.456457,77.428786
KSM Blood Bank (Run by Maruti Charitable Trust),"245/10 , 5th Cross street, Brindavan Road, Fairlands, Salem, 636016",Salem,Tamil Nadu,"0427 2446788,  0427 2445453",11.666537,78.143476
Galaxy Hospital Blood Bank,"North Bye Pass Road, Vannerpettai, Tirunelveli, 627003",Tirunelveli,Tamil Nadu,"0462 2501951, 0462 2501955",8.733836,77.723049
Government Hospital Blood Bank,"Pandalkudi Road, Near Vellai Kottai, Aruppukottai, 626101",Aruppukottai,Tamil Nadu,04566 220264,9.502673,78.097224
Government Head Quarters Hospital Blood Bank,"Government Head Quarters Hospital, Thenkarai, Periyakulam, 625601",Periyakulam,Tamil Nadu,04546 231292,10.123029,77.53294
Kongu Blood Bank,"TS No. 51/1E Ist floor, Perundurai Road, 638011",Erode,Tamil Nadu,"0424 2263537, 0424 2263536",11.340634,77.715943
Salem Blood Bank,"Run by SHHARC Charity Trust, 2A 3rd Agraharam,  (Opposite to Kasiwiswanathar Temple), Salem, 636001",Salem,Tamil Nadu,04272 265432,11.659085,78.168204
Government Thoothukudi Medical College Hospital Blood Bank,"Palayamkottai Road, Thoothukudi",Thoothukudi,Tamil Nadu,0462 2321052,8.798061,78.136134
Sithi Vinayagar Blood Bank,"No, 1C Vidhyalaya Road, Salem, 636007",Salem,Tamil Nadu,"0427 2312577, 0427 2316440",11.671281,78.151721
Government Headquarters Hospital Blood Bank,"Government  Head Quarters Hospital, Viralimalai Road, Manapparai, 621306",Trichy,Tamil Nadu,0432 260760,10.604228,78.437862
Life Line Blood Bank Component and Research Centre,"Run by Subashtika Charitable Society, 3rd Floor, Sri Sudharsan Hospital, No.4, Salai Street, Vannarpettai, 627003",Tirunelveli,Tamil Nadu,0462 4560430,8.729758,77.719592
Government Hospital Blood Bank,"Government Hospital, Parasakthi colony, Near Sivakasi railway station, Shield Road, 626123",Sivakasi,Tamil Nadu,04562 220301,9.460615,77.786369
Government Theni Medical College Hospital Blood Bank,"Government  Theni Medical College, Kanavilaku, Madurai Road, Theni, 625531",Theni,Tamil Nadu,04546 294053,10.006927,77.553185
Dindigul Blood Bank,"No. 28/2, Veppan thoppu street, Palani Road, Dindigul, 624001",Dindigul,Tamil Nadu,0451 2427143   ext. 2429812,10.366656,77.977708
St.Joseph Hospital Blood Bank,"Chennai Theni Highway, Nehruji Nagar, 624001",Dindigul,Tamil Nadu,"04512 421130, 04512 426091, 04512 430399",10.370257,77.980644
Annai Abirami Blood Bank,"171/1, Opposite S K G & CO, South Masi Street, Kondaiyanaidu Ln, Periyar, Madurai Main, 625001",Madurai,Tamil Nadu,0452 2339750,9.915247,78.119525
Government Hospital Blood Bank,"Government Hospital, Katcheri Road, Sankaran Kovil, 627756",Sankarankovil,Tamil Nadu,04636 222399,9.167302,77.535764
Minu Labs and Blood Bank,"7.A/4, Ramakrishna Road, (Rajaji Road), 636007",Salem,Tamil Nadu,"0427 2318881, 0427 2332425",11.675357,78.131943
Government Head Quarters Hospital Blood Bank,"Government Head Quarters Hospital, Kovilpatti, Thoothukudi, 628501",Kovilpatti,Tamil Nadu,04632 223106,9.175646,77.874168
Government Rajaji Hospital Blood Bank,"Government Rajaji Hospital, Madurai, 625002",Madurai,Tamil Nadu,0452 2520950,9.926986,78.131758
S Palaniyandi Mudaliar Memorial Hospital Blood Bank,"No. 29 Cuddalore Road,  Ammapet, Salem, 636003",Salem,Tamil Nadu,"0427 2244500, 0427 2240394, 0427 2240395",11.661224,78.192156
Government Head Quarters Hospital Blood Bank,"Government Head Quarters Hospital, Ramamoorthy Road, Virudhunagar, 626001",Virudhunagar,Tamil Nadu,04562 244425,9.588385,77.961917
Erode Blood Bank and Clinical Laboratory,"No. 43, Patel Road, 1st Floor,Erode, 638001",Erode,Tamil Nadu,04242 253163,11.336191,77.718506
Kurinji Hospital Blood Bank,"Tee Jay salai, Five Roads, Salem, 636016",Salem,Tamil Nadu,"0427 2433321, 0427 2433300, 0427 2433301, 0427 2433302",11.677233,78.135322
Government Head Quarters Hospital Blood Bank,"Government Headquarters Hospital, Karur, 639001",Karur,Tamil Nadu,0432 4260197,10.962277,78.080228
IRT Perunthurai Medical College Hospital Blood Bank,"Perundurai, Erode, 638053",Erode,Tamil Nadu,04294 220910,11.280826,77.567496
Christian Community Health Center and Hospital Blood Bank,"Shanthipuram, Ambilikkai, Tamil Nadu, 624612",Ambilikai,Tamil Nadu,04553 249050,10.545977,77.725236
Shifa Hospitals Blood Bank,"No. 82 Kailasapuram Middle Street, IIIrd Floor, Thirunelveli Junction, Thirunelveli, 627001",Thirunelveli,Tamil Nadu,"0462 2323041, 0462 2323044, 0462 2333245",8.728161,77.710143
Government Head Quarters Hospital Blood Bank,"Government Head Quarters Hospital, Namakkal, 637001",Namakkal,Tamil Nadu,04286 221411,11.216752,78.168939
The Apollo Speciality Hospital Blood Bank,"No.14 Deputy Collectors Colony, Lake View Road, K.K. Nagar, Madurai, 625020",Madurai,Tamil Nadu,0452 2581147,9.927966,78.148775
Christian Fellowship Hospital Blood Bank,"Dindigul Main Road, Oddanchathram, 624619",Oddanchataram,Tamil Nadu,"04553 241226,04553 241379",10.48803,77.751707
Leonard Hospital Blood Bank,"SH 155, Arunachalapuram, Batlagundu, 624202",Dindigul,Tamil Nadu,04543 262670,10.165505,77.760672
Government Head quarters Hospital Blood Bank,"Trichy Road,New bus stand, Opp to North police station, 624001",Dindigul,Tamil Nadu,04511 2424600,10.363893,77.976364
Government Hospital Blood Bank,"Government Hospital, 626117",Rajapalayam,Tamil Nadu,04563 221301,9.41412,77.597374
Government Hospital Blood Bank,"Cuddalore Main Road, Attur, Salem District, 636102",Attur,Tamil Nadu,04282 243771,11.59695,78.60139
Sri Gokulam Hospital Blood Bank,"No. 3/60, Mayanur Road, Salem, 636004",Salem,Tamil Nadu,"0427 2448171, 0427 2448176",11.672702,78.133827
Shharc Charity Blood Bank,"39A, Dr. Shankaram Road, Gandhi Nagar (Near BSNL Office), Namakkal, 637001",Namakkal,Tamil Nadu,0428 6234552,11.215701,78.168668
Government Aringnar Anna Memorial Cancer Hospital Blood Bank,"Bangalore High Road, Karaipettai, 631552",Kanchipuram,Tamil Nadu,"044 27264244, 044 27264246",12.86981,79.715799
SVRRGGH - Model Blood Bank,"S.V.R.R. Government General Hospital, Tirupati, 517502",Tirupati,Andhra Pradesh,0877 2286290,13.644382,79.407003
Government Medical College Hospital Blood Bank,"Arni Road, Arani Road, Opposite Staff Quarters, Adukkamparai, Vellore, 632011",Adukamparai,Tamil Nadu,04162 263900,12.845971,79.135775
District Headquarters Hospital (Repeated),"District Headquarters Hospital, Dargamitta, Nellore, 524003",Nellore,Andhra Pradesh,92477088602,14.435424,79.966831
Bethesda Hospital Blood Bank,"Mission Compound, Post Box No 56,  Ambur, 635802",Ambur,Tamil Nadu,04174 242131,12.778149,78.720022
Indian Red Cross Society Blood Bank,"Indian Red Cross Society (IRCS) Road, Madras Bus stand, Nellore, 524003",Nellore,Andhra Pradesh,0861 2320470,14.426777,79.959008
St Joseph Hospital Blood Bank,"Police line, Jayapuram, Tindivanam, 604002",Tindivanam,Tamil Nadu,04147 226363,12.219359,79.654492
Masonic Blood Bank,"W/BRO V Surendranath Reddy Memorial Trust ,No. 5/2 New Katpadi Road, Opposite to Hotal River view, Vellore, 632004",Vellore,Tamil Nadu,"0416 2220717, 0416 2223024",12.930498,79.135092
Pondicherry Institute of Medical Sciences Blood Bank,"Kalathumettupathai, Ganapathichettikulam, Village No. 20
Kalapet, Puducherry",Kalapet,Puducherry,"0413 2656271, 0413 2656272, 0413 2656700",12.046974,79.854738
"Indian Red Cross Society, Blood Bank","D.No. 10-971, Opposite to Mattipedda Puli, Trunk Road, Kadapa, 516001",KADAPA,Andhra Pradesh,08562 272829,14.467354,78.824134
Government Hospital Blood Bank,"Government Hospital, Hospital Road, Dindivanam, 604601",Tindivanam,Tamil Nadu,04147 222250,12.241136,79.651734
"Aswini Hospital Blood Bank, TTD","Tirumala Tirupati Devastanam (TTD), Tirumala, Chittoor, 517507",Tirumala,Andhra Pradesh,9490651605,13.677292,79.3487
Madurantakam Government Hospital Blood Bank,"Hospital Road, Madurantakam, 603306",Madurantakam,Tamil Nadu,044 27555216,12.50908,79.890064
Melmaruvathur Adiparasakthi Institute of Medical Sciences and Research Blood Bank,"A unit of Adiparasuthi Charitable Medical Eductional Cultural Trust, Melmaruvathur, Kancheepuram, 603319",Melmaruvathur,Tamil Nadu,"044 27528302, 044 27528303, 044 27528304",12.434226,79.81321
Karpaga Vinayaga Institute of Medical Sciences Blood Bank,"GST Road, Chinna Kolambakkam, Palayanoor P.O.
Madurantagam Taluk., 603308",Maduranthagam,Tamil Nadu,044 27566050  044 2759 8484,12.592392,79.911956
Chengalpattu Medical College Hospital Blood Bank,"Anna Nagar, Chengalpattu, 603001",Chengalpattu,Tamil Nadu,"044 27431909, 044 2743 1221",12.677617,79.98029
Government Medical College Hospital Blood Bank,"Government Thiruvannamalai Medical College Hospital, Thiruvannamalai, 606603",Tiruvannamalai,Tamil Nadu,04175 223585,12.225476,79.064744
Sri Narayani Hospital and Research Centre Blood Bank,"Sripuram, Thirumalaikodi, Vellore, Tamil Nadu, 632055",Vellore,Tamil Nadu,"0416 2206300,0416 2271202, 0416 2271844, 0416 2271584",12.870762,79.089846
Govt Maternity Hospital Blood Bank,"Ruia Hospital Road, Tirupati, 517507",Tirupati,Andhra Pradesh,9949190197,13.639418,79.409372
Government Head Quarters Hospital Blood Bank,"Hospital Road, Kanchipuram, 631501",Kanchipuram,Tamil Nadu,"044 27222307, 044 272223308",12.832978,79.710277
M/s IRCS Blood Bank.,"D.No. 20 - 119, Prakasam High Road, Chittor, 517001",Chittoor,Andhra Pradesh,08572 220287,13.21698,79.100764
ST Thomas Hospital Blood Bank and Leprosy Centre,"Chettupattu, Polur Road, Tiruvannamalai, 606801",Tiruvannamalai,Tamil Nadu,04181 252263,12.466265,79.335994
Verma Union Hospital Blood Bank,"120, Dhar Road, Opposite to Kastur Cinema, 452002",Indore,Madhya Pradesh,"0731 2380609, 0731 4022000, 0731 4056651",22.71209,75.838098
Index Medical College Hospital and Research Centre Blood Bank,"104, Trishul Apartment, 5, Sanghi Colony, Opposite to Amaltas Hotel, A.B. Road, 462008",Indore,Madhya Pradesh,0731 4215757,22.732016,75.888857
Vishnuprabha Charitable Trust Blood Bank,"39, HIG, Chamunda Complex, Civil Lines, 455001",Dewas,Madhya Pradesh,07272 253110,22.964817,76.046337
Greater Kailash Hospitals Private Limited Blood Bank,"111/2, Old Palasia, 452018",Indore,Madhya Pradesh,"0731 6633333,  0731 4051160, 0731 2491160, 0731 3057935, 0731 4091515",22.72527,75.889633
Bhagwan Mahavir Hospital Blood Bank,"Jawai Bhand Road , Ramnagar, 306126",Sumerpur,Rajasthan,"02933 258632, 02933 258699",25.132911,73.11258
Aruvindo Blood Banks SAIMS Hospital,"Indore Ujjain State Highway, Near MR 10 Crossing, 453555",Indore,Madhya Pradesh,"0731 4231000, 0731 4231100",22.796953,75.845156
Late N.H. Ramani Memorial Voluntary Blood Bank and Navchetan Pathology Lab Modasa,"Late N.H. Ramani Memorial Voluntary Blood Bank and Navchetan Pathology Lab, 2nd floor, Upasana Complex, Nr. S.T. Stand, Modasa, Sabarkantha., 383315",Sabarkantha,Gujarat,"02774 247890, 02774 243690",23.459892,73.297569
Mahatma Gandhi Government Hospital Blood Bank,"Bikaner, 327001",Banswara,Rajasthan,"02962 242483, 02962240223",23.553246,74.442491
District Hospital Blood Bank,"M G Government - District Hospital, 455001",Dewas,Madhya Pradesh,07272 251718,22.962207,76.048075
GMERS Medical College Attach Sir Pratap General Hospital Blood Bank,"Blood Bank, GMERS Medical College Attach Sir Pratap General Hospital, Himmatnagar, Sabarkantha, 383001",Himmatnagar,Gujarat,"02772 246618, 02772 241551",23.595692,72.960688
Grassim Hospital and Blood Bank,"Birlagram Nagda, 456001",Nagda,Madhya Pradesh,07366 247200,23.4465681,75.407488
Kota Blood Bank Society,"Kota, 1-Basant Bihar, Dadabari, Near Modi College, 324009",Kota,Rajasthan,"0744 2402020, 0744 2402010",25.15205,75.835195
District Hospital Blood Bank,"District Hospital, 457001",Ratlam,Madhya Pradesh,07412 270445,23.327397,75.038845
CR Gardi Hospital and RD Blood Bank,"Gardi Medical College Sursa, 456006",Ujjain,Madhya Pradesh,0736 8261305,23.233015,75.811619
MY Hospital & MGM Medical College - State of ART Model Blood Bank,"MY Hospital & MGM Medical College, A.B.Road, Indore, 452001",Indore,Madhya Pradesh,0731 2438138,22.714476,75.882875
Bhupal Singh Dhariwal Memorial Blood Bank,"Sector:8, R C Vyas Colony, Near Sahakari Bhumi vikas bank, 311001",Bhilwara,Rajasthan,"01482 238113, 01482239113",25.358359,74.645124
New Hospital  Medical College Blood Bank,"Ganesh Nagar Road, Rama Krishna Puram, Kota., 324010",Kota,Rajasthan,0744 24770477,25.119971,75.831146
Ram Snehi Hospital Blood Bank,"Nehru Road, 311001",Bhilwara,Rajasthan,"01482 234 100, 01482238640",25.349758,74.643888
District Hospital Blood Bank,"District Hospital, 458001",Mandsaur,Madhya Pradesh,07422 241241,24.069241,75.071826
Gurjar Hospital and Endoscopy Centre Private Limited Blood Bank,"44 B, Bhawarkuan Chouraha, A.B. Road, 452009",Indore,Madhya Pradesh,"0731 2363716, 0731 2363717, 0731 2363718",22.691901,75.866108
Saral Blood Bank,"Smt. Sarala Singhvi Charitable Society, 
30, Bhikharinath Ka Math, Bhupalpura, 313001",Udaipur,Rajasthan,0294 2416285,24.594033,73.698544
Raktdan Kendra Voluntary Blood Bank Godhra,"Raktdan Kendra Voluntary Blood Bank, Modi Ni Wadi No. 3, Near Nehru Garden, Godhra, Panchmahal, 389001",Godhra,Gujarat,"02672 650004, 02672 242153",22.762228,73.608892
Shri Ram Blood Bank,"Shri Ram Hospital , Sheela Choudhary Rd, New Rajeev Gandhi Nagar, VIP Colony, Talwandi,, 324005",Kota,Rajasthan,0744 2437378,25.144698,75.837722
Jain Pathology Laboratory and Blood Bank,"Gandhi Chouraha, 458001",Mandsaur,Madhya Pradesh,07422 242518,24.5550033,75.1727662
Sawai Madhopur Government General Hospital Blood Bank,"Alampur chowk 
Housing Board Rd, Housing Board, Sawai Madhopur,, 322021",Sawai Madhopur,Rajasthan,"07462-234140, 07462 233040",25.217543,75.837287
Rajasthan Atomic Power Station (R.A.P.S) Hospital Blood Bank,"Chittaurgarh, 323307",Rawatbhata,Rajasthan,01475 233250,24.873676,75.617899
Gokuldas Hospital Blood Bank,"11, Sarju Prasad Marg, 452001",Indore,Madhya Pradesh,0731 2519212,22.716411,75.8760433
GBH American Hospital Blood bank,"101, Kothi Bagh, Bhatt Ji Ki Bari, Meera Girls College Road, 313001",Udaipur,Rajasthan,"0294 2426000, 0294 2428712",24.593634,73.696364
Arihant Hospital and Research Centre Blood Bank,"Situated in 283- A, Gumasta Nagar, 452009",Indore,Madhya Pradesh,"0731 2785172, 0731 278517274",22.701662,75.829585
Muljibhai Patel Urological Hospital Blood Bank,"Blood Bank, Muljibhai Patel Urological Hospital, Dr. V.V. Desai Marg, Nadiad, Kheda, 387001",Nadiad,Gujarat,"0268 2520323, 0268 2520325",22.683058,72.872039
Maharao Bhimsingh Hospital Blood Bank,"Maharao Bhimsingh Hospital, Nayapura,
Kota., 324001",Kota,Rajasthan,"0744 2322171, 0744 2326000",25.198998,75.856664
Sanghvi Blood Bank,"1st Floor, Manas Bhavan, RNT Marg, 452001",Indore,Madhya Pradesh,"0731 2527081, 0731 4208761",22.7166872,75.8739793
Sudha Blood Bank,"Sudha Hospital and Research Centre Private Limited, 11-A, Talwandi, Jhalawar Road, VIP Colony, Talwandi, Kota., 324005",Kota,Rajasthan,"0744-3010086, 0744 3010000, 10001, 10003, 0744 279 0001",25.150517,75.852151
Gujarat Methodist Church Cardiac Care and Research Society Blood Bank,"Blood Bank, Gujarat Methodist Church Centre Care and Research Society, Mission Road, Nadiad, Kheda, 387002",Nadiad,Gujarat,"0268 2555711, 0268 2555723",22.701204,72.844443
Shri Haridev Joshi General Hospital Blood bank,"New Colony, Dungarpur., 314001",Dungarpur,Rajasthan,02964 232413,23.858847,73.71089
Lokmitra Blood Bank and Thalassemia Research Centre,"205, Bussiness Centre, Madhuvan, 313001",Udaipur,Rajasthan,0294 2413100,24.581121,73.712858
Government Bangar Hospital Blood Bank,"Bangar Hospital, Veer Durga Das Nagar, Pali, 306401",Pali,Rajasthan,02932 226059,25.776368,73.332182
P.B.S.S.General Hospital Blood Bank,"Opposite to Road Wave bus stand Bumdi, Near to DC office, 323001",Bundi,Rajasthan,"0747 2443456, 0747-2442760",25.441477,75.644144
Bombay Hospital Trust Blood Bank,"Eastern Ring Rd,Ring Rd, IDA Scheme No.94/95, Tulsi Nagar, Vijay Nagar, 452010",Indore,Madhya Pradesh,0731 2558866,22.71957,75.857726
Jhalawar Hospital and Medical College Blood Bank,"N.H.-12, Kota Road,, 326001",Jhalawar,Rajasthan,"07432-233233, 07432- 233388, 7432-234465",24.586774,76.160622
Samarth Raktdan Kendra,"Samarth Raktdan Kendra, Gausala chowk, Daulatgunj Bazar, Dahod, 389151",Dahod,Gujarat,"02673 223139, 02673 242514",22.949278,73.630239
Patel Voluntary Blood Bank Modasa,"Patel Voluntary Blood Bank, Dr. Yogesh Upadhyay&#39;s Hospital, Siddhi Vinayak Comlpex, Shamlaji Road, Modasa, 
Sabarkantha",Sabarkantha,Gujarat,9898651107,23.467375,73.297689
District Hospital,"District Hospital.JHABUA, 457661",Jhabua,Madhya Pradesh,07392 243312,22.773068,74.591422
Rotary International Global Hospital Blood Bank,"Radha Mohan Mehrotra Global Hospital Trauma Centre, 
Opposite Modern Insulators Ltd., Talhati, Abu Road, 307510",Sirohi,Rajasthan,"02974228606, 02974 22860, 02974 228472",24.538286,72.801958
Krishna Rotary Blood Bank,"1-A- 12, S.F.S., Doctorâ€™s Enclave, Talwandi, 324005",Kota,Rajasthan,0744 3291661,25.153422,75.851833
Puspha Mission Hospital and Maternity Home Blood Bank,"Dewas Road, 456001",Ujjain,Madhya Pradesh,0734 2526732,23.168295,75.795961
Deep Blood Bank,"Near Priyadarshni Gas Agency, Bhawani Mata Road, 450001",Khandwa,Madhya Pradesh,0733 2224705,22.8740505,74.7337069
Manav Seva Samiti Blood Bank,"Nagrik Vishram Griha College Road, 457001",Ratlam,Madhya Pradesh,0741 2239000,23.3266577,75.039959
"General Hospital Blood Bank Godhra,","Blood Bank, General Hospital, Godhra, Panchmahal, 389001",Godhra,Gujarat,02672 243192,22.771958,73.620689
Pacific Medical College and Hospital Blood Bank,"Bhilon ka Bedla, N.H. 27, Pratap Pura, Girwa, 313001",Udaipur,Rajasthan,"0294 3920000, 0294-2980077",24.668857,73.70231
Vishesh Hospital Blood Bank,"2/1, A.B. Road, Near Geeta Bhawan, Chouraha, 452001",Indore,Madhya Pradesh,"0731 4238111, 0731 2499331, 0731 2499332, 0731 2499333",22.7187135,75.8882735
Government General Hospital Blood Bank,"Palace Road Sirohi, Near Govt College Sirohi,, 307001",Sirohi,Rajasthan,02972 220041,24.88629,72.859424
SNG Hospital Blood Bank,"16/1, South Tukoganj Kanchan Bagh, Main Road, Near Crown Palace Hotel, 452001",Indore,Madhya Pradesh,"0731 4219191, 0731 2525555",22.720246,75.8817
Maharana Bhupal Government Hospital Blood Bank,"Hospital Rd, City&#39;s Prime Health Care Area, 313001",Udaipur,Rajasthan,"0294 252 8811 Ext: 241 ,  2942413305",24.589107,73.692338
Kiran Voluntary Blood Bank,"Kiran Voluntary Blood Bank, Near Hotel Vrundavan,
Station Road, Dahod",Dahod,Gujarat,02673 246212,22.839956,74.254361
Mahatma Gandhi Hospital Blood Bank,"Swami Ram Charan Marg, Bhopal Ganj, 311001",Bhilwara,Rajasthan,"01482 232 641, 04182220139",25.347562,74.641874
Ujjain Charitable Trust Blood Bank,"Ujjain, 456001",Ujjain,Madhya Pradesh,0734 4013621,23.192897,75.776423
Indian Red Cross Society (IRCS) Blood Bank,"Indian Red Cross Society, District Hospital Campus, 458441",Neemuch,Madhya Pradesh,"07423 223878, 07423 225982",24.460273,74.874825
Indian Red Cross Society Blood Bank,"Sanchalit Dr. Mohsinbai S. Lenwala Voluntary Blood Bank, Dr.Harilal C.Seth, Red Cross Bhavan, Police Line road, Dahod, 389151",Dahod,Gujarat,02673 224422/23,22.838831,74.254139
District Hospital Blood Bank,"District Hospital, 456006",Ujjain,Madhya Pradesh,0734 2551077,23.105277,75.463821
Bharat Vikas Parishad Chikitshalya Blood Bank,"Pratap Nagar, Dada Bari, 324009",Kota,Rajasthan,"0744 2404501, 0744 2404502, 0744 2404503",25.16239,75.831475
Shree Sanwaliyaji Government Hospital Blood Bank,"A63, Udaipur Rd, Senthi, Bapu Nagar, Chittorgarh, 312001",Chittorgarh,Rajasthan,"01472 241102, 01472 240744",24.619153,74.681808
Geetanjali Medical College and Hospital Blood Bank,"Hiranmagri Extension, Manwakhera NH-8 Bypass, Near Eklingpura Chouraha, 313002",Udaipur,Rajasthan,"0294 2500000, 0294 2500008",24.553352,73.731888
R.K. District Hospital Blood Bank,"Haribhau Upadhyay Nagar, Rajsamand., 313324",Rajsamand,Rajasthan,"02952220433, 02952 220529, 02952 220033",25.024193,73.883611
L. G. Hospital Blood Bank,"Sheth L.G. General Hospital and Blood Bank, Maninagar, 
Ahmedabad, 380008",Ahmedabad,Gujarat,079 25461380 / 81 / 82 / 83 / 84 (Extn. 219),22.999464,72.60458
GUJARAT CANCER MEDICAL COLLEGE,"Blood Bank, Gujarat Cancer Society Medical College Hospital and Research Centre, 
Opp. D.R.M. office, Swadesi Mill compound,
Near Chamunda Bridge, 
Ahmedabad, 380025",Ahmedabad,Gujarat,"079 6648138,079 66048000",23.038706,72.610334
Maha Gujarat Blood Bank,"Maha Gujarat Blood Bank (Voluntary) and Pathology Lab, 21, Parth  Comp., Near Maninagar Fire Station, Maninagar, Ahmedabad, 380008",Ahmedabad,Gujarat,"079 25451331, 079 25461641",22.997578,72.603054
Institute of Kidney Disease and Research Centre,"Blood Bank, The Institute of Kidney Disease and Research Centre, Civil Hospital Compound, Asarwa, Ahmedabad, 380016",Ahmedabad,Gujarat,"079 22687164, 079 22687165, 079 22687000, 079 22685609",23.051439,72.605577
General Hospital Blood Bank Morbi,"Blood Bank, General Hospital, Morbi, Rajkot, 363641",Rajkot,Gujarat,"02822 230538, 02822 230203",22.815814,70.831473
Bhoomi Voluntary Blood Bank Palanpur,"Bhoomi Voluntary Blood Bank, Paulamo House, Near Bridge, 
Palanpur, Banaskantha, 385520",Banaskantha,Gujarat,"02742 260632, 02742 260633, 02742 256475",24.162436,72.414225
Gandhi Lincon Hospital Blood Bank,"Bhansali Trust sanchalit Voluntary Blood Bank, Gandhi Lincon Hospital, Nr.Municipal Complex, Nr. Sardar-Baug, Deesa, 
Banaskantha, 385535",Banaskantha,Gujarat,02744 220172,24.256318,72.184372
General Hospital Blood Bank Mehsana,"Blood Bank, General Hospital, Near Bus Stand, Rajmahal Road, Mehsana, 384001",Mehsana,Gujarat,"02762 297301, 02762 221475",23.608546,72.391231
Prathama Blood Centre,"Prathama Blood Centre, B/H Jivraj Mehta Hospital, Near Lavanya Society, Dr. C.V. Raman Marg, Vasna, Ahmedabad, 380007",Ahmedabad,Gujarat,079 26600101,23.006225,72.541921
The Gujarat Cancer & Research Institute Blood Bank,"The Gujarat Cancer & Research Institute, M.P. Shah Cancer Hospital, Civil Hospital Campus, Asarwa, Ahmedabad, 380016",Ahmedabad,Gujarat,"079 22681451, 079 22688061, 079 22688062, 079 2268 8000",23.039061,72.610263
Dharti Voluntary Blood Bank,"Dharti Voluntary Blood Bank, 1st Floor, Super Market S.T. Road, Dhanera, Banaskantha, 385310",Banaskantha,Gujarat,02748 222443,24.499781,72.020131
White Cross Blood Bank,"White Cross Blood Bank (Vol.), 2nd Floor, Kandhari Building, 
Opposite to S.T. Workshop, Naroda Road Patia, Naroda , Ahmedabad",Ahmedabad,Gujarat,079 22815227,23.06573,72.636791
Ami Pathology Laboratory and Blood Bank,"Ami Pathology Laboratory and Blood Bank, 14-15 Baronet Tower (Complex), Tollnaka, Highway , Ramnagar, Sabarmati, Ahmedabad, 380005",Ahmedabad,Gujarat,079 27501202,23.08705,72.592226
General Hospital Surendranagar Blood Bank,"Blood Bank, General Hospital, Surendranagar, 363001",Surendranagar,Gujarat,02752 222052,22.7226,71.649165
General Hospital Blood Bank Siddhpur,"Blood Bank, General Hospital, Siddhapur, Patan",Siddhpur,Gujarat,02767 223086,23.916169,72.372983
Saraswati Voluntary Blood Bank,"Saraswati Voluntary Blood Bank. Saraswati Hospital, Opposite to Petrol pump, Dhanera, Banaskantha, 385001",Banaskantha,Gujarat,02748 222011,24.499588,72.032557
Balrampur Hospital Blood Bank,"Balrampur Hospital, Chakbast Road, Qaiserbagh, Lucknow, Uttar Pradesh, 226018",Lucknow,Uttar Pradesh,"0522 22624040, 0522 2629949",26.856601,80.926431
Barmer Government Hospital Blood Bank,"Railway Colony, 344001",Barmer,Rajasthan,02982 230402,25.7505,71.396354
Smt. Shardaben Hospital Blood Bank,"Smt. Laxmiben Chimanlal Lalbhai Blood Bank, C/o. The Superintendent, Smt. Shardaben Chimanlal Municipal General Hospital, Saraspur, Ahmedabad., 380018",Ahmedabad,Gujarat,"079 22164261, 079 22924264",23.035285,72.617719
Gujarat Blood Bank Paldi,"Gujarat Blood Bank (Voluntary), Pathology Laboratory, 101, Span Trade Centre, Opp. Kochrab Ashram, Near Paldi Char Rasta, Paldi, Ahmedabad, 380007",Ahmedabad,Gujarat,079 27413719,23.016405,72.566328
Help Voluntary Blood Bank,"Help Voluntary Blood Bank (Green Cross Voluntary Blood Bank Pathology and RIA Laboratory) 6 and 7, Kotyark Complex, Opposite to L.G. Hospital, Maninagar, Ahmedabad, 380008",Ahmedabad,Gujarat,079 65136744,23.000103,72.604863
Sterling Hospital,"Blood Bank, Sterling Hospitals, Drive in Road, Near Gurukul, Memnagar Road, Ahmedabad, 380052",Ahmedabad,Gujarat,7940011620,23.048798,72.531309
Dr. Jivraj Mehta  Smarak Health Foundation Blood Bank,"Blood Bank, Dr. Jivraj Mehta  Smarak Health Foundation, Bakeri Medical Research Centre, Arogya Dham, Dr. Jivraj Mehta Marg, Ahmedabad., 380007",Ahmedabad,Gujarat,"079 22687164, 079 22687143",23.008319,72.543367
Sharddha Voluntary Blood Bank and Pathology Laboratory Dhangadhra,"Shraddha Vol. Blood Bank and Pathology Laboratory, Halani Chamber, 1st floor, Zala Road, Dhangadhra, Surendranagar",Surendranagar,Gujarat,02754 280301,22.990836,71.47162
Supratech Voluntary Blood Bank,"Supratech Voluntary Blood Bank, Mild Stone Building, 1st Floor, Near Drive-in Cinema, Thaltej, Ahmedabad, 380054",Ahmedabad,Gujarat,"079 40058958, 079 40054400, 079 40057317",23.067721,72.512046
Visnagar Voluntary Blood Bank,"Jivan Jyot Charitable Trust, Sanchalit Visnagar Voluntary Blood Bank, Station Road, Visnagar, Mehsana",Visnagar,Gujarat,02765 220903,23.701586,72.541897
Apollo Hospital International Limited Blood Bank,"Blood Bank, Apollo Hospital International Limited, Block No. 1/A, GIDC estate, BHAT, Gandhinagar, 382428",Gandhinagar,Gujarat,079 66701825,23.109635,72.625835
V. S. Hospital Blood Bank,"C/o. Sheth, Vadilal Sarabhai (V.S.) Hospital, Ellisbridge, Ahmedabad, 380006",Ahmedabad,Gujarat,079 26577621  (Extn.341),23.020595,72.571659
Mayur Voluntary Blood Bank   Mandvi,"Mayur Voluntary Blood Bank & Pathology Laboratory, 
Azad Chowk, Mandvi, Kutch, 370465",Kutch,Gujarat,02832 231324,22.833302,69.354198
"Sardar Seva Trust, Unjha Nagrik Sahkari Voluntary Blood Bank","Sardar Seva Trust Sanchalit Unjha Nagrik Sahkari Bank Ltd., Voluntary Blood Bank, 1st Floor Poonam Complex, Unjha
Mehsana, 384170",Unjha,Gujarat,02767 248755,23.804024,72.389713
Bagalkot Blood Bank,"Hanagal Shree Kumareshwar Hospital and Research Centre, Ilkal Road, 587101",Bagalkot,Karnataka,0835 220420,16.186132,75.70653
"Bahansali Trust Raktdan Kendra, Radhanpur","Bahansali Trust Raktdan Kendra, Bahansali Trust Hospital, 
Highway, Radhanpur, Patan",Patan,Gujarat,"02746 277343, 02746 277249",23.823539,71.616139
"GMERS MEDICL COLLEGE ATTACHED GENERAL HOSPITAL, GANDHINAGAR","Blood Bank, H-1 Block, First Floor, Civil Hospital Campus, Opposite to Pathik Ashram, Sector-12, Gandhinagar, 382012",GANDHINAGAR,Gujarat,"079 23221931, 079 23221932 Ext. 138",23.218597,72.641585
GMERS Medical College and Hospital Blood Bank Dharpur,"Blood Bank, GMERS Medical College, Dharpur, Patan",Patan,Gujarat,02766 233311,23.84643,72.191676
"M. U. Pethani Voluntary Blood Bank, Palanpur","Bhagwan Mahavir Seva Samiti Sanchalit Mafatben Uttamlal Pethani Voluntary Blood Bank, Baradpura, Near Delhi Gate,                           Palanpur, Banaskantha, 385001",Banaskantha,Gujarat,"02742 246914, 02742 245899",24.170367,72.435186
Adarsh Voluntary Blood Bank,"Adrash Blood Bank (Shree Sharswati Trust - Tharad), Adarsh Complex,  2nd Floor, Ambika Nagar Society-1, Highway Road, 
Tharad, Banaskantha",Tharad,Gujarat,9879013952,24.396283,71.638042
Civil Hospital Blood Bank,"Blood Bank, Department of IHBT, C/o.The Civil Hospital, Asarwa, Ahmedabad, 380016",Ahmedabad,Gujarat,"079 22683949/50/51/52/53/54/55, 07922683721-31 (Extn.1419)",23.051227,72.6055
C. U. Shah Medical College and Hospital Blood Bank,"Blood Bank, C. U. Shah Medical College and General Hospital, Dudhrej Road, Surerndranagar, 363001",Surendranagar,Gujarat,"02752 287041, 02752 287000, 02752 287001, 02752 287002",22.741751,71.622137
Shiv Voluntary Blood Bank Morbi,"Shiv Voluntary Blood Bank, 2nd Floor, Pawan Complex, Sanala Road, Near Sagar Hospital, Morbi, Rajkot",Rajkot,Gujarat,02822 292577,22.811453,70.828261
Gujarat Blood Bank Naranpura,"Gujarat Blood Bank (Voluntary) and Pathology Laboratory,  
1-2, Subhlaxmi Complex, Naranpura, Ahmedabad, 380013",Ahmedabad,Gujarat,079 27413719,23.055467,72.560224
General Hospital Blood Bank,"Model Hospital Blood Bank, (ESIS), Blood Bank, Bapunagar, Ahmedabad, 380024",Ahmedabad,Gujarat,"079 22745770, 079 22743935",23.028114,72.623869
Indian Red Cross Society Blood Bank,"Indian Red Cross Society, J. L. Thakore Red Cross Bhavan, 
18-Gujarat Brahmkshatriya Society, Behind Suvidha Market,
Paldi, Ahmedabad, 380007",Ahmedabad,Gujarat,"079 26651833, 079 26650855",23.012718,72.55774
Cross World Voluntary Blood Bank,"Cross World Voluntary Blood Bank, Chandraprabhu Complex,
Sardar Patel Cross Road, Ahmedabad, 380013",Ahmedabad,Gujarat,"079 26568004, 079 26401959",23.056322,72.570237
Jivan Jyot Blood Bank,"Jivanjyot Blood Bank, 63, A/B, Vijyanagar, New Hospital Road, Bhuj, Kutch, 370001",Kutch,Gujarat,02832 222812,23.241748,69.67181
Charak Hospital and Research Center Blood Bank,"Dubagga Hardoi Road, Lucknow, 226003",Lucknow,Uttar Pradesh,9415410623,26.872555,80.871172
Gayatri Pathology Laboratory and Voluntary Blood Bank,"Gayatri Pathology Laboratory and Voluntary Blood Bank, Kirti Chamber, Kirti Stambh Road, Palanpur, Banaskantha",Banaskantha,Gujarat,02742 253475,24.266228,72.183973
"Matrushri Meghbai Pramji Jetha Hospital and Research Centre, Bhuj","Blood Bank, Matrushri Meghbhai Premaji Jetha Hospital and Research Centre, Sardar Patel Vidhya Sankul, Bhuj - Mundra Road, Kutch., 370001",Kutch,Gujarat,"02832 231133, 02832 231144",23.242291,69.666889
Shraddhadeep Pathology Lab and Blood Bank,"Shraddhadeep Pathology Lab and Blood Bank, 
Shiv Complex , Plot no. 329, 1st Floor, Sector-16, Gandhinagar",Gandhinagar,Gujarat,079 23222474,23.226929,72.646557
Indian Medical Association (IMA) Blood Bank,"Blood Bank, Indian Medical Association (IMA), Manasa Charitable Trust sanchalit C.M.K. and P.N.N. Voluntary Blood Bank, 1st floor, Vijay Complex,  Mansa-Gandhinagar Highway, Manasa-382845, Gandhinagar, 382845",Mansa,Gujarat,02763 270085,23.420056,72.653181
General Hospital Blood Bank Palanpur,"Blood Bank, General Hospital, Palanpur, Banaskantha, 385001",Banaskantha,Gujarat,02742 253083,24.175017,72.434692
Gayatri Voluntary Blood Bank,"Gayatri Voluntary Blood Bank, Kiran Complex,Highway Road, 
Deesa, Banaskantha",Banaskantha,Gujarat,02744 230342,24.263756,72.162408
Karnavati Blood Bank and Pathology Lab,"Karnavati Blood Bank and Pathology Lab, 36, Subhlaxmi Complex, Naranpura, Ahmedabad, 380013",Ahmedabad,Gujarat,079 27415150,23.057858,72.552974
Mehsana Jaycees Charitable Trust Blood Bank,"Mehsana Jaycees Charitable Trust Sanchalit Sarvodaya Commercial Co.op Voluntary Blood Bank, Pinky Super Bazar, Dairy Road, Mehsana, 384002",Mehsana,Gujarat,"02762 251252, 02762 243634",23.607589,72.384975
Seventilal Kantilal Blood Bank,"The Rotary Club of Patan Charitable Trust Sanchlit Seventilal Kantilal Blood Bank, &#39;Rotary Bhavan&#39;, Khetarvari, Patan, 384265",Patan,Gujarat,"02766 231477, 02766 233496",23.848226,72.112104
Indian Red Cross Society Blood Bank Himmatnagar,"Blood Bank., Indian Red Cross Society Sabarkantha District Branch, Sheth Shri Jamanadas Madhavji Tanna , Red Cross Bhavan, Nr. G.P.O., State Highway, 
Himmatnagar, Sabarkantha, 383001",Himmatnagar,Gujarat,"02772 240789, 02772 245110",23.056733,72.573372
Vikas Voluntary Blood Bank,"Vikas Voluntary Blood Bank, Computerized Pathology Laboratory, Kirti Harsh Complex, Nr. Gayatri Mandir, Highway Road, Deesa, Banaskantha",Banaskantha,Gujarat,02744 230342,24.264792,72.183378
Jalore Government General Hospital Blood Bank,"Vedhaynath Colony, Jalore, 343001",Jalore,Rajasthan,"02973-225098, 02973 225090",25.235099,72.504023
General Hospital Blood Bank Sola,"Blood Bank, Civil Hospital, Sarkhej Highway, Near Gujarat High Court,  Sola, Ahmedabad, 380060",Ahmedabad,Gujarat,"079 27664349, 079 27432584, 079 27474359 (Exte.210)",23.082702,72.525858
Adarsh Pathology Laboratory and Blood Bank,"Adarsh Pathology Laboratory and Blood Bank, 1st Floor, Samjuba Hospital, Bapunagar, Ahmedabad",Ahmedabad,Gujarat,"079 22749146, 079 22746672",23.033177,72.628422
District Hospital Blood Bank,"Dr. B. R. Ambedkar Road, 590001",Belgaum,Karnataka,0831 2425073,15.86908,74.510438
District Hospital Blood Bank Dharwad,"Fort Road, 580001",Dharwad,Karnataka,0836 2747747,15.46473,75.010366
Goa Medical College Blood Bank,"Goa Medical College, Bambolim, Tiswadi, Goa, 403202",Panaji,Goa,0832 2458724,15.463768,73.858813
Medical College Hospital Blood Bank,"Vijayanagara Institute of Medical Science (VIMS), Bellary, 583104",Bellary,Karnataka,08392 235356,15.154334,76.896594
District Hospital Blood Bank,"District Hospital, Pedem, Mapusa, Goa, 403507",Mapusa,Goa,0832 2253387,15.597585,73.820198
SDM College of Medical Sciences and Hospital Blood Bank,"First Floor B Wing Building, Sattur, 580009",Dharwad,Karnataka,0836 2477262,15.417904,75.050162
District Hospital Blood Bank Bagalkot,"Navanagar, 587101",Bagalkot,Karnataka,0835 4236030,16.165011,75.660812
M. R. Diagnostic Research Centre and Blood Bank,"Ground Floor, Eureka Towers, Traffic Island, 580029",Hubli,Karnataka,0836 2253450,15.364705,75.123954
Annasaheb Galatge Lions Blood Bank,"Doctor&#39;s Colony, Gadhinglaj, Kolhapur, 416502",Kolhapur,Maharashtra,"02327 223100, 02327 226355",16.186455,74.372559
Belgaum Blood Bank and Diagnostic Laboratory,"3137, Huns Talkies Road, (opposite to Central High School), 590001",Belgaum,Karnataka,0831 2425835,15.860356,74.512478
Navodaya Medical College Hospital and Research Centre Blood Bank,"Mantralaya Road, 584103",Raichur,Karnataka,08532 223361 (Extn. 444),16.184331,77.368042
Shree Mahaveer Blood Bank,"4th Floor, Radio Complex, CTS No. 116/1A, Shivaji Road, 590001",Belgaum,Karnataka,0831 2430759,15.854367,74.511233
"Cottage Hospital Blood Bank, Sawantwadi","Sub -District Cottage Hospital, Blood Bank, Sawantwadi, 
C-Sindhudurg, 416510",Sindhudurga,Maharashtra,02363 275035,15.902781,73.823544
Ramanagoudar Hospital Blood Bank,"2nd floor, CTS, No.4042/B17, Near Kathi Kalyan Mantap, 587313",Mudhol,Karnataka,08350 281999,15.364709,75.123955
District Hospital Blood Bank,Khalilabad,Sant Kabir Nagar,Uttar Pradesh,05547 226392,26.732839,83.139134
Civil Surgeon - General Hospital Blood Bank,"Sindhudurg Oros, At Post - Oros, Kudal, Sindhudurga (Oros), 416812",Sindhudurga,Maharashtra,0236 2228902,16.12019,73.689563
Indian Red Cross Koppal District Branch Blood Bank,"1st Floor, New District Hospital, Hospital Road, Koppal, 580323",Koppal,Karnataka,0853 9225088,15.419164,76.138152
M/s. Suchirayu Healthcare Limited Blood Bank,"Sy.No:28/8-11,M.Timmasagara, Jalavi Garden, Off Gokul Road, 580030",Hubli,Karnataka,0836 2239000,15.3526453,75.1155103
M/s. Indian Red Cross Society Blood Bank,"Opposite Ravi Theatre, D.M & H.O Compound, Beside Control Room, Kurnool, 518002",Kurnool,Andhra Pradesh,08518 255347,15.816357,78.040317
Indian Red Cross Society Blood Bank,"Ground & First Floor,D.No.1-6-65/5/A,1-6-65/5/A, Modern High School Chourastha, 509001",Mahabubnagar,Telangana,"08542 223225,08542 246225",16.0,78.0011525
Sri Shakti Blood Bank,"Badarli Venkat Rao Gouda Health Care Association, Venkateshwara Tourist Home, Sukalapeta Road, 584128",Sindhanur,Karnataka,0853 5220299,15.7687772,76.7638445
Karnataka Medical College Hospital Blood Bank,"III Floor, # 306, 580022",Hubli,Karnataka,080 2272908,15.3669,75.128266
The Karnataka Cancer Therapy and Research Institute Smt. Valbai N. Dharamsey Blood Bank,"Navanagar, 580025",Hubli,Karnataka,0836 2228217,15.36472,75.123954
Sha Damji Jadavji Chheda Memorial Rashtrotthana Blood Bank,"2nd Floor Dee Jay building, Neeligin Road, 581107",Hubli,Karnataka,0836 2358838,15.3534025,75.1348707
"RCH -II Blood Bank, Area Hospital, Adoni","Dr. H. Siva Reddy, Civil Surgeon RMO (Rtd),Medical Officer  IRCS, RCH-II, Blood Bank, Area Hospital, Adoni-518301, 518301",Adoni,Andhra Pradesh,9440503302,15.632223,77.272837
Raichur Institute of Medical Sciences Teaching Hospital (RIMS) Blood Bank,"Rajendra Gunj, 584101",Raichur,Karnataka,9972777381,16.229892,77.35936
Jeevanavar Blood Bank,"CTS No.104,11/15-B, Municipal No.20922/17-A, 
K.H.Jituri Hospital, Complex, II Floor, Gokul Road, 580021",Hubli,Karnataka,0836 2278320,15.353643,75.130587
Indian Red Cross Society,"Blood Bank, Area Hospital, Gadwal, Mahaboobnagar, 509125",Gadwal,Telangana,08546 271757,16.233659,77.808136
B. V. V. Sanghas HSK Hospital Blood Bank,"Navanagar, Bagalkot, 587102",Bagalkot,Karnataka,08352 235410,16.165075,75.675072
M/s. Sri Sai Blood Bank,"Shri Sai Hospital, No:40/2, Laxmi Nagar Main Road,
Vadagaon, 590005",Belgaum,Karnataka,0831 2496444,15.833587,74.526571
South Central Railway Hospital Blood Bank,"S.C. Railway Hospital, Guntakal, Ananthapuramu, 515801",Guntakal,Andhra Pradesh,08552 227166,15.172889,77.366103
M/s. Indian Red Cross Society Blood Bank RCH 2,"First Floor, Government Area Hospital, Adoni, Kurnool, 518301",Adoni,Andhra Pradesh,NA,15.632223,77.272837
Gadag Institute of Medical Sciences & District Hospital Blood Bank,"Gadag Institute of Medical Sciences, Mallasamudra, 582103",Gadag,Karnataka,08372 297214,15.380961,75.600802
Rotary Club Dharwad Mid Town Charitable Trust - Rotary Blood Bank,"Lourde&#39;s Hospital, Kalageri Road, 500008",Dharwad,Karnataka,0836 2746123,15.46373,74.969829
IMA Blood Bank,"Zendha Circle, Station Road, 582101",Gadag,Karnataka,08372 253955,15.436162,75.637616
Hubli Lions Blood Bank,"CTS No. 440, Ward No.1, Groud Floor, Vivekananda General Hospital Compound, Deshpande Nagar, Hubli, 580029",Hubli,Karnataka,0836 2258080,15.354562,75.135566
K.L.E.Society & Medical Research Centre Blood Bank,"Nehru Nagar, 590010",Belgaum,Karnataka,0832 2473777,15.887919,74.519593
Rotary Charitable Trust Blood Bank,"New Extension Area, Nippani, 591237",Chikkodi,Karnataka,08338 221377,16.160173,74.812128
Hospicio Hospital Blood Bank,"Hospicio Hospital, Margao, Salcete, Goa, 403601",Margao,Goa,"0832 2703801, 0832 2705664",15.27947,73.960567
M/s. Government General Hospital Blood Bank,"kurnool, 518002",Kurnool,Andhra Pradesh,9985676311,15.820654,78.038088
SMRC&#39;s V. M. Salgaocar Hospital Blood Bank,"SMRC&#39;s V.M.Salgaocar Hospital, Chicalim, off Airport Road, Vasco-da-Gama",Vasco,Goa,"0832 6691919, 0832 2540218",15.395075,73.837127
Rotary Seva Sangh Blood Bank,"R. S. No. 211/B, Plot No. 14C, Yogikolla Road, 591307",Gokak,Karnataka,0831 225300,16.160405,74.81216
Gopi Blood Bank,"Gunj Area, C.B.S. Circle, Gangavthi, 583227",Koppal,Karnataka,08533 272191,15.4345687,76.5018267
Apollo Victor Hospital Blood Bank,"Apollo Victor Hospital, Malbhat, Margao, 403601",Margao,Goa,0832 2728888,15.268835,73.965605
Life Line 24x7 Blood Bank,"Opposite to New Bus Stand Airport Road, 581107",Hubli,Karnataka,0836 2330000,15.35144,75.117758
M/s. R.R. Hospital Blood Bank,"D.No.40-304-10, 2nd Floor, Bhagya Nagar, Kurnool, 518004",Kurnool,Andhra Pradesh,08518 223131,15.82872,78.035743
Hutti Gold Hospital Blood Bank,"Hutti Gold Mines Limited, Raichur, 584101",Hutti,Karnataka,08532 275049,16.196412,76.653027
Sarvodaya Jankalyan Samati,"Near Exchange, Kalagarh Road, Dharmpur, 212650",Bijnor,Uttar Pradesh,"04344 230464, 04334 233533",26.005074,81.044749
BCM Hospital Blood Bank,"Khairabad, 261131",Sitapur,Uttar Pradesh,"05862 252228, 05862 252850",27.530523,80.745172
Nehru Hospital and B.R.D. Medical College,"Gorakhpur, 273013",Gorakhpur,Uttar Pradesh,"0551 2508815, 0551 2508814",26.813424,83.400296
District Hospital,"Nai Basti, 261001",Sitapur,Uttar Pradesh,N/A,27.571025,80.676905
Dr. Shyama Prasad Mukharjee Civil Hospital,"Gorakhpur, 226001",Lucknow,Uttar Pradesh,0522 2239595,26.844593,80.948999
Sahara Hospital Blood Bank,"Viraj Khand, Gomati Nagar, 226010",Lucknow,Uttar Pradesh,"0522 6781680, 0522 6781683",26.850106,81.023867
Fatima Hospital Blood bank,"35-C, Mahanagar Colony, 226006",Lucknow,Uttar Pradesh,"0522 2961196, 0522 2323195",26.871551,80.952133
Savitri Blood Bank and Component Centre,"Savitri Hospital Campus, Dilezakpur, Cinema Road, 273001",Gorakhpur,Uttar Pradesh,"0551 2205914, 0551 220915, 0551 2205916",26.758493,83.364814
District Hospital Blood Bank,"Shahjahanpur, 224001",Faizabad,Uttar Pradesh,05278 220078,26.777679,82.141614
District Hospital Blood Bank,"Azamgarh, 222001",Fatehpur,Uttar Pradesh,N/A,25.936333,80.813799
OPEC Hospital Blood Bank,"OPEC Hospital, Basti, 272002",Basti,Uttar Pradesh,05542 283021,26.779101,82.762356
Chandan Diagnostics Center and Blood Bank,"Mukut Complex Near District Hospital Rakabganj, Lajpat Nagar, Faizabad, 224001",Faizabad,Uttar Pradesh,N/A,26.774399,82.143734
Hind Institute of Medical Sciences,"Near Minar Canal, Safedabad-Faizabad Road, 225003",Barabanki,Uttar Pradesh,05248 221399,26.906812,81.122637
Dr O P Choudhery Hospital Blood Bank,"Chaudhary Vihar, Raibarely Road, 226002",Lucknow,Uttar Pradesh,0522 2441172,26.785201,80.973148
Vivekanand Polyclinic and Institute of Medical Sciences,"Vrindaban, 226007",Lucknow,Uttar Pradesh,"0522 2328942, 0522 2321277",26.875283,80.942804
Nova Hospital Limited,"Patrakarpuram Crossing Vikash Khand-1,Gomti Nagar, 226010",Lucknow,Uttar Pradesh,0522 2300024,26.850001,80.983334
Guru Shri Gorakhnath Chikitsalaya Blood Bank,"Gorakhnath Mandir, 273015",Gorakhpur,Uttar Pradesh,"0551 2257138, 0551 2257570",26.776322,83.357794
District Hospital Blood Bank,"Nirala nagar, Raebareli, 229001",Raebareli,Uttar Pradesh,N/A,26.222751,81.23944
Fehmina Hospital and Blood Bank,"Victoriaganaj, Near Sunni Inter College, Tulsidas marg, 226004",Lucknow,Uttar Pradesh,7860059998,26.854943,80.90488
B.N.K. Hospital Blood Bank,"B-1/196 Nirala Nagar, Lucknow, 226020",Lucknow,Uttar Pradesh,0522 4049945,26.879585,80.932757
Kohli Blood Bank and Components Private limited,"2nd Floor, A-Block, Kanchan Market, Chowk, 226003",Lucknow,Uttar Pradesh,0522 2259004,26.865274,80.911431
St. Joseph Hospital Blood Bank,"Vishal Khand-5, Gomti Nagar, 226010",Lucknow,Uttar Pradesh,0522 4054247,26.854293,80.991967
District Hospital Blood Bank,"Balrampur, 271201",Gonda,Uttar Pradesh,05262 225358,27.409813,82.192774
Eras Medical College and Hospital Blood Bank,"Sarfaraj Ganj, Musabag, Picnic Spot-Hardoi Road, 226003",Lucknow,Uttar Pradesh,"0522 2408122,0522 2408123",26.878389,80.872448
District Hospital,"Auriya, 262701",Lakhimpur Khiri,Uttar Pradesh,N/A,27.945898,80.784474
Sanjay Gandhi Post-Graduate Institute (SGPGI),"Department of Transfusion Medicine, Sanjay Gandhi Postgraduate Institute of Medical Sciences, Rae Bareli Road, 226014",Lucknow,Uttar Pradesh,"0522 2494500, 0522 2495341",26.742135,80.945981
Lucknow Nursing Home Association Blood Bank,"c 228, Officers Colony, Nirala Nagar, 226020",Lucknow,Uttar Pradesh,0522 4070185,26.878474,80.938496
Mahamaya Rajkiya Allopathic Medical College,"Mahamaya Rajkiya Allopathic Medical College, Saddarpur Tanda, 224190",Ambedkar Nagar,Uttar Pradesh,05273 213000,26.509125,82.6139
Government District Hospital Blood Bank,"District Hospital Blood Bank, Pratapgarh., 341001",Pratapgarh,Rajasthan,"01478 225104, 01478 222939",25.6835288,81.9984388
District Hospital Blood Bank,"Sultanpur, 228001",Sultanpur,Uttar Pradesh,N/A,26.262708,82.069909
Career Institute of Medical Sciences and Hospital Blood Bank,"A Unit of Career Convent Education and Charitable Trust, Sitapur-Hardoi Bypass Road, Near IIM, 226020",Ghailla,Uttar Pradesh,"0522 2960429, 0522 2960439",26.91543,80.909715
Command Hospital Blood Bank,"Faizabad, 226002",Lucknow,Uttar Pradesh,0522 2296288,26.81745,80.940818
Mayo Institute of Medical Sciences Blood Bank,"Run by Bodhisatva Charitable Trust, Faizabad Road, Gadia aizabad Road, Gadia, Barabanki, Dharsani, 225001",Barabanki,Uttar Pradesh,"05248 229696, 05248 229595",26.909607,81.141778
Combined District Hospital Blood Bank,"Combined District Hospital, Balrampur, 271201",Balrampur,Uttar Pradesh,05263 235776,27.409812,82.192775
Dr Ram Manohar Lohia Institute of Medical Sciences,"Gomati Nagar, 226010",Lucknow,Uttar Pradesh,N/A,26.86889,80.999691
Hind Institute of Medical Sciences Blood Bank,"Atariya, Sitapur, 261303",Atariya,Uttar Pradesh,,27.188717,80.85432
GCRG Memorial Hospital & Charitable Blood Bank,"Village-Parvatpur, Chandrika Devi Road, Bakshi Ka Talab, 226001",Lucknow,Uttar Pradesh,9559662557,26.842776,80.949164
Air Force Hospital Blood Bank,"Maharajganj, 273014",Gorakhpur,Uttar Pradesh,0551 2272381,26.759066,83.420833
District Hospital Blood Bank,"Bhinga, 272002",Basti,Uttar Pradesh,05542 283273,26.800773,82.759197
Shekhar Hospital Private Limited Blood Bank,"B Block, Church Road, Indira Nagar, Lucknow, 226016",Lucknow,Uttar Pradesh,"0522 2352352, 05224927272",26.876188,80.985528
Medison Hospital Private Limited Blood Bank,"Medison Hospital & Blood Bank, UGF,D3 Durgapuram Colony Sector 13 VikasNagar, Near Goel Motors,Near Tedhi Pulia,Ring Road, 226022",Lucknow,Uttar Pradesh,"0522 2739917, 0522 2739918",26.90491,80.959052
Divine Heart Hospital and Research Centre Blood Bank,"Viraj Khand, Institutional Area - 5, Gomti Nagar, 226010",Lucknow,Uttar Pradesh,"0522 2721991, 0522 2721995",26.859198,81.023215
M/s Isha Hospital Blood Bank,"Haribandhanpur Parav, 222002",Jaunpur,Uttar Pradesh,"07535945945, 07534945945",25.733137,82.672548
Indira Diagnostic and Blood Bank Limited,"Sanjay Gandhi Puram, Faizabad Road, 226016",Lucknow,Uttar Pradesh,0522 2380084,26.870091,80.971582
District Hospital Blood Bank,"Barabanki, 230001",Pratapgarh,Uttar Pradesh,N/A,25.922103,81.998641
Integral Institute of Medical Sciences and Research Blood Bank,"Kursi Road, Lucknow, 226026",Lucknow,Uttar Pradesh,"0522 2890730, 0522 2890812",26.957942,81.002588
Sh. Chattrapati Shivaji Maharaj Chikitsalaya University,"KGMU, Lucknow, 226003",Lucknow,Uttar Pradesh,N/A,26.813839,80.904558
District Hospital Blood Bank,"Ghaziabad, 222001",Jaunpur,Uttar Pradesh,05452 263554,25.759674,82.696747
District Hospital Blood Bank,"Friganj, Bahraich, 271801",Bahraich,Uttar Pradesh,05252 237265,27.572408,81.605903
City Blood Bank,"Pratibha Complex,  Infront of Jubilee Inter School, Jublee Nagar, 273001",Gorakhpur,Uttar Pradesh,0551 2346357,26.753844,83.364532
Shyam Nursing Home and Blood Bank,"400/761, Civil Line (Near S.P. Residence), 212601",Fatehpur,Uttar Pradesh,05180 221166,25.930647,80.800955
Nidan Diagnostic Centre and Blood Bank,"4/31, Captan Manoj Pandey Chauraha, Vivek Khand, Gomti Nagar, 226010",Lucknow,Uttar Pradesh,0522 2393390,26.854084,80.995132
M/s Sewa Blood Bank,"R.K. Puram, Near Kotwali, 272002",Basti,Uttar Pradesh,5542209030,26.7800781,82.76441135
Sanjay Gandhi Hospital Blood Bank,"SH 34, Katra Maharan, 227412",Amethi,Uttar Pradesh,05368 255009,26.210663,81.807126
Fatima Hospital Blood Bank,"Padri Bazar, 273014",Gorakhpur,Uttar Pradesh,0551 2281862,26.787217,83.400142
"UHM, District Hospital","Shop No. 30/01, Mall Rd, Bada Chouraha, Parade Chouraha, Parade, Kanpur, 208001",Kanpur,Uttar Pradesh,0512 2311144,26.474045,80.346099
SPM Hospital Research and Trauma Centre Blood Bank,"A Unit of Tyco Hospitals Private Ltimited, C-48, Kalyanpur, 208017",Kanpur Nagar,Uttar Pradesh,0512 2570553,26.501131,80.257486
F.H. Hospital Blood Bank,"Near Etmadpur, Railway over Bridge NH-2, Tundla District, Firozabad, 283201",Firozabad,Uttar Pradesh,"08477936666, 08194005712",27.230412,78.212065
Dev Hospital Blood Bank,"18/205, Sarai Khirni, Agra Road, 204101",Aligarh,Uttar Pradesh,0571 2410061,27.616404,78.055196
Agrawal Life Line Hospital and Trauma Centre Blood Bank,"Kamdhenu Nagar, Agra Road, 281006",Aurangabad,Uttar Pradesh,0565 2430857,27.435244,77.701066
Sai Blood Bank,"N-2, Kidwai Nagar, 208011",Kanpur,Uttar Pradesh,0512 2607720,26.433311,80.322243
Rama Medical College Hospital and Research Centre,"Rama Medical College Hospital & Research Centre,
Blood Bank, GT Road, Mandhana, Kanpur, 209217",Kanpur,Uttar Pradesh,"0512 2780882, 0512 2780886",26.567295,80.220837
Lokhitam Blood Bank,"D-520, Kamla Nagar, 282005",Agra,Uttar Pradesh,"0562 3276700, 0562 22883111",27.215043,78.02117
Mariampur Hospital and Blood Bank,"Shastri Nagar, 208005",Kanpur,Uttar Pradesh,0512 216788,26.465207,80.305556
"Rotary Blood Bank, Rotary Point","Near Alwar Railway Bridge, Delhi-mathura NH-2, 208017",Mathura,Uttar Pradesh,8171911911,27.5117922,77.654894
District Hospital Blood Bank,"District Hospital, 475661",Datia,Madhya Pradesh,07522 238624,25.687237,78.442216
Emergency Blood Bank,"1, Kasturba Market, Kampoo, 474009",Gwalior,Madhya Pradesh,0751 262 5377,26.191025,78.155889
Military Hospital,"Idgah Colony, Agra, Uttar Pradesh 282001, 282001",Agra,Uttar Pradesh,0562 2452712,27.152822,77.999201
Sri Jagdamba Charitable Blood Bank and Component,"D-101, Phase-2, Trans Yamuna Colony,, 282006",Agra,Uttar Pradesh,"0562 6541977, 0562 3259291",27.203435,78.046861
Government Medical College and Hospital Blood Bank,"Government Medical College and Hospital, Orai, 285001",Orai,Uttar Pradesh,05162 210201,25.999845,79.473401
Blood Bank (Component & Apheresis Unit) G.R.Medical College,"Blood Bank, Neurology Building , J. A. Hospital Campus, G. R. Medical College, Gwalior., 474009",Gwalior,Madhya Pradesh,0751 2403225,26.192166,78.164638
Krishna Super Speciality Hospital,"A Unit of Gita Healthcare Private Limited, 363, Harrisganj, Near Tatmil Chauraha, 208004",Kanpur,Uttar Pradesh,"0512 2320061, 0512 2320071",26.448475,80.344084
District Hospital Blood Bank,"District Hospital, Banda, 210001",Banda,Uttar Pradesh,05192 220415,25.48931,80.334888
District Hospital Blood Bank,"Orai, 209801",Unnao,Uttar Pradesh,0515 2840149,26.537805,80.478884
GSVM Medical College Blood Bank,"Swaroop Nagar, Kanpur, 208002",Kanpur,Uttar Pradesh,7706922922,26.481102,80.307684
Sneh Pathology X-ray and Blood Bank,"133/10, O-Block, Kidwai Nagar, 208023",Kanpur,Uttar Pradesh,0512 2601408,26.439394,80.33679
District Hospital Blood Bank,"Gorakhpur, 241001",Hardoi,Uttar Pradesh,N/A,27.395757,80.134659
J.N. Medical College Blood Bank,"AMU Aligarh, 202001",Aligarh,Uttar Pradesh,"0571 2720016, 0571 2721113, 0571 2720014",27.918377,78.088725
Jindal Blood Bank,"Balkrishna Bhawan, Hospital Road, 476001",Morena,Madhya Pradesh,0753 2250789,26.7048053,78.2265252
Pushpanjali Hospital and Research Centre Private limited,"Delhi Gate, 282002",Agra,Uttar Pradesh,0562 4024000,27.198608,77.995402
Pushpa Maa Samaj Charitable Blood bank,"1st Floor, Gihar Complex, Khandari, X-ing, NH - 2,, 282005",Agra,Uttar Pradesh,0562 6451121,27.21103,77.989507
Dr. Bhimrao Ambedkar Combined Hospital (District Hospital),"Civil Lines, Etawah, 206001",Etawah,Uttar Pradesh,05688 255526,26.787903,79.005523
Life Line Blood Bank,"B-1, Sarvoday Nagar, 208005",Kanpur,Uttar Pradesh,"0512 2295797, 0512 2219473",26.479559,80.299895
Samarpan Blood Bank,"Samarpan Bhawan
Delhi Gate, 282002",Agra,Uttar Pradesh,"0562 2855080, 0562 4004644",27.19704,77.997713
S.N. Medical College,"Meerut, 282002",Agra,Uttar Pradesh,05622 260353,27.188073,78.006357
"SNM, District Hospital Blood Bank","Rehna Road, Bypass Road Company Baag, Arya Nagar, 283203",Firozabad,Uttar Pradesh,9639011119,27.157627,78.389439
District Hospital Blood Bank,"District Hospital, 476001",Morena,Madhya Pradesh,07532 226318,26.496004,77.998665
Sanjeevani Blood Bank,"117/O 461 ,Geeta Nagar, Kanpur, 208025",Kanpur,Uttar Pradesh,N/A,26.486118,80.290276
District Hospital Blood Bank,"District Hospital, Morar, (Maternity Hospital Campus) Morar, 474006",Gwalior,Madhya Pradesh,0751 5030097,26.225961,78.222716
Combined District Hospital Blood Bank,"Combined District Hospital, Kannauj",Kannauj,Uttar Pradesh,05694 237627,27.118091,79.712484
Ramakrishna Mission Sevashrama,"Swami Vivekananda Road, Near Anandmayee Maa Temple, Mathura, Vrindaban, 281121",Vrindaban,Uttar Pradesh,0565 2442310,27.571999,77.694371
Regency Hospital Limited,"A-2, Sarvodaya Nagar, 208005",Kanpur,Uttar Pradesh,0512 2242201-10,26.479223,80.316263
Air Force Hospital,"Nathu Singh Road, Saharanpur, 208004",Kanpur,Uttar Pradesh,0581 2403584,26.446739,80.375727
Tulsi Hospital Limited,"14/116-A, Civil Lines, 208001",Kanpur,Uttar Pradesh,"0512 2536404, 0512 2536406",26.479826,80.344033
District Hospital Blood Bank,"District Hospital, 477001",Bhind,Madhya Pradesh,07534 234074,26.566008,78.782684
Bangalore Baptist Hospital Blood Bank,"Bellary Road, Hebbal, 560024",Bengaluru,Karnataka,080 22024700,13.035289,77.589935
K. C. General Hospital Blood Bank,"Malleshwaram, 560003",Bengaluru,Karnataka,080 23343791,12.996389,77.56931
Dharmapuri Medical College Hospital Blood Bank,"3/29A, Nethaji Bye Pass Road, Kamalakhsmi Colony,
Dharmapuri, 636701",Dharmapuri,Tamil Nadu,04342 231748,12.122192,78.156738
Transfusion Medicine Centre Blood Bank,"NIMHANS Hosur Road, 560029",Bengaluru,Karnataka,"080 26995435, 080 26995436, 080 26995437",12.94039,77.59883
Swamy Vivekananda Voluntary Blood Bank,"No.20,3rd Floor, SGRR Complex, 1st Cross, Raja Ram Mohan Roy Road, S. R. Nagar, 560027",Bangalore,Karnataka,080 22224044,12.9649846,77.589012
BEML Medical Centre Bharat Earth Movers Limited Blood Bank,"Kolar Gold Fields, 563115",Kolar,Karnataka,08153 263208,12.983949,78.237201
Indian Red Cross Society Blood bank RCH -II KADIRI,"Ground Floor, APVVP (Government General Hospital) Area Hospital, Kadiri, Ananthapur, 515591",Kadiri,Andhra Pradesh,08494 221544,14.113089,78.157366
Sakra World Hospital Blood Bank,"Sakra world Hospital (A Unit of Takshasila Hospitals Operating Private Limited), S.No. 52/2 and 52/3, Devarabeesanahalli, Varthur Hobli, Bellandur Post, 560103",Bengaluru,Karnataka,080 49694916,12.932125,77.685263
Dr. B. R.Ambedkar Medical College Hospital Blood Bank,"K.G.Halli, Bengaluru, 560045",Bengaluru,Karnataka,080 25463442,13.025275,77.614217
Sri Vinayaka Charitable Trust  Jeeva Voluntary Blood Bank,"No. 23 and 84, Sharoff Basappa Commercial Complex, 2nd Main, Ist Cross, New Tharugpet, 560002",Bengaluru,Karnataka,080 25990583,12.961633,77.571067
Command Hospital Blood Bank Air Force,"Old Airport Road, Near Cambridge Layout, Domlur Village, Post Agram, 560007",Bengaluru,Karnataka,080 25234632,12.963321,77.62882
MVJ Medical College and Research Hospital Blood Bank,"Dandupalya, Kolathur Post, NH-4, 560164",Hosakote,Karnataka,080 27931473,13.077457,77.811502
Akshay Voluntary Blood Bank,"No. 968, 2nd Floor, 41st Cross, 3rd Block. Opposite E.S.I. Hospital, Rajajinagar, 560070",Bengaluru,Karnataka,080 23147303,12.989853,77.552805
Yashomathi Medicare and Research Centre Private Limited Blood Bank,"2371/3, HAL Airport, Varthur Main Road, Munne Kolala, Marathahalli Post, 560037",Bengaluru,Karnataka,080 43221019,12.955719,77.711256
S.N.R. District Hospital Blood Bank,"Gowripete, Kolar, 563101",Kolar,Karnataka,08152 222035,13.129255,78.13435
Bengaluru Rotary TTK Medical Service Trust Blood Bank,"New Thippasandra Main Road, HAL III Stage, 560075",Bengaluru,Karnataka,080 25293486/ 9900153000/ 9900163000,12.99807,77.580434
Sapthagiri Hospital Blood Bank,"No.15, Chikkasandra, Hesaraghatta Main Road, 560090",Bengaluru,Karnataka,080 22791638,13.070573,77.50228
Government Head Quarters Hospital Blood Bank,"Government Hospital, Railway Station Road, Achamangalam, Tirupattur, 635601",Tirupattur,Tamil Nadu,04179 220080,12.49646,78.565713
Government General Hospital Blood Bank,"Government General Hospital, Ananthapur, 515001",Ananthapur,Andhra Pradesh,08554 275024,14.671459,77.596684
Sanjeevini Trust Jayanagar Voluntary Blood Bank,"1897/A, Cellar Floor, Gulora, 26th Main Road, Sount End Cross Road, 9th Block, Jayanagar, 560069",Bengaluru,Karnataka,080 26494748,12.9157415,77.5909561
Government Haji Sir Ismail Sait Gosha Hospital Blood Bank,"Near KSPCB Limited, Tasker Town, Shivaji Nagar, 560051",Bangalore,Karnataka,080 2286 6529,12.987532,77.604913
M/S TCR Blood Bank ( Run by TCR hospital & Charitable Trust),"TCR Multi Speciality Hospital, No.1/450, Avvai Nagar,Near LIC, Krishnagiri., 635001",Krishnagiri,Tamil Nadu,04343 239393,12.5186,78.2137
Indian Red Cross Society Blood Bank Chikkaballapur,"District Family Welfare Office, 2nd Floor, B. B. Road, 561207",Chikkaballapur,Karnataka,08156 272118,13.438043,77.72929
Sri Shankara Cancer Hospital and Research Centre Blood Bank,"Shankara Math premises, 1st cross, shankarapuram, Basavanagudi, 560004",Bengaluru,Karnataka,080 26981101,12.954575,77.571128
Fortis Hospital Private Limited Blood Bank,"14, Sheriffs Centre,Cunningham Road, 560052",Bengaluru,Karnataka,"080 41994515, 080 22261037",12.988216,77.594232
Narayana Hrudayalaya Blood Bank,"University Medical Centre, (KMC) Hospital, 560099",Anekal Taluk,Karnataka,080 27835000,12.80927,77.695173
Dr.Rajkumar (Appaji) Blood Bank,"No.18, Krishi Bhavan, 2nd Floor, Hudson Circle, 560001",Bengaluru,Karnataka,080 22108108,12.967558,77.589363
Sambrama Institute of Medical Sciences & Research Hospital Blood Bank,"No:3029/1, D. K. Plantation BEML Nagar, 563115",K. G. F.,Karnataka,08153 263230,12.996519,78.240449
Kempegowda Medical Service Trust - Millennium Blood Bank,"No.1082/9, Sreenivasa Prasanna Complex, Triveni Road, Yeshwanthpur, Bengaluru, 560022",Bengaluru,Karnataka,080 23571001,13.019584,77.557981
"Indian Red Cross Society Blood Bank, District Branch","Near JNTU Engeneering College, Sarada Nagar, Ananthapur., 515002",Anantapur,Andhra Pradesh,08554 246344,14.654936,77.609915
Indian Red Cross Society,"Blood Bank Medical Officer,Blood Bank, Indian Red Cross Society, Anantpur, 515001",Ananthapur,Andhra Pradesh,8554246344,14.681888,77.600591
Hindustan Aeronautics Limited - HAL Hospital Blood Bank,"Suranjandas Road, Near HAL Airport, Vimanapura, 560017",Bengaluru,Karnataka,080 22314632,12.962447,77.665284
KIMS Hospital Blood Bank,"K. R. Road, Visveswarapuram,Near Makkala Koota Bus Stop, 560004",Bengaluru,Karnataka,080 26613225,12.956353,77.574114
Indira Gandhi Child Institute of Health Blood Bank,"South Hospital Complex, Dharamaram College Post, 560029",Bengaluru,Karnataka,080 22443143,12.937319,77.592016
Rajarajeshwari Medical College Hospital Blood Bank,"5th Cross, Mysore Road, New Guddadahalli, 560074",Bengaluru,Karnataka,080 65666768,12.896508,77.46166
S.S.S.I.H.M.S. Blood Bank,"Prasanthigram, Puttaparthy, Ananthapuramu, 515134",Puttaparthy,Andhra Pradesh,08555 287900,14.151889,77.77685
St. John&#39;s Medical College Blood Bank,"Sarjapur Road, Bengaluru",Bengaluru,Karnataka,080 22065045,12.929482,77.620182
Indian Red Cross Society Blood Bank,"Government General Hospital Blood Bank, Hindupur, Ananthapur, 515201",Hindupur,Andhra Pradesh,08556 225900,13.832533,77.492214
Bangalore Lions Service Trust - Lions Blood Bank,"Bhagwan Mahaveer Jain Hospital, Millers Road, Vasantha Nagar, 560052",Bengaluru,Karnataka,080 22266807,12.989645,77.592754
Ashok Blood Bank and Clinical Laboratory,"No. 63A, Sengodipuram Road IInd Floor, Dharmapuri, 636702",Dharmapuri,Tamil Nadu,0434 2260627,12.132581,78.161182
Mallya Hospital Blood Bank,"No.2, Vittal Mallya Road, 560001",Bengaluru,Karnataka,080 22277979,12.968063,77.595068
M/s PESIMSR Blood Bank.,"PES Institute of medical sciences premises, Kuppam, 517425",Kuppam,Andhra Pradesh,08570 256737,12.791223,78.363897
General Hospital Robertson Peth Blood Bank,"Kolar Gold Field (K. G. F), 563122",Kolar,Karnataka,08253 271041,12.953386,78.271285
Government Hospital Blood Bank,"Government Hospital, Vaniyambadi, 635751",Vaniyambadi,Tamil Nadu,04174 225700,12.676583,78.615933
S. K. Voluntary Blood Bank,"14/1,I Floor, MESA Complex, Old Tolgate Bus Stop, 
Magadi Main Road, 560023",Bengaluru,Karnataka,080 23103524,12.974445,77.549288
Rashtrotthana Blood Bank,"93/2 Keshava Shilpa 1st Mn Road, Kempegowda Nagar, 560019",Bengaluru,Karnataka,080 26610916,12.954814,77.565362
Sagar Hospital Blood Bank,"44/54, 30th Cross, Tilak Nagar, Jayangar Extension, 560041",Bengaluru,Karnataka,080 26536712,12.928003,77.599598
Bengaluru Blood Bank and Diagnostic Laboratory,"Between 6th and 7th Cross, Opposite R.R.Gold Palace, Sampige Road,Malleshwaram, 500003",Bengaluru,Karnataka,080 23347714,12.998074,77.571614
Government Hospital Blood Bank,"SH 17, Denkanikotta Road, Hosur,, 635109",Hosur,Tamil Nadu,04344 222635,12.72911,77.825456
R. L. Jalappa Hospital and Research Centre Blood Bank,"NH-4,Tamaka, 563101",Kolar,Karnataka,9480849818,13.131674,78.173061
Indian Medical Association Blood Bank,"3.9.58, Old Government  Hospital Compound, Beron Quilla, 584101",Raichur,Karnataka,08532 226608,12.960041,77.57296
Manipal Hospital Transfusion Services Blood Bank,"No.98, Rustombagh, HAL Airport Road, 560017",Bengaluru,Karnataka,080 25024357,12.958758,77.6491
Hosmat Hospital Unit of Phisicare Services Private Limited Blood Bank,"No.45, Magrath Road, Off. Richmond Road, 560023",Bengaluru,Karnataka,080 25593796,12.969035,77.61346
M/s. Aster CMI Hospital Blood Bank,"43/2, Bellary Rd,NH-4,Sahakar Nagar, Hebbal, 560092",Bangalore,Karnataka,080 43420213,13.054677,77.592504
M/s. East Point Hospital Blood Bank Virgonagar,"East Point college of Medical Sciences&Hospital, Janana Prabha Campus, Bidarahalli, 560049",Bangalore,Karnataka,080 25136246,13.053662,77.717912
A.P. Vaidyavidhanaparishad Area Hospital - IRCS Blood Bank,"Ground Floor, Muddanuru Road, Pulivendula, 516390",Pulivendula,Andhra Pradesh,9440978262,14.422232,78.226339
Marian Medical Centre Blood Bank,"Arunapuram, 686574",Palai,Kerala,0482 2215519,9.706013,76.662387
Bowring and Lady Curzon Hospitals Blood Bank,"Shivaji Nagar, Bengaluru, 560051",Bengaluru,Karnataka,080 25591362,12.982165,77.604276
Columbia Asia Referral Hospital Blood Bank,"26/4, Brigade Gateway, Beside Metro Cash and Carry West West, Malleshwaram,, 560055",Bengaluru,Karnataka,080 39898968,13.014167,77.556035
Indian Red Cross Society - Karnataka Red Cross Blood Bank,"Red Cross Bhavan, 326, Ist Floor, Race Course Road, Bengaluru, 560001",Bengaluru,Karnataka,080 22268435,12.984218,77.578831
Mediscope Blood Bank,"Mediscope Hospital, No.11, Pillanna Garden, 3rd stage, 560045",Bengaluru,Karnataka,080 25466554,12.999478,77.616872
Unique Blood Bank & Diagnostic Centre,"1st floor,S.L.N.Complex, City Market Square, 560002",Bangalore,Karnataka,080 2600685,12.965837,77.576262
Kidwai Memorial Institute of Oncology Blood Bank,"Dr. M.H.Marigowda  Road, 560029",Bengaluru,Karnataka,080 26094082,12.93759,77.598537
Bangalore Institute of Oncology Blood Bank,"No. 8, P. Kalinga Rao Road, Sampangiram Nagar, 560027",Bengaluru,Karnataka,080 40206121,12.964273,77.589629
Apollo Hospitals (Imperial Cancer Hospital and Research Centre) Blood Bank,"Apollo Hospitals a unit of Imperial Cancer Hospital and Research Centre Limited, 154/11, Opp.I.I.M Bannerghatta Road, 560076",Bengaluru,Karnataka,080 26304050 / 51,12.89643,77.598015
Navarang Blood Bank,"No.2953, Ist Floor, Near Navarang Circle, M.K.K.Road, 
Rajaji Nagar,, 560010",Bengaluru,Karnataka,080 23521233,12.9982,77.551623
Sri Sathya Sai Institute of Higher Medical Sciences Blood Bank,"EPIP Area, Whitefield, 560066",Bengaluru,Karnataka,"080 28411500, 080 28004600",12.981135,77.729224
Arogya Blood Bank (A Unit of Arogya Seva Hospitals Private Limited),"35 Opposite CSI church , Denkanikottai road,
New Temple Land Hudco, Shanthi Nagar East, Hosur, 635109",Hosur,Tamil Nadu,04344 225555,12.728397,77.824389
The Oxford Medical College Hospital Blood Bank and Research Centre,"Yadavanahalli, Attibele (Hobli), Anekal Taluk, 562107",Bengaluru,Karnataka,8030847115,12.787186,77.756942
BGS Global Hospitals Blood Bank,"No. 67, Uttarahalli Road, 560060",Kengeri,Karnataka,080 26255555,12.911276,77.486216
Om Sakthi Blood Bank,"No 4 Sengodipuram, Dharmapuri, 636701",Dharmapuri,Tamil Nadu,"04342 260388, 04342 261388",12.132676,78.161652
Veerayoga Institute of Medical Sciences Speciality Hospitals Blood Bank,"VIMS, No. 88, Marathhalli, Outer Ring Road, 560037",Bengaluru,Karnataka,080 4269800,12.948331,77.699554
Vydehi Institute of Medical Science Hospital Blood Bank,"EPIP AREA, 06 WHITE FIELD, 560066",Bengaluru,Karnataka,080 28410874,12.975378,77.72927
Ocean Blood Bank,"No. 133-134, K. P. Broadway Road, Shivajinagar, 560051",Bengaluru,Karnataka,080 25552199,12.982018,77.604484
Sri Jayadeva Institute of Cardiology Blood Bank,"Gurappanapaly Post, Banneraghatta Road, 560069",Bengaluru,Karnataka,080 22977213,12.917957,77.599329
Saint Philomena Blood Bank,"No.1, Nilsandra Road, 560047",Bengaluru,Karnataka,080 40164348,12.965428,77.610476
Victoria Hospital Blood Bank,"Fort Road, Bengaluru, 560002",Bengaluru,Karnataka,080 26700001,12.963399,77.573818
Sanjaya Gandhi Accident Hospital and Research Institute Blood Bank,"Jayanagar East, Byrasandra, 560011",Bengaluru,Karnataka,080 26564516,12.935769,77.593859
Government Head Quarters Hospital Blood Bank,"Gandhi Road, Old pet, Krishnagiri, 635001",Krishnagiri,Tamil Nadu,04343 238880,12.524837,78.220022
E.S.I.Hospital Blood Bank,"Rajajinagar, 560010",Bengaluru,Karnataka,080 23013808,12.990775,77.553498
Sagar Hospital Blood Bank,"Sy. No.53, Shavige Malleshwara Hills, Kumar Swamy Layout, Banashankari, 560078",Bengaluru,Karnataka,080 42999177,12.907709,77.565114
Life Care Voluntary Blood Bank,"No.126, 7th Block, Jayanagar, Opposite to Jayanagar Police Station, 560011",Bengaluru,Karnataka,080 22446923,12.92837,77.581654
Fortis Hospital Private Limited Blood Bank,"Bannerghatta Road, 560076",Bengaluru,Karnataka,080 66214055,12.89453,77.598902
Rural Development Trust Hospital Blood Bank,"Kadiri Road, Bathalapalli, Ananthapur, 515661",Bathalapalli,Andhra Pradesh,08559 244259,14.652907,77.618826
Vijayanagar Hospital Blood Bank,"No. 27, 17th Cross, M.C. Layout, Vijayanagar, 560040",Bengaluru,Karnataka,080 23358800,12.969227,77.536519
Grace Blood Bank and Laboratory,"2, 10th Cross, Ganganagar, Bengaluru, 560032",Bengaluru,Karnataka,080 23431233,13.026155,77.588859
Rotary K. R. Hospital Blood Bank,"No. 75, Hanumanthanagar, 50 Feet Road, Bengaluru, 560050",Bengaluru,Karnataka,080 28437393,12.941937,77.553588
M. S. Ramaiah Medical Teaching Hospital Blood Bank,"Gokul Extension, 560054",Bengaluru,Karnataka,080 22183100,13.030487,77.566648
Saint Martha&#39;s Hospital Blood Bank,"Nrupatunga Road, 560001",Bengaluru,Karnataka,080 40128243,12.970679,77.586085
SHUSHRUTHA VOLUNTARY BLOOD BANK,"The Blood Bank Medical officer
Sushrutha Voluntary Blood Bank,
No:875,Modi Hospital Road,  Near Pristine Hospital",Bangalore,Karnataka,080 23230777,12.9978842,77.5411603
Kovai Medical Centre and Hospital Blood Bank,"3209 Avinashi Road, Sitra, Coimbatore, 641014",Coimbatore,Tamil Nadu,0422 4323800,11.042085,77.040324
M/s. Sri Siddartha Medical College Hospital Blood Bank,"Sri Siddhartha Medical College & Hospital, T.Begur, Nelamangala Tq, 562123",Bangalore,Karnataka,9901669103,13.160791,77.323405
Ramakrishna Hospital Blood Bank,"No. 395 Sarojini Naidu Road , New Siddhapudur, Coimbatore, 641044",Coimbatore,Tamil Nadu,0422 450 0000,11.023686,76.976713
Shanthi Social Services Medical Centre Blood Bank,"Neelikonampalayam, Coimbatore, 641005",Coimbatore,Tamil Nadu,0422 2576122,11.003734,77.038048
Lions Club of Coimbatore Legend Blood Bank Research Centre,"Red Rase Tower No.422 DB Road, R.S. Puram, 641002",Coimbatore,Tamil Nadu,"04222477373, 04222470046",11.005808,76.951074
District Hospital Blood Bank Chamarajanagar,"District Hospital, 577101",Chamarajanagar,Karnataka,08226 222067,11.926773,76.941473
Rotary Tumkur Central Belli Blood Bank,"Khata No. 308/A, 321/A and 303/A/321, Ward No. 13, Opposite Government Hospital, Gandhinagar, 572201",Tumkur,Karnataka,0816 225277,13.3415593,77.1031786
Coimbatore Medical College Hospital Blood Bank,"Trichy Road, Kallimadu, Coimbatore, 641018",Coimbatore,Tamil Nadu,"0422 2301393, 0422 230 0871",10.994861,76.969577
ESI Hospital Blood Bank,"ESI Hospital, Kamarajar Road, Uppilipalayam, Varadharajapuram(P.O), 641015",Varadharajapuram,Tamil Nadu,0422 2300871,11.009114,77.023704
IMA Rotary Midtown Mahaveer Blood Bank,"92, Syrian Church Road, RS Puram, Coimbatore, 641001",Coimbatore,Tamil Nadu,"0422 6513322, 0422 6563322, 0422 247 1824",11.005732,76.960893
Military Hospital Blood Bank,"Military Hospital, Wellington, 643231",Wellington,Tamil Nadu,0423 2200154,11.367257,76.782632
Ramana Gounder Medical Trust Hospital Blood Bank,"Mettupalayam Road, S. F. No. 47 and 48 Thudaiyalur, 34",Coimbatore,Tamil Nadu,"0422 2642488, 0422 2642435",11.07054,76.942457
G. Kuppusamy Naidu Memorial Hospital Blood Bank,"P.B. No. 6327, Nethaji Road, Pappanaickenpalayam,
Coimbatore, 641037",Coimbatore,Tamil Nadu,"0422 4305336, 0422 224 5000",11.01277,76.980509
Kanyakumari Medical Mission CSI Hospital Blood Bank,"CSI Hospital, SH 180,Neyyoor, 629802",Neyoor,Tamil Nadu,04651 222222,8.211518,77.302952
District Hospital Blood Bank Mandya,"District Hospital Premises, 571401",Mandya,Karnataka,0832 224040,12.4279555,76.7010341
District Hospital Blood Bank Tumkur,"Near Town Hall, B.H. Road, Tumkur, 572101",Tumkur,Karnataka,08162 257404,13.339661,77.098414
DSK Hospital Blood Bank,"9 Kathir Nagar, Kangayam Main Road, Kathir Layout Road, Sathyamurthy Nagar, Tiruppur, 641604",Tiruppur,Tamil Nadu,"0421 2422434, 0421 2421350",11.103261,77.369155
Vikarm Hospital Blood Bank,"Vikarm Hospital, No.D5/271/219B and D5/272/1220, 3rd Cross, Ashoka Nagar, 571401",Mandya,Karnataka,08232 402121,12.525089,76.8982
KG Hospital Blood Bank,"5, Government Arts College Road, Coimbatore, 641018",Coimbatore,Tamil Nadu,"0422 2212121, 0422 2212129",11.000435,76.971556
Sri Shridevi Charitable Trust - Sreedevi Institute of Medical Sciences & Research Hospital Blood Bank,"NH-4, Sira Road,Tumkur, 572106",Tumkur,Karnataka,7259033424,13.376281,77.096987
Government Hospital Blood Bank,"Ooty main road, Mettupalayam, Coimbatore, 641301",Coimbatore,Tamil Nadu,04254 272275,11.304849,76.937118
J.C. Voluntary Blood Bank,"Plot No. 5421, II Floor, Narasimha Building, Nisarga Layout, B.H. Road, 572101",Tumkur,Karnataka,08162 272980,13.337779,77.11681
MDC Voluntary Blood Bank,"Khatha No. D5/1045/187, Alahalli Extension, General Hospital Road, Nehrunagar, 571401",Mandya,Karnataka,08232 231665,12.52027,76.899169
Sri Sidhartha Medical College Blood Bank,"Agalakote, B.H.Road, 572102",Tumkur,Karnataka,08162 278867,13.346024,77.057009
PSG Hospital Blood Bank,"Avinashi Road, Kalluri Nagar, Peelamedu, PSG Medical College And Hospital Campus, Coimbatore, 641004",Coimbatore,Tamil Nadu,0422 2570170,11.018766,77.007145
The Coimbatore Bio Medical Services Blood Bank,"No.190A, Bashyakarlu Road East, R.S. Puram, 641002",Coimbatore,Tamil Nadu,0422 2552297,11.014581,76.953349
Kongu Nadu Hospital Private Limited Blood Bank,"336 to 353 Dr. Rajendra Prasad Road, (100 feet Road) 11th St, Tatabad, Coimbatore, 641012",Coimbatore,Tamil Nadu,"0422 4316000, 0422 2494303",11.018134,76.960595
M/S Indian Red Cross Society,"Ramanagar District Branch,
District Hospital Premises,1st Floor, 562117",Ramanagar,Karnataka,080 2727200,12.5418511,77.3404064
Government Head Quarters Hospital Blood Bank,"Government Head Quarters Hospital, Dharapuram Road, Tiruppur, 641607",Tiruppur,Tamil Nadu,0421 2423400,11.076008,77.36898
Vijaya Hospital Blood Bank,"10054/A, 4511/A, 3rd Main Road, 572103",Tumkur,Karnataka,0816 2257762,13.332531,77.096051
Ganga Hospital Blood Bank,"No. 313, Mettupalayam Road, Saibaba Koil, Coimbatore, 641043",Coimbatore,Tamil Nadu,0422 4250000  0422 248 5000,11.025162,76.952501
Swaasam Blood Bank (Run by Any time Blood Voluntary Association),"Shop No. 9/3, Sakthi estate, M. G Road, Avarampalayam, 
Coimbatore, 641006",Coimbatore,Tamil Nadu,N/A,11.024262,76.984656
Government Lawley Hospital Blood Bank,"Government Lawley Hospital, Coonoor, 643102",Coonoor,Tamil Nadu,0423 2231050,11.347494,76.792608
Revathy Medical Centre Blood Bank,"No 10, CKP Layout 4th Floor, Valayankadu Main Road, Kumar Nagar (West) Avinashi Road, Tiruppur, 614603",Thiruppur,Tamil Nadu,0421 4332211,11.120178,77.32933
Harsha Hospital Blood Bank,"No. 193/4, Byraveshwaranagar, Sondekoppa Circle, N.H.4, Bengaluru., 562123",Nelamangala,Karnataka,080 27723695 (Not in use),13.097983,77.38581
RVS Hospital Blood Bank,"242-B, Trichy Rd,Mathiyalagan Nagar,Sulur,, 641402",Coimbatore,Tamil Nadu,"0422 2682942, 0422 2682943",11.028425,77.134135
Holy Cross Hospital Blood Bank,"Kamagere , Kolegala Taluk, Chamaraja Nagar, 571443",Kollegal,Karnataka,08226 263116,12.12938,77.233586
Kuriji Hospital Blood Bank (A Unit of Vangal Amman Health Service Limited),"522/3, Udayampalayam Road, Sowripalayam Post, 641028",Coimbatore,Tamil Nadu,0422 2562744,11.019604,76.994964
Karpagam Hospital Blood Bank,"Pollachi Main Road, Othakkalmandapam, Coimbatore, 641032",Coimbatore,Tamil Nadu,0422 6554443,10.885007,77.008223
Sheela Hospitals Blood Bank,"No. 117, East Power House road, Tatabad,Coimbatore, 641012",Coimbatore,Tamil Nadu,0422 4334500,11.018303,76.960319
Sree Abirami Hospital Private Limited Blood Bank,"No. 33, Madukkarai Road, Sundarapuram, Coimbatore, 641024",Coimbatore,Tamil Nadu,0422 246 6666,10.952537,76.973216
Adichunchanagiri Hospital and Research Centre Blood Bank,"Balagangadharnath Nagar, Bellur, 571418",Mandya,Karnataka,08232 287433,12.966319,76.721027
Government Head quarters Hospital,"Government Head quarters Hospital,Udagamandalam, 643001",Udagamandalam,Tamil Nadu,0423 2446146,11.407951,76.700279
Holy Cross Hospital Blood Bank,691571,Kottiyam,Kerala,0474 2530121,8.861805,76.673304
V. S. M. Hospital Blood Bank,"Building No. XIV/368, Thattarambalam, 690103",Mavelikkara,Kerala,0479 2304222,9.247819,76.521093
Sivagiri SreeNarayana Medical Mission Blood Bank,695141,ThiruvAnanthapuram,Kerala,0470 2602249,8.729608,76.733554
J. S. S. Hospital Blood Bank,"J S S Hospital, Ramanuja Road, 570004",Mysore,Karnataka,0821 2335009,12.29521,76.65607
Sanjoe Hospital Blood Bank,"A. M. Road, 680541",Perumbavoor,Kerala,0484 2522251,10.114174,76.472666
Fellowship Mission Hospital Blood Bank,689547,Kumbanad,Kerala,"0469 2664249, 0469 2664760",9.371495,76.655618
Archana Hospital Blood Bank Pandalam,689501,Pandalam,Kerala,,9.220068,76.679791
District Hospital Blood Bank,"Chinnakada, 691001",Kollam,Kerala,"0474 2768667, 0474 2798999",8.885954,76.585798
Kamakshi Hospital Blood Bank,"1st Floor, New Building of Kamakshi Hospital Premises, Kuvempnagar Mysore, 570009",Mysore,Karnataka,0821 2545981,12.299739,76.623762
Mar Gregorious Diocese Memorial Muthoot Hospital Blood Bank,689626,Devagiri,Kerala,,9.3258,76.539421
District Hospital,"N/A, 678001",Palakkad,Kerala,0491 2534524,10.769198,76.658382
Rotary Mysore Chandrakala Hospital Blood Bank,"Chandrakala Hospital and Institute of Medical Research, Plot &#39;A&#39;, Kalidasa Road, Jayalakshmipuram, 570012",Mysore,Karnataka,0821 4288638,12.325868,76.619519
Malankara Orthodox Syrian Church Medical Mission Hospital Blood Bank,"Adupooty Hills, Kunnamkulam Chowannur Post, 680503",Thrissur,Kerala,04885 222944,9.983303,76.474382
I.M.A.Blood Bank,"Ist Floor, IMA Centre, Ashramam, 691002",Kollam,Kerala,0474 2766551,8.895879,76.593227
Velankanni Matha Hospital Private Limited Blood Bank,"Building No X/387 N, 686016",Thellakam,Kerala,0481 2790920,9.64845,76.549562
B. G. S. Apollo Hospital Blood Bank,"Kantharaj Urs Road, Kuvempunagar, 570010",Mysore,Karnataka,0821 2566666,12.29573,76.632061
Palakkad Blood Bank,"5/373, I Floor, Soorya Enclave, Opposite Palat Hospital,
Civil Station Road, 678001",Palakkad,Kerala,0491 2505066,10.761629,76.655046
K. R. Hospital Blood Bank,"Sayyaji Rao Road, 570010",Mysore,Karnataka,0821 2429800,12.313101,76.649573
Jeevadhara Voluntary Blood Bank,"Aunit of Cauvery Social Services Trust, No.1475, 2nd Floor and 3rd floor, New Sayaji RaoRoad, Mandi Mohalla, 570010",Mysore,Karnataka,0821 2444936,12.315731,76.65103
Century Hospital Blood Bank,"Mulakuzha, 689505",Chenganoor,Kerala,0479 2468710,9.304895,76.63545
M/s. Sanjivani Multispeciality Hospital Blood Bank,"A unit of GIDS Enterprises Private Limited, Alacode, Kollakadavu Post, Cheriyanad, Chengannur, Alappuzha, 690509",Chengannur,Kerala,0479 2350030,9.259447,76.596252
Padmavathy Medical Foundation Blood Bank,"Sasthamkotta Road, 690521",Manakkara,Kerala,0476 2831408,9.053305,76.633027
Pushpagiri Hospital Blood Bank,"Thiruvalla, 689101",Thiruvalla,Kerala,0469 270 0755,9.380994,76.580962
Quilon Medical Trust Blood Bank Kollam,"N.H. Bypass Road, Umayanalloor, 691589",Mylapore,Kerala,"0474 3069999, 0474 2729393",8.875477,76.64364
Mar Baselius Medical Mission Hospital Blood Bank,"NH49, Near Post Office, 686691",Kothamangalam,Kerala,0485 2822203,10.064487,76.622272
Narayana Hrudayalaya - Surgical Hospital Private Limited Blood Bank,"CAH-1, 3rd Phase, Devanur, 570019",Mysore,Karnataka,0821 7122222 (Extn. 2260),12.345086,76.673031
MUM Hospital Blood Bank,686636,Monippally,Kerala,0482 2242222,9.810623,76.576836
Railway Hospital Blood Bank,"Yadavagiri, 570020",Yadavagiri,Karnataka,0821 2517238,12.325712,76.635623
Gudalur Adivasi Hospital Blood Bank (Previously named as Ashwini hospital & under Ashwini trust),"0/147 G7, Kothervayal, Gudalur, Kothervayal, Ashwini Hospital Road, 643212",Gudalur,Tamil Nadu,0426 2261645,11.50223,76.498838
Upasana Hospital Blood Bank,"Cantonment, North Ward, 691001",Kollam,Kerala,04742 762888,8.891151,76.600269
Devamatha Hospital Blood Bank,686662,Koothattukulam,Kerala,0485 2252271,9.866189,76.594952
Holdsworth Memorial Mission Hospital Blood Bank,"Mandimohalla, 570021",Mysore,Karnataka,0821 2521650,12.316416,76.650574
Thiruvalla Medical Mission Hospital Blood Bank,"Post Box No. 74, 689101",Thiruvalla,Kerala,"0469 2626096, 0469 2626000, 0469 2626262",9.393924,76.578423
Bassappa Memorial Hospital Blood Bank,"22/B, Vinoba Road, Jayalakshmipuram, 570012",Mysore,Karnataka,0821 2511671,12.320811,76.62005
Rotary Blood Bank,"Mangad Building, 686001",Kottayam,Kerala,0481 2567403,9.593201,76.521811
Cauvery Hospital Blood Bank,"No.42/2B, 2C, Teresian College Circle, Siddarth Nagar, 570011",Mysore,Karnataka,0821 2425000,12.30509,76.695813
Vikram Hospital and Heart Centre Blood Bank,"346, Vivekananda Road, Yadavagiri, 570020",Mysore,Karnataka,0821 2412121,12.32354,76.638119
S. H. Medical Centre Blood Bank,"Nagampadam, 686001",Nagampadam,Kerala,0481 2562240,9.594305,76.529494
Holy Ghost Mission Hospital Blood Bank,"Muttuchira, 686613",Muttuchira,Kerala,0482 9283202,9.757246,76.499785
Medical College Hospital Blood Bank,"Gandhi Nagar S.O, 686008",Kottayam,Kerala,0481 2592220,9.631991,76.5188
S.N.Trust Medical Mission Sankar Memorial Hospital Blood Bank,"Kollam, 691001",Kollam,Kerala,0474 3918424,8.889845,76.598524
Little Lourde Mission Hospital Blood Bank,686752,Kidangoor,Kerala,0482 2254156,9.683538,76.612118
Caritas Hospital Blood Bank,"M. C. Road, 686630",Thellakom,Kerala,"0481 2790025, 0481 2790029",9.645257,76.549907
Believers Church Medical College Hospital Blood Bank,"M/s. Believers Quarters Theological Seminary Building Number, XXXII/402(7), Kuttapuzha Post, Pathanamthitta, 689103",Pathanamthitta,Kerala,0469 3023100,9.416683,76.575292
Nuveen Medical Relief and research Foundation Blood Bank,"St.Joseph SH-17, 331/1, L176/2, Bannimantap, 570015",Mysore,Karnataka,0821 2496688,12.3410708,76.6531589
District Hospital Blood Bank,686002,Kottayam,Kerala,0481 2563611,9.590064,76.526019
Nirmala Medical Center Blood Bank,"Kizhakkekara, 686661",Moovattupuzha,Kerala,0485 2835343,9.982197,76.585123
M/s. Bharath Charitable Hospital Society Blood Bank,"Azad Lane, Kottayam, 686001",Kottayam,Kerala,0481 2582947,9.589306,76.519311
Cosmopolitan Hospitals Private Hospital Blood Bank,695004,Thiruvananthapuram,Kerala,0471 2521188,8.515748,76.935768
Menathottam Hospital Blood Bank,"Angadi, Ranni, 689673",Ranni,Kerala,04735 226227,9.381963,76.77424
Government Hospital Blood Bank,"Government Hospital, VOC Street, Udumalpet, 642126",Udumalpet,Tamil Nadu,04252 220092,10.583823,77.247247
Government Hospital Blood Bank,"Government Hospital, NH209,Mahalingapuram,Udumalpet Road,Pollachi, 642001",Pollachi,Tamil Nadu,04259 229322,10.658046,77.009584
I. M. A. Blood Bank Society,"Thodupuzha Town Road, 685584",Thodupuzha,Kerala,"0486 2329400, 0486 2221237",9.894113,76.708945
Bensam Hospital Blood Bank,"Kalliancaud, NH 66, Nagercoil, 629003",Nagercoil,Tamil Nadu,"04652 232532, 04652 232533, 04652 232534, 04652 232535",8.189676,77.412207
Dr. Somervel CSI Mission Hospital Blood Bank,695504,Karakkonam,Kerala,0471 2250506,8.391475,77.173573
Sri Chitra Thirunal Institute of Medical Science and Technology Blood Bank,"Chalakkuzhi, 695011",ThiruvAnanthapuram,Kerala,"0471 2524477, 0471 2524406",8.521055,76.926493
Regional Cancer Centre Blood Bank,"Medical College Campus, 695011",ThiruvAnanthapuram,Kerala,"0471 2443128, 0471 2522222",8.520478,76.924243
Poyanil Hospital Blood Bank,"Kozhencherry, Pathanamthitta, 689546",Kozhencherry,Kerala,0468 2310600,9.336697,76.707947
Kanya Blood Bank,"No.173 A/1, K.P. Road, Ramavarmapuram, Nagercoil",Nagercoil,Tamil Nadu,"04652 279850, 04652 273951",8.17554,77.429731
Holy Family Hospital Blood Bank,"Muthalakodam, 686505",Thodupuzha,Kerala,04862 222231,9.912319,76.733924
Udumalpet Indian Medical Association Rotary Blood Bank,"UKP-IMA Building, K.P.N. Nagar Gandhinagar Post, Udumalpet, 642154",Udumalpet,Tamil Nadu,04252 226458,10.586364,77.255039
Morning Star Medical Centre Blood Bank,"Nazareth Hill, 685561",Adimali,Kerala,04864 222114,10.011876,76.958497
Saint Joseph Hospital Blood Bank,"Pathanapuram, 691306",Pathanapuram,Kerala,0475 2352333,8.950688,76.917924
M/s. Employee&#39;s State Insurance Corporation (ESIC) Blood Bank,"Medical College Hospital, Diagnostic Block, Building No. KP / VI/ 952 - H, Paripally, Kollam, 691574",Paripally,Kerala,9447266839,8.81078,76.749075
Mundakkayam Medical Trust (M.M.T.) Hospital Blood Bank,686513,Mundakayam,Kerala,04869 280356,9.535157,76.908953
Holy Cross Hospital Blood Bank,"Adoor, 691523",Adoor,Kerala,04734 2282466,9.161659,76.724452
Azeezia Medical College Blood Bank,"Meeyanoor Road, 691537",Meeyannoor,Kerala,0474 3069200,8.889894,76.739784
Karuna Medical College Hospital Blood Bank,"IV/931, Vilayodi, Chittur, 678103",Alathur,Kerala,04923 221792,10.680366,76.775773
Saint Joseph Hospital Blood Bank,"Anchal Post, 691306",Anchal,Kerala,"0475 2271341, 0475 2271342",8.929263,76.91794
Mary Queens Mission Hospital Blood Bank,"Erumely Road, 686518",Kanjirappally,Kerala,0482 8202460,9.558106,76.813888
Sree Mookambika Institute Medical Science Blood Bank,"14-9C 15, Ist Floor, Medical College Hospital Building, Padanilam, Kulasekaram, 629161",Kanyakumari,Tamil Nadu,04651 2788250,8.361102,77.292365
Pollachi Blood Bank Services,"No : 6, Kanitha methai Ramaujam Street, Venkatesa Colony, Pollachi, 642001",Pollachi,Tamil Nadu,04259 223414,10.665479,77.007079
Women and Children Hospital Blood Bank,"Thycaud, 695014",ThiruvAnanthapuram,Kerala,0471 2323457,8.487383,76.956904
Sree Gokulam Medical College and Research Foundation Blood Bank,"Aalamthara-Bhoothamadakki Road, 695607",Venjaramoodu,Kerala,0472 3041234,8.692755,76.914675
Kerala Institute of Medical Sciences Blood Bank,"Anayara, ThiruvAnanthapuram, 695029",ThiruvAnanthapuram,Kerala,0471 3041222,8.513628,76.909544
Taluk Head Quarter Hospital Blood Bank,695304,Chiryinkil,Kerala,0470 2646565,8.661363,76.786533
Superior Blood Bank,"Gandhari Amman Koil Street, 695001",Thiruvananthapuram,Kerala,0471 2334456,8.4935113,76.9474123
S U T Royal Hospital Blood Bank,"Kochullur, 695011",Trivandrum,Kerala,0471 4177777,8.516322,76.940358
District Hospital Blood Bank,685603,Painavu,Kerala,0486 2232474,9.848086,76.960597
Medical College Hospital Blood Bank,695011,Thiruvananthapuram,Kerala,0471 2528230,8.604603,76.93258
Government Head Quarters Hospital Blood Bank,"Padmanabhapuram, Thuckalay, Kanyakumari, 629175",Kanyakumari,Tamil Nadu,04651 256023,8.247696,77.313237
Vivek Blood Bank,"253, K-11,  K.P. Road, Nagercoil, 629003",Nagercoil,Tamil Nadu,"04652 230108, 04652 234408",8.184559,77.410413
Alphonsa Hospital Blood Bank,"Annakara, SH 19, 685512",Murikkassery,Kerala,04868 263873,9.665029,77.158547
General Hospital Blood Bank,,ThiruvAnanthapuram,Kerala,0471 2307874,8.500115,76.94234
Government Hospital Blood Bank,"Goverment Hospital, Ambasamudram, 627401",Ambasamudram,Tamil Nadu,04634 253480,8.702599,77.385988
Lifeline Super Speciality Hospital Blood Bank,"Building No XII/804 J, 14th Mile, Melood, 691523",Adoor,Kerala,04734 223377,9.163442,76.706321
Thangam Blood Bank (Run by Thangam Chartiable Community Health Trust) William Hospital,"No 252, II floor, william hospital complex, Krishnan Koil, Nagerkoil, 629003",Nagercoil,Tamil Nadu,04652 277955,8.191431,77.423288
Immaculate Heart of Mary Hospital Blood Bank,"Bharanganam, Palai, 686578",Bharanganam,Kerala,0472 2236158,9.70387,76.720484
PRS Hospital Private Limited Blood Bank,"Killipalam, 695002",Thiruvananthapuram,Kerala,0471 2913000,8.480729,76.959445
Mar Gregorious Memorial Muthoot Medical Centre Blood Bank,689641,Kozhencherry,Kerala,0468 2314000,9.337904,76.710744
M/s. Al-Azhar Medical College & Super Speciality Hospital Blood Bank,"Building No. IV/305/A, Ezhalloor Post, Thodupuzha, Idukki, 685605",Thodupuzha,Kerala,04862 223000,9.940275,76.721012
Ananthapuri Hospital and Research Institute Blood Bank,"NH Bypass, Chacka, 695024",ThiruvAnanthapuram,Kerala,0471 2506565,8.486539,76.926988
General Hospital Blood Bank,689645,Pathanamthitta,Kerala,0468 2222364,9.265822,76.782358
Bishop Benziger Hospital Blood Bank,"Beach Road, 691001",Kollam,Kerala,0474 2768204,8.929265,76.91794
Chithra Hospital Blood Bank,686544,Pandalam,Kerala,04734 2252865 (NR),9.465857,76.778869
Kanyakumari Medical College Hospital Blood Bank,"KGMCH,  Asaripallam, 629003",Nagercoil,Tamil Nadu,04652 236949,8.172512,77.392704
Dr. Jeyasekharan Medical Trust and Nursing Home Blood Bank,"No. 253, KP Road, Nagercoil, Kanyakumari,, 629003",Nagercoil,Tamil Nadu,"04652 230019,0465 230020,04652 230021",8.184416,77.409869
Government Taluk Hospital Blood Bank,"Government Taluk Hospital, Gudalur, 643212",Gudalur,Tamil Nadu,04262 261222,9.676495,77.240608
Catherine Booth Hospital Blood Bank (Run By The Salvation Army),"M/s.  The Salvation Army Catherine Booth Hospital,
Arunachalam Colony, Nagercoil, 629001",Nagarcoil,Tamil Nadu,"04652 275516, 04652 275517",8.200027,77.43068
M/s. Ruckmoni Memorial Devi Hospital Blood Bank,"Ponnambi, Vellarada, Thiruvananthapuram, 695505",Trivandrum,Kerala,"0471 2242027, 0471 2241017",8.4482986,77.127416
M/s. S R Super Speciality Hospital Blood Bank,"Building No 09/1109, 4th Floor, Akathumuri, Vennicode P O, Varkala, 695318",Thiruvananthapuram,Kerala,0470 2611176,8.7081618,76.7316653
Taluk Head Quarters Hospital Blood Bank,691506,Kottakkara,Kerala,0474 2452610,9.004354,76.775632
Government Head Quarters Hospital Blood Bank,"Government Head Quarters Hospital, Tenkasi, 627811",Tenkasi,Tamil Nadu,04633 280138,8.952567,77.315522
Government Hospital Blood Bank,"Govt. Blood Bank 
Thaluk hospital 
Punalur, 691305",Punalur,Kerala,"0475 2222702, 0475 2228702",9.019172,76.924716
Sree Uthradam Thirunal Hospital Blood Bank,"Pattom, 695028",ThiruvAnanthapuram,Kerala,"0471 4077777, 0471 4077194",8.599623,76.969593
District Hospital Blood Bank,"Mon Civil Hospital, Tuensang-Mon Naginimora Road
Blood Bank, 798621",Mon,Nagaland,9436441059,26.716467,95.02633
Aditya Diagnostic Hospital Blood Bank,"Bordoloi Avenue, Dibrugarh, 786005",Dibrugarh,Assam,"0373 2302219, 0373 2302220",27.491383,94.931116
District Hospital Blood Bank and Transfusion Unit,"District Hospital, Khangbok, Maning Leikai, Manipur, 795138",Thoubal,Manipur,0384 8222214,24.624975,94.013034
Lohit District Hospital Blood Bank,"District Hospital Tezu, Lohit District, Arunachal Pradesh, 792001",Tezu,Arunachal Pradesh,9436633161,27.559574,96.101627
District Hospital Blood Bank,"District Hospital Colony, Dimapur, 797112",Dimapur,Nagaland,9436009493,25.905078,93.731607
General Hospital Ziro  Blood Bank,"General Hospital Ziro, Lower Subansiri, 791120",Ziro,Arunachal Pradesh,"08415000448, 09402290012",27.53875,93.822176
Greater Jorhat Lions Blood Bank,"Lions Multiple Service Centre, Sonali Jayanti Nagar, 785001",Jorhat,Assam,N/A,26.753059,94.185964
Upper Siang District Hospital Blood Bank,"District Hospital, Yingkiong, Upper Siang District, 
Arunachal Pradesh., 791002",Yingkiong,Arunachal Pradesh,03777 222545,28.641662,95.025348
Dr. Imkongliba Memorial District Hospital Blood Bank,"Dr. Imkongliba memorial District Hospital, Majakong Ward, Mokukchung, 798601",Mokokchung,Nagaland,9436006242,26.318678,94.52071
West Siang District Hospital Blood Bank,"District Hospital, Medical Complex, Aalo, 791001",Aalo,Arunachal Pradesh,9436056268,28.169282,94.801031
Tinsukia Blood Bank,"S.R. Lohia Road, Chiravapathy, IMA House, Tinsukia, 786125",Tinsukia,Assam,0374 2332080,27.490438,95.363017
General Hospital Blood Bank,"General Hospital, Kohima, 797112",Kohima,Nagaland,9436292954,25.596486,94.12323
Vivekananda Kendra NRL Hospital Blood Bank,"NRL Township, Numaligarh Refinery Complex, 785699",Golaghat,Assam,"03776-266-566,03776-266-700",26.591371,93.749516
Diphu Civil Hospital Blood Bank,"Diphu, Karbi Anglong, 782460",Diphu,Assam,9435066080,25.844281,93.433805
Central Hospital  Coal India Limited,"Coal India Limited, Margerita, 786184",Margherita,Assam,9435138053,27.289292,95.674768
Arunachal State Hospital Blood Bank,"Arunachal State Hospital / General Hospital, NH 52A, Lumer Dai Road, 791110",Naharlagun,Arunachal Pradesh,"08731981187, 09436896857",27.103121,93.691936
District Hospital Blood Bank,"District Hospital, South Point East, Near Sheipu, Zunhebeto
Blood Bank, 798620",Zunheboto,Nagaland,9436824331,26.002962,94.523584
District Hospital Blood Bank,"Churachandpur District Hospital, IB Road, Hiangtam Lamka, 795128",Churachandpur,Manipur,387423396,24.343447,93.692909
District Hospital Blood Bank,"Civil Hospital, Tuensang-Mon-Naginimora Road, Nagaland
Blood Bank, 798612",Tuensang,Nagaland,N/A,26.253444,94.817879
District Hospital Blood Bank Champhai,"District Hospital, Champhai
Vengsang Champhai
Near BSNL office Champhai, 796321",Champhai,Mizoram,03831 234926,23.48105,93.3097
Naga Hospital Authority Blood Bank,"Naga Hospital, NH 39, AH1, Kohima, 797001",Kohima,Nagaland,N/A,25.669384,94.095902
Ramakrishna Mission Hospital Blood bank,"Ramakrishna Mission Hospital 
P.O. Ramakrishna Mission
Itanagar,, 791113",Itanagar,Arunachal Pradesh,"0360-221 2263, 221 8780",27.086178,93.609065
Tinsukia Civil Hospital Blood Bank,"Bordoloi Nagar, Tinsukia, 786125",Tinsukia,Assam,0374 2308343,27.498632,95.358861
Kushal Konwar (KK) Civil Hospital Blood Bank,"Abita Building, 1st floor,  Golaghat Near stataion Rd, 785621",Golaghai town,Assam,"00377 428 0042, 03774 280265",26.510171,93.964569
Changlang District Hospital Blood Bank,"District Hospital, Changlang District, Arunachal Pradesh, 792120",Changlang,Arunachal Pradesh,9436068812,27.139258,95.738757
Catholic Hospital Blood Bank,"Borgang, 784167",Biswanath chariali,Assam,3715291162,26.815339,93.320185
Model Blood Bank - Department of IHBT,"RIIMS, Lamphalphelpat, Lamphel Road, Imphal, 795004",Imphal,Manipur,0385 2411434,24.815898,93.922827
Pragati Hospital and Research Centre Blood Bank,"A.T. Road, Sivsagar, 785640",Sivasagar,Assam,9854041744,26.997865,94.61976
Dhemaji Civil Hospital Blood Bank,"Ward No:9, Lachit Nagar, Natun Nagar Rd, 787057",Dhemaji,Assam,N/A,27.458026,94.574533
Simdega Sadar Hospital Blood Bank,"Blood Bank, Sadar Hospital Simdega, 825223",Simdega,Jharkhand,9905101190,22.6149779,84.5028825
Christian Institute of Health Sciences and Research Blood Bank,"Christian Institute of Health Sciences & Research, 
4th Mile, P.B. 31, P.O. ARTC, Dimapur, 797115",Dimapur,Nagaland,9862583187,25.865482,93.771446
Shija Blood Bank and Transfusion Services,"Shija Hospital and Research Institute, Meitei Langol, Lamphelpat, Imphal, 795004",Imphal,Manipur,0385 2055584,24.835805,93.914217
Dr. Damani&#39;s Nursing Home Blood Bank,"L.G.B. Avenue, Near Circuit House, 786001",Dibrugarh,Assam,0373 2300928,27.4898858,94.9229632
Indian Oil Corp Ltd (AOD) Hospital blood bank,"IOCL, Assam Division, Digboi, 786171",Digboi,Assam,03751-263515,27.39287,95.62943
District Hospital Blood Bank,"Wokha Civil Hospital, Wokha, Near NH 61, 797111",Wokha,Nagaland,N/A,26.079008,94.259206
JNIMS Hospital Blood Bank and Transfusion Unit,"JNIMS Hospital, 
Ryang Palli Road, Near TV Road
Porompat, Imphal East, 795005",Porompat,Manipur,"0385 2443142, 0385 2443144",24.811173,93.961697
Pasighat General Hospital Blood Bank,"General Hospital, Pasighat,  Jt. DHS (T&R), High Region, Near NH 52., 791102",Pasighat,Arunachal Pradesh,9436225890,28.071544,95.325113
District Hospital Blood Bank,"District Hospital, Bethany 1 Colony, Phek town, 797108",Phek,Nagaland,N/A,25.710067,94.464482
O.N.G.C. Limited Hospital Blood Bank,"Sivasagar, 785640",Sivasagar,Assam,N/A,26.981201,94.651794
North Lakhimpur Civil Hospital Blood Bank,"North Lakhimpur, 787001",North Lakhimpur,Assam,"03752 242240, 03752 243182",27.242685,94.106483
Assam Medical College and Hospital Blood Bank,"Barbari, Dibrugarh, 786002",Dibrugarh,Assam,3732303731,27.486985,94.944179
Oil India Limited Hospital Blood Bank,"Oil Hospital, Duliajan, 786602",Duliajan,Assam,0374 2806356,27.359192,95.323648
Sivasagar Civil Hospital Blood Bank,"Joysagar, 785640",Sivasagar,Assam,9435057007,26.955222,94.611106
Jorhat Medical College and Hospital Blood Bank,"Telemedicine Department, KB Road, Kushal Nagar, Tarajan, 785001",Jorhat,Assam,0376 2370155,26.742573,94.195109
Upper Subansiri District Hospital Blood Bank,"District Hospital Daporijo, Upper Subansiri District, 
Arunachal Pradesh, 791122",Daporijo,Arunachal Pradesh,"08794050827, 09436089691",27.981329,94.217428
Nanded Blood Bank,"Shivaji Nagar ,Opposite to Adhar Hospital, Nanded, 431602",Nanded,Maharashtra,02462 233810,19.161264,77.304543
Swami Ramanand Tirth Arben Medical College Hospital Blood Bank,"Swami Ramanand Tirth Arben Medical College Hospital Ambajogai Tq. Ambajogai,  Beed, 431517",Beed,Maharashtra,02446 244472,18.731377,76.370902
Guru Gobindsinghji Blood Bank,"Geeta Bhavan 1 & 2 Floor, House No 3-1-366, Near Government, Opposite to Ayurvedic College, Bus Stand Road, Vazirabad, Nanded, 431601",Nanded,Maharashtra,02462 233332,19.156029,77.309
Dr. Shankarrao Chavan Government Medical College and Guru Govindsinghji Memorial Hospital Blood Bank,"Vazirabad, Nanded",Nanded,Maharashtra,"02462 235711, 02462 235712, 02462 234702",19.109305,77.29295
"Dr. Hegdewar Rakta Pedhi Sanstha, Solapur","1st Floor, Sahyadri Shopping Centre Railway Lines, Solapur, 413001",Solapur,Maharashtra,"0217 2311215,  0217 2311281, 0217 2311215, 0217 2311281",17.66391,75.900793
Government Medical College General Hospital Blood Bank,"Blood Bank, Government Medical College & Hospital, Old Railway Station,  Gandhi Chowk, Latur, 413512",Latur,Maharashtra,"02382 257670, 02382 253017",18.39451,76.578201
IMA - Sahakar Maharshi Shankarrao Mohite Patil Blood Bank,"804, Old Pandharpur Road, Ganeshnagar Akluj, Solapur, 413101",Solapur,Maharashtra,"02185 222101, 02185 225601, 02185 222665, 02185 222166",17.660169,75.906401
Arpan Blood Bank,"2nd Floor, Dayma Complex, Doctor Lane, Ghamodia,Nanded, 431601",Nanded,Maharashtra,"02462 241587, 02452 239587",19.161084,77.303022
Arpan Blood Bank Latur,"H.No R-3-1030,  Old Sonawane Hospital, Near  Ashok Hotel, Main Road, Latur, 413512",Latur,Maharashtra,"02382 251476, 02382 252476",18.408491,76.551573
Navjivan Blood Bank,"Plot No 2-10-240 1 st Floor, Jalna Road, Opposite to M.S.E.B. Office, Beed, 431122",Beed,Maharashtra,"02442 233423, 02442 232434, 02442 223975",19.000048,75.755254
Athar Minorities Social and Welfare Associations - Athar Blood Bank,"1st Floor, 410 Shukrawar Peth, Jamiya Complex, Near Jama Masjid, Solapur, 413002",Solapur,Maharashtra,0217 2622999,17.676725,75.910238
IRCS Nagappa Amberkhane Blood Bank,"Banshelki Road Near Nalegaon Railway Crossing Gate Udgir, Latur, 413517",Latur,Maharashtra,02385 258325,18.392306,77.106985
Hazur Saheb Blood Bank,"2nd Floor, Opposite to Bank of India, Sant Kripa Market, GG Road, Nanded, 431601",Nanded,Maharashtra,"02462 248888, 02462 239999",19.153093,77.318654
Dean Chatrapati Shivaji Maharaj Sarvopchar Hospital Blood Bank,"B-Block Ground Floor, Shri. Chatrapati Shivaji Maharaj Sarvopchar Hospital, Solapur, Maharashtra, 413003",Solapur,Maharashtra,"0217 2310766, 0217 2749440",17.659024,75.912826
Solapur Blood Bank,"136, Railway Line, Near Railway Station, Near Atthar Hospital, Anjani Chembers,  Solapur, 413001",Solapur,Maharashtra,"0217 2317242, 0217 2318028",17.65992,75.906391
Arpan Blood Bank Beed,"3rd Floor, Thorat Multispeciality Hospital, D.P. Road, Anand Nagar, Ambejogai, Dist - Beed,, 431517",Beed,Maharashtra,02446 245002,18.725503,76.390737
Smt. Saraswati Karad Blood Bank,"MIMSR Medical College and Y.C.R. Hospital, Vishwanath Puram,  Ambejogai Road, Latur, 413512",Latur,Maharashtra,"02382 227424, 02382 227028 (Extn. 242)",18.429485,76.577846
Indian Red Cross Society - Smt. Gopabai Damani Blood Bank,"165 Railway Line, Red Cross Road, Dufferin Chowk, Solapur, 413001",Solapur,Maharashtra,"0217 2726858, 0217 2722106",17.660077,75.906391
Golvalkar Guruji Blood Bank,"Plot No.2-12-407, Bandhaghat Road, Vazirabad, Nanded, 431601",Nanded,Maharashtra,02462 243300,19.168646,77.326553
IRCS - Dr. Bhalchandra Blood Bank,"Red Cross Bhavan, Gandhi Market, Latur, 413512",Latur,Maharashtra,"02382 246078, 02382 254994",18.401208,76.580639
SIDDHESHWAR BLOOD BANK,"Kalyani Towers, 126 Siddheshwar Peth, Near Yashwantrao Hospital Behind civil court, Solapur, 413003",Solapur,Maharashtra,0217 2323222,17.672075,75.904841
Vaidynath Blood Bank,"Mundhe Children Hospital, Near Dube Petrol Pump, Jai Nagar, Parli-Vaijnath, Beed, 431515",Beed,Maharashtra,02446 223584,18.842659,76.535058
Civil Surgeon General Hospital Blood Bank,"Civil Surgeon District General Hospital, Barshi Road, Beed, 431122",Beed,Maharashtra,02442 220609,18.986918,75.75332
The District Surgeon District Hospital Blood Bank,585401,Bidar,Karnataka,08482 220744,17.918098,77.515003
M. M. Patel Public Charitable Trust - Ashwini Rural Medical College and Hospital Blood Bank,"Kumbhari, Gat No. 261 and 262 , Akkalkot Road, Kumbhari, 
Tal.South Solapur. Dist. Solapur, 413006",Solapur,Maharashtra,"0217 2280891, 0217 2280897",17.644778,75.986234
"Civil Surgeon, General Hospital Blood Bank","Civil Hospital Osmanabad, Tqand, Osmanabad, 413501",Osmanabad,Maharashtra,02472 226924,18.18077,76.034735
Akshay Blood Bank,"Survey No. 2212, First Floor, Laxmi Narayan Apartment, South Sadar Bazar, Solapur, 413003",Solapur,Maharashtra,"0217 2315025, 0217 26993247",17.669558,75.915101
Shri Markendya Charitable and Medical Trust Irrapanna N Boli Blood Bank,"Ashok Chowk, 896/97, Bhavnarishi Peth (Bolli Mangal Karayalaya 1 floor, Solapur, 413006",Solapur,Maharashtra,"0217 2653829, 0217 2390144, 0217 2620348",17.659918,75.906391
Indian Red Cross Society - Sarjubai Bansila Bajaj Blood Bank,"62/2/3/4, Bhakti Marg, Pandharpur, Solapur, 413304",Solapur,Maharashtra,"02186 223650, 02186 222219",17.562936,75.265589
Shri Krishna Blood Bank,"Dr. Patange Hospital Building, Ajay Nagar Omerga, Omerga,  Osmanabad, 413606",Omerga,Maharashtra,"02457 252004, 02457 252232, 02457 252469",17.83503,76.622149
District Hospital Blood Bank,"District Hospital, Gazipur, 237001",Ghazipur,Uttar Pradesh,N/A,25.582008,83.582114
MGM Medical College Hospital Campus Blood Bank Jamshedpur,"Sakchi, Jamshedpur, 831001",Jamshedpur,Jharkhand,0657 2230092,22.811699,86.210334
Sadar Hospital Hajipur Blood Bank,"hospital road, hajipur, Near Civil Court, 8441010",Hajipur,Bihar,"09473191934, 09279220893",25.690268,85.208265
"Odisha Red Cross Blood Bank, SDH, Anandapur","Sub Divisional Hospital, Anandapur, Ghasipura, 758015",Anandapur,Odisha,06731 221467,21.628282,85.596419
Bokaro General Hospital Blood Bank,"Blood Bank, Bokaro General Hospital, Sector - 4, Bokaro Steel City, 827004",Bokaro,Jharkhand,6542289076,23.675112,86.145632
Bihar State Patna Medical College and Hospital (PMCH) Blood Bank,"Ashok Raj Path, Bankipore, 800004",Patna,Bihar,0612 2300334,25.619794,85.158851
District Hospital Blood Bank,"Saket Nagar, Deoria, 274807",Deoria,Uttar Pradesh,05568 227691,26.495682,83.781488
"Tisco Hospital Blood Bank, Kendujhar","Tisco Hospital, Joda, Kendujhar, 758034",Joda,Odisha,06767 272010,22.018667,85.418371
Rastra Kavi Dinkar Blood Bank,"Sadar Hospital, Begusarai, 851101",Begusarai,Bihar,06243 220072,25.4138,86.13596
"Odisha red Cross Blood Bank, Karanjia, Mayurbhanj","Sub Divisional Hospital, Karanjia (Post), Mayurbhanj, 757037",Karanjia,Odisha,06796 221832,21.764292,85.973327
TATA (TISCO) Hospital Blood bank,"Blood Transfusion Unit, TISCO Hospital, Noamundi, Chaibasa, 833217",Noamundi,Jharkhand,9234612775,22.145873,85.494402
Odisha Red Cross Blood Bank Sambalpur,"District Head Quarter Hospital, Pani Tanki Road, Modipada (Post), Sambalpur, 768002",Modipada,Odisha,0663 2400180,21.473765,83.974011
Sadar Hospital Jamui Blood Bank,"185, Khan Hospital Road, 811307",Jamui,Bihar,6345222820,25.20523,85.514552
"Odisha Red Cross Blood Bank, Baragarh","Distict Head Quarter Hospital, Bargarh, 768028",Bargarh,Odisha,06646 234104,21.335042,83.616202
Indian Red Cross Society (IRCS) Blood Bank Morabadi,"Morabadi, Near Hockey Stadium, Ranchi, 834008",Ranchi,Jharkhand,07091494670-75,23.3882502,85.3281205
Lisie Hospital Blood Bank,"Lisie Medical Institution, 682018",Ernakulam,Kerala,"0484 2400812, 0484 2401817",9.988224,76.288097
Palamu Sadar Hospital Blood Bank,"Daltonganj, palamau, 822101",Daltonganj,Jharkhand,06562 222677,24.047051,84.060447
Nalanda Medical College and Hospital Blood Bank,"Agamkuan, Near Shitla Mandir, 800007",Patna,Bihar,0612-2918523/2631159,25.594095,85.137565
Rinchi Trust Hospital Blood Bank,"Rinchi Trust Hospital Blood Bank, Kathal More, Itki Road, Ranchi., 835303",Ranchi,Jharkhand,0651 6456780,23.3451234,85.1106008
Sadar Hospital Samastipur Blood Bank,"14, State Highway 50, Azad Nagar, Samastipur,, 848101",Samastipur,Bihar,06274 222 331,25.857206,85.778507
Kiriburu Meghahatuburu General Hospital Blood Bank,"Kiriburu Iron Ore Mines, 833222",KIRIBURU,Jharkhand,06596 245025,22.104554,85.291571
Patliputra Medical college and Hospital (PMCH) Blood Bank Dhanbad,"PMCH, Saraidhela, Dhanbad, PO. BCCL Township, 826005",Dhanbad,Jharkhand,0326 2230301,23.7976877,86.4356088
Deben Mahato (Sadar) Hospital Blood Bank,"P.O.Purulia, 723101",Purulia,West Bengal,03252 222678,23.332391,86.362661
Garhwa Sadar Hospital Campus Blood Bank,"Blood Bank, Sadar Hospital Garhwa, 822114",Garhwa,Jharkhand,06561 222005,24.158163,83.802052
"Odisha Red Cross Blood Bank, Bhadrak","District Head Quarter Hospital, Bhadrak, 756100",Bhadrak,Odisha,06784 251817,21.065246,86.502463
Sadar Hospital Sasaram Blood Bank,"Rauza Road, Laxkariganj, Near Head Post Office, Sasaram, 821115",Rohtas,Bihar,6184227105,24.952782,84.013897
"Odisha Red Cross Blood Bank, Jharsuguda","District Head Quarter Hospital, Near Hanuman Mandir,, 768201",Jharsuguda,Odisha,06645 272180,21.853817,84.017235
Sainik Hospital Blood Bank Namkum,"Blood Bank, Sainik Hospital, Namkum, Ranchi, 834010",Ranchi,Jharkhand,0651 2260245,23.3496021,85.3796172
Gumla Sadar Hospital Blood Bank,"Blood Bank, Sadar Hospital Gumla, Jharkhand, 835207",Gumla,Jharkhand,9534032306,23.0346771,84.5383358
Archi Blood Bank Jharkhand,"Baxi Avenew, Dr. J. Sharan Lane Bariatu Ranchi, 834009",Ranchi,Jharkhand,0651 6455072,23.38949,85.346526
District Hospital Blood Bank,"District Hospital Blood Bank, 277001",Ballia,Uttar Pradesh,N/A,25.750805,84.147468
"TRL Hospital, Belpahada","TRL Hospital, Belpahar, Jharsuguda, Odisha, 768218",N/A,Odisha,06645 258411,21.8138695,83.8530636
Nagarmal Modi Seva Sadan Hospital Blood Bank,"Blood Bank, Nagarmal Modi Seva Sadan Hospital, Upper Bazar, Ranchi, 834001",Ranchi,Jharkhand,9234460464,23.371161,85.317141
Devkamal Hospital and Research Centre Blood Bank,"Bajra Bazar, Bajra, Near IIT Bus Stand, Itki Road, 834005",Ranchi,Jharkhand,7549000645,23.3691335,85.2204851
Hazaribag Sadar Hospital Blood Bank,"Blood Bank, Sadar Hospital Campus Hazaribag, 825301",Hazaribagh,Jharkhand,06546 265289,23.997502,85.3564179
K.M. Memorial Hospital & Research Center Blood Bank,"Blood Bank, K.M. Memorial Hospital & Research Center, By Pass Road Chas Bokaro, 827013",Bokaro,Jharkhand,0651 236188189,23.633257,86.173506
Sadar Hospital Khagaria Blood Bank,"Ward Number 14, Khagaria, 851205",Khagaria,Bihar,06244 222 134,25.50788,86.474581
CCL Hospital Blood Bank Ranchi,"Central Hospital,CCL, Gandhi Nagar, Kanka Rd, Ranchi, 834008",Ranchi,Jharkhand,"0651 2230355,ext 7059",23.408788,85.321355
"Sadar Hospital, Gopalganj Blood Bank","Ward No. 15, Gopalganj, 841428",Gopalganj,Bihar,06156-224754,26.460762,84.441119
Indira Gandhi Institute of Medical Sciences (IGIMS) Blood Bank,"Baily Road, Sheikpura, Raja Bazar, Near Sanjay Gandhi Botanical Garden, 800014",Patna,Bihar,"0612 2297631, 0612 2297099 (Ext - 125)",25.611687,85.089567
Dwarka Das Jalan Memorial Hospital Bartand Blood Bank,"Blood Bank Dwarka Das Jalan Memorial Hospital Bartand, Dhanbad, 826001",Dhanbad,Jharkhand,3262313525,23.806393,86.43059
Jaiprabha Hospital Model Blood Bank (MBB),"State of art Model Blood Bank,
Jai Prabha Hospital Campus, P.C.Colony, Kankarbagh, Near Ganga Devi Mahila Maha Vidyalaya, 800020",Patna,Bihar,0612 2355805,25.60017,85.152281
Sadar Hospital Sitamarhi Blood Bank,"NH 104, KVJ Nagar, Sitamarhi,, 843302",Sitamarhi,Bihar,9473264433,26.596243,85.494747
"Odisha Red Cross Blood Bank, SDH, Kuchinda","Sub Divisional Hospital Kuchinda, Sambalpur, 768222",Kuchinda,Odisha,06642 220509,21.745975,84.350757
CCL Hospital Blood Bank Ramgarh,"Blood Bank, CCL Hospital, Nai Sarai Ramgarh Cantt, Argada Road, 829122",Ramgarh,Jharkhand,06553 231755,23.6484192,85.5093472
"Odisha Red Cross Blood Bank, Deogarh","District Head Quarters Hospital, Deogarh, 768108",Deogarh,Odisha,06641 226182,21.534301,84.729719
"Odisha Red Cross Blood Bank, Kendujhar","District  Head Quarter Hospital,Kendujhar, 758001",Kendujhar,Odisha,06766 254380,21.628282,85.596419
"Heavy Engineering Corporation, Plant Hospital Blood Bank","Sector III, HEC Campus, Opposite JSCA Stadium, Ranchi, 834004",Ranchi,Jharkhand,0651 2444336,23.313367,85.277743
Sadar Hospital Buxar Blood Bank,"Old Campus of Sadar Hospital, Civil Line, 802101",Buxar,Bihar,"09431235353, 09431083400",25.56471,83.977748
Central Hospital Blood Bank BCCL Dhanbad,"Blood Bank, Central Hospital, BCCL, Dhanbad, 826003",Dhanbad,Jharkhand,9470595563,23.8057146,86.4509654
Indian Red Cross Society (IRCS) Patna Blood Bank,"Indian Red Cross Bhawan, North Gandhi Maidan, 800001",Patna,Bihar,0612 2201035,25.619909,85.145263
Vesaj Patel Hospital and Research Center Blood Bank,"Vesaj Patel Hosp and Research Center, Rourkela, 769004",Rourkela,Odisha,0661 2401799,22.2265275,84.821447
"Rajendra Institute of Medical Science (RIMS) Blood Bank, Bariyatu","Bariatu, Ranchi, Jharkhand, 834009",Ranchi,Jharkhand,6512540656,23.388964,85.349138
Darbhanga Medical College and Hospital (DMCH) Regional Blood Bank,"Darbhanga Surgery Building, Ground Floor, DMCH Campus, DMCH Road, 846003",Laheriasaria,Bihar,06272 233 092,26.133426,85.898943
"Odisha Red Cross Blood Bank, SDH, Rairangpur","Sub-Divisional Hspital, Rairangpur, 757043",Rairangpur,Odisha,06794 22298,22.2692759,86.1564211
"Red Cross Blood Bank, Sadar Hospital, Bihar Sharif","Indian Red Cross Society, opposite Sadar Hospital, near IMA hall, 803101",Bihar Sharif,Bihar,9709456019,25.20523,85.514552
Jharkhand Blood Bank Bariatu,"Jharkhand Blood Bank, S. R. Complex,  Near Bariatu Masjid, Bariatu, 834009",Ranchi,Jharkhand,"09334439995, 09973161687",23.395757,85.351652
Sadar Hospital Ara Blood Bank,"Sadar Hospital Ara Blood Bank, Shivganj, 802301",Ara,Bihar,N/A,25.558506,84.670631
Sadar Hospital Chhapra Blood Bank,"Daroga Rai Chowk, Sadhapur, Chhapra,, 841301",Chapra,Bihar,078709 44325,25.781723,84.73066
Central Hospital Blood Bank Joda,"Blood Bank,Central  Hospital, Joda, Keonjhar, 758034",N/A,Odisha,06767 272231,22.036011,85.434191
Sadar Hospital Ara (Bhojpur) Blood bank,"Sapna Cinema Road, Nawada,, 802301",Ara,Bihar,N/A,25.559755,84.667554
"Odisha Red Cross Blood Bank, SDH, Champua","Sub Divisional Hospital Champua, At/-SDH, Champua, 758041",Champua NAC,Odisha,06767 240898,21.6293658,85.5978164
Giridih Sadar Hospital Blood Bank,"Blood Bank, Sadar Hospital Giridih, 815301",Giridh,Jharkhand,06532 250357,24.1879903,86.3064543
Sadar Hospital Sheikhpura Blood Bank,"Near Dallu Chowk, Sheikhpura,, 811105",Sheikhpura,Bihar,"06341 225172,  06341 225013",25.133195,85.841424
Jamshedpur Blood Bank,"Stocking Road, Northern Town. Bistupur, 831001",Jamshedpur,Jharkhand,0657 2431957,22.804227,86.181256
Indian Red Cross Blood Bank (IRCS) Blood Bank,"South Ramna Road, Bhojpur, 802301",Arrah,Bihar,9386399967,25.559303,84.661958
Combined District Hospital,"Munshi Pura, 275101",Mau,Uttar Pradesh,N/A,25.921403,83.563806
Chaibasa Sadar Hospital Blood Bank,"Blood Bank, Sadar Hospital Chaibasa, West Singhbhum, 833201",Chaibasa,Jharkhand,9279221139,22.5505168,85.8054811
Sri Krishna Medical College Hospital (SKMCH) Blood Bank,"National Highway 77, Uma Nagar, Rasulpur Saidpur Bazid, 842004",Muzaffarpur,Bihar,0621 2233033,26.167644,85.392082
Indian Red Cross Society Blood Bank Bokaro,"IRCS, Blood bank, Pandit Jawahar lal Nehru Marg, Near Airport, Sector 1 B.S. City, 827001",Bokaro,Jharkhand,"06542 224555, 06542 288137",23.644138,86.151112
Sadar Hospital Muzaffarpur Blood Bank,"Sadar Hospital Blood Bank Muzaffarpur, Near Muzaffarpur Railway Station, Hospital Road,, 842001",Muzaffarpur,Bihar,N/A,26.122253,85.382562
Abdur Razzaque Memorial Weavers Hospital (ARAM) Blood Bank,"Blood Bank, ARAM Apollo Hospital, IRBA, Ranchi, 835217",Ranchi,Jharkhand,0651 7123123,23.4507571,85.4370738
"Odisha Red Cross Blood Bank, Sundergarh","District Headquarter Hospital Premises, Sundargarh, 770001",Sundergarh,Odisha,06622 273225,22.118256,84.036159
Anugrah Narayan Memorial Magadh Medical College Hospital (ANMMCH) Blood Bank,"Sher Ghati Road, 823001",Gaya,Bihar,0631 2410339,24.771176,84.960302
"Indian Red Cross Society Blood Bank, Motihari","Red Cross Society Sadar Hospital road, Motihari, Red Cross Bhawan, Hospital Road, 845401",Motihari,Bihar,"06252 22202, 06252 232202",26.647477,84.910299
Fatima Hospital Blood Bank,"Fatima Hospital, Chandmari Imiliya Road, Maunathbhanjan, Mau, 275101",Mau,Uttar Pradesh,0547 220943,25.923014,83.570215
Koderma Sadar Hospital Blood Bank,"Blood Bank, Sadar Hospital Koderma, 825410",Koderma,Jharkhand,9334516895,24.188289,86.306465
Lohardaga Sadar Hospital Blood Bank,"Blood Bank, Sadar Hospital Lohardagga, 835302",Lohardaga,Jharkhand,6526222235,23.441722,84.685316
"Odisha Red Cross Blood Bank, Rourkela","Rourkela Government Hospital Campus, Rourkela, PO- Uditnagr, S.T.I Chowk, 769004",Rourkela,Odisha,0661 2401770,22.264089,84.865108
Latehar Sadhar Hospital Blood Bank,"Sub-Divisional Hospital Blood Bank, Latehar, 829206",Latehar,Jharkhand,9835589186,23.7432844,84.5059776
Sadar Hospital Kaimur (Bhabua) Blood Bank,"Kachahari Road, Kaimur, 821101",Bhasna,Bihar,06189 223254,25.039579,83.607736
Gurunanak Hospital and Research Centre Blood Bank,"Gurunanak Hospital and Research Centre Blood Bank Unit, Station Road, Ranchi., 834001",Ranchi,Jharkhand,0651 2460506,23.349938,85.330008
Maharani Janki Kunwar (MJK) Hospital Blood Bank,"Bettiah, West Champaran, 845438",Bettiah,Bihar,,26.796929,84.500903
"Immuno-Haematology & Blood Transfusion Centre, Rourkela","ISPAT General Hospital, Steel Authority of India ltd. Rourkela Steel Plant, Sector - 19, 769005",Rourkela,Odisha,6612439919,22.2640892,84.8651084
Sadar Hospital Siwan Blood Bank,"SH 45, Babhnauli, Siwan, 841226",Siwan,Bihar,"082940 84226, 09431284168",26.226162,84.361845
Valluvanad Hospital Blood Bank,679104,Ottapalam,Kerala,0466 2244405,10.774578,76.360532
M/s. Rajagiri Healthcare and Education Trust Blood Bank,"Changamveli, Aluva, Ernakulam, 683112",Aluva,Kerala,0484 6655618,10.087575,76.388062
T. D. Medical College Hospital Blood Bank Alappuzha,"Vandanam, 688005",Vandanam,Kerala,0477 2282709,9.416254,76.347601
Thrichur Heart Hospital Limited Blood Bank,"ST Nagar, Kannamkulangara, 680021",Thrissur,Kerala,0487 2433101,10.512613,76.214571
Mother Hospital Blood Bank,"Olarikkara, 680012",Pullazhi,Kerala,"0487 2434100, 0487 2361091",10.519157,76.185077
Indo American Hospital - Brainand Spine Centre Blood Bank,"Chemmanakari, 686173",Vaikom,Kerala,,9.791175,76.377084
P. V. S. Memorial Hospital Limited Blood Bank,"NH Road, Next to Gokulam Park, 682017",Kallor,Kerala,0484 4182888,9.993389,76.291263
Carmel Hospital Blood Bank,"Ashokapuram, 683101",Alwaye,Kerala,0484 2625346,10.090627,76.362146
Samaritan Hospital Blood Bank,"Pazhanganad, 683562",Kizhakkambalam,Kerala,"0484 2680511, 0484 2680516",10.043927,76.397584
Saint Joseph Hospital Blood Bank,"Dharmagiri, 686691",Kothamangalam,Kerala,0485 2862391,10.012211,76.323922
General Hospital Blood Bank,"Hospital Road, 680011",Ernakulam,Kerala,"0484 2366426, 0484 2625101, 0484 2386000",9.971979,76.281693
Modern Medical Blood Bank,"Modern Hospital Complex, 680664",Kodungallur,Kerala,0480 3953397,10.233898,76.194222
Sree Narayana Institute of Medical Sciences Blood Bank,"Chalakka, 683594",North Kuthyathode,Kerala,"0484 2479199, 0484 2573023",10.156697,76.282305
Thrissur Metropolitan Health Care Private Limited Blood Bank,"Koorkenchery, 680007",Thrissur,Kerala,0487 2425125,10.510405,76.21034
Lakeshore HospitalandResearch Centre Limited Blood Bank,"Nettoor, 682040",Maradu,Kerala,0484 2701033,9.918926,76.318973
Al-Shifa Hospital Private Limited,679322,Perintalmanna,Kerala,"04933 299160, 04933 299103",10.984799,76.223878
SJM Blood Bank Basaveshwara Medical College Hospital and Research Centre,"NH-4, By Pass, Near KHB Colony, 577502",Chitradurga,Karnataka,08194 222054,14.239807,76.388943
District Hospital Blood Bank,"Round East, Thrissur, 680020",Thrissur,Kerala,"0487 2427778,  0487 2427383",10.522997,76.217675
West Fort Hospital Blood Bank Thrissur,680004,Thrissur,Kerala,"0487 2382130, 0487 2388783",10.524176,76.201807
Sacred Heart Hospital Blood Bank,Green Garden,Cherthala,Kerala,0478 2822337,9.662125,76.338902
K. V. M. Hospital Blood Bank,"P.B. No. 30, Chertala, 688524",Alappuzha,Kerala,0477 2812228,9.667112,76.339569
Medical College Hospital Blood Bank,"Mulangunnathukavu, 680581",Peringandoor,Kerala,0487 2200310,10.630259,76.202424
Little Flower Hospital Blood Bank,"M. G. Road, 683572",Angamaly,Kerala,0484 3096666,10.190395,76.39029
Government Taluk Head Quarters Hospital Blood Bank,673592,Sulthan Bathery,Kerala,0493 6223920,11.662543,76.257414
INHS Sanjeevini Naval Base Blood Bank,"Willingdon Island, 682003",Ernakulam,Kerala,0484 2662366,9.946756,76.282561
Carmel Medical Centre Blood Bank,"Arattu Kadavu Road, Thirumuppam, 683517",Pala,Kerala,0482 2212785,10.091904,76.265596
M. E. S. Medical College Blood Bank,679338,Perinthalmanna,Kerala,"04933 298300, 04933 258306",10.957239,76.175673
Medical Trust Hospital Blood Bank,"M.G.Road, Pallimukku, 682016",Kakkanad,Kerala,0484 2358001,9.964196,76.287884
Aster Medicity - Aster DM Healthcare Private Limited Blood Bank,"IX/475 L, Kuttysahib Road, Near Kothad Bridge, South Chittoor, 682027",Cheranalloor,Kerala,0484 2373434,10.043946,76.277515
Lourdes Hospital Blood Bank,"Pachalam, 683503",Kochi,Kerala,0484 4123456,10.006644,76.277863
Saint James Hospital Blood Bank,"Anamala, Old Highway, 680307",Chalakkudy,Kerala,0480 2710271,10.315567,76.335422
Aswini Hospital Private Limited Blood Bank,"Karunakaran Nambiar Road, 680022",Thrissur,Kerala,"0487 6612345, 0487 2475000",10.534768,76.214142
Government Hospital -Taluk Head Quarters Hospital Blood Bank,679322,Perinthanmanna,Kerala,0493 3226505,10.974255,76.231942
Sunrise Institute of Medical Sciences Private Limited Blood Bank,"Sea Port Air Port Road, 682025",Kochi,Kerala,0484 4160000,10.025327,76.338945
Bishop Alappat Mission Hospital Blood Bank,"Kattoor-Karuvannur Road, Karanchira, 680702",Thrissur,Kerala,0480 2670267,10.395236,76.164596
Vasavi Blood Bank,"Khata No. 4895/4720, Assessment No. 11479/13, 
B. L. Gowda Layout, Thurunur Road, 577501",Chitradurga,Karnataka,08194 222666,14.229572,76.409483
Maria Theresa Hospital Blood Bank,680696,Kuzhikkattusery,Kerala,,10.289257,76.277178
Elite Mission Hospital Blood Bank,680007,Koorkencherry,Kerala,"0487 2429322, 0487 3011400",10.502217,76.211028
Government Medical College Ernakulam Blood Bank,"HMT Colony Post, 683503",Kalamassery,Kerala,0484 2754813,10.05335,76.354918
District Hospital Blood Bank Chitradurga,"B. D. Road Chitradurga, 577501",Chitradurga,Karnataka,08194 234710,14.220818,76.4065
West Fort Hitech Hospital Blood Bank,"Guruayoor Road, 680002",Punkunnam,Kerala,0487 2388999,10.536504,76.197029
Amritha Institute of Medical Sciences Research Centre Blood Bank,682041,Ernakulam,Kerala,0484 4001234,10.033082,76.293881
IMA Voluntary Donor Blood Bank,"T. D. Road, 682011",Ernakulam,Kerala,"0484 2361549, 0484 2350522",10.01486,76.303466
Janakeeya Samithy (Arogyam) I.M.A Blood Bank Complex and Research Centre,680631,Ramavarmapuram,Kerala,"0487 2323964, 0487 2320784",10.559875,76.226818
Jubilee Mission Hospital Blood Bank,"P.O.Jubilee Mission, 680005",Thrissur,Kerala,0487 2432200,10.520189,76.227996
Regional Blood Transfusion Centre - District Hospital,"Railway Station Road, Periyar Nagar, 683101",Alwaye,Kerala,0484 2625101,10.105151,76.355191
Woman and Child Hospital Blood Bank,"Beach bazar, 688012",Alappuzha,Kerala,0477 2251151,9.4637103,76.3702515
Sacred Heart Mission Hospital Blood Bank,"Irinjakakuda, 680683",Pullur,Kerala,"0480 2826545, 0480 2823128",10.349017,76.242118
Mother Care Hospital Blood Bank,"Vattambalam, 678762",Mannarkad,Kerala,"04924 232600, 04924 232888",10.983437,76.423227
Indira Gandhi Memorial Hospital Blood Bank,"Indira Gandhi Memorial (I.G.M) Hospital, Akhaura Road, Agartala, Tripura West., 799001",Agartala,Tripura,"0381 2325736, 0381 2326614, 0381 2315875",23.8311,91.276015
Nalbari Maternity Hospital Blood Bank,"Alternative Road, 781335",Nalbari,Assam,3624220840,26.440614,91.43584
B.P. Civil Hospital Blood Bank,"Civil Road, Nagaon, 782001",Nagaon,Assam,03672-251105,26.344942,92.689464
Ganga Hospital Blood Bank,"G. S. Road, Lachit Nagar, Ulubari, 
Near KFC; Neubari, 781007",Guwahati,Assam,0361 2454742,26.172081,91.759992
District Hospital Blood Bank Kolasib,"Blood Bank, District Hospital, Kolasib
Venglai, Kolasib, Hospital Road, 796081",Kolasib,Mizoram,03837 221930,24.231419,92.676799
Down Town Hospital Blood Bank,"4th Floor, Buiding No:1, G.S. Road, Dispur, 781006",Guwahati,Assam,"00361 2332741, 0361 2334168",26.136151,91.796833
S. M. K. Civil Hospital Blood Bank,"Maszid Road, 781335",Nalbari,Assam,03624-223555,26.448222,91.435618
I.N.H.S. Dhanvantri,"Ashvini Nagar, Port Blair, Andaman and Nicobar Islands., 744103",Port Blair,Andaman And Nicobar Islands,03192 248759,11.649693,92.717418
Lower Assam Hospital Blood Bank,"Chapaguri Road, North Bongaigaon, 783380",Bongaigaon,Assam,3664230465,26.492861,90.551479
155 Base Hospital Blood Bank,"Tezpur, 784501",Tezpur,Assam,N/A,26.655397,92.787317
Haji Abdul Majid Memorial Hospital and Research Centre Blood Bank,"Hojai, Nagaon, 782435",Hojai,Assam,03674-252514,26.015994,92.868186
"J N Hospital Blood Bank,Serchhip","Blood Bank, District Hospital, Serchhip, 796181",Serchhip,Mizoram,03838 226184,23.307946,92.856366
Dispur Blood Bank,"Ganeshguri, Dispur, 781006",Guwahati,Assam,0825 399124 ext 222,26.149823,91.786638
District Hospital  Blood Bank Dharmanagar,"District Hospital North Tripura, Hospital Road, 799250",Dharmanagar,Tripura,0382 2231621,24.234,92.09507
Bongaigaon Refinery (BRPL) Hospital Blood Bank,"BRPL Refinery, iocl/bgr township, 783385",Dhaligaon,Assam,"03664254669, 03664253253",26.510577,90.522683
"Regional Blood Bank, East Khasi Hills - Pasteur Institute","Pasteur Institute, Pasteur Hill, Lawmali, 793001",Shillong,Meghalaya,0364 2591629,25.583606,91.884132
Nazareth Hospital Blood Bank,"Nazareth Hospital, Laitumkhrah, Shillong, 793003",Shillong,Meghalaya,0364 2224052,25.571321,91.897913
Dr. B. Borooah Cancer Institute Blood Bank,"Gopinath Nagar, Birubari, Guwahati, 781016",Guwahati,Assam,"0361 2472366, 0361 2472636",26.165087,91.747674
Jowai Civil Hospital Blood Bank,"Jowai Civil Hospital, Durlong
Opp. Lower Primary School Panaliar,
Panaliar Towai, 793150",Jowai,Meghalaya,03652 20735,25.438521,92.199331
District Hospital Blood Bank Mamit,"Blood Bank, District Hospital,Lungsir, Mamit, 796441",Mamit,Mizoram,0389 2565655,23.909365,92.494861
Dr. H. Gordon Roberts Hospital Blood Bank,"Jaiaw, Shillong, 793002",Shillong,Meghalaya,0364 2545826,25.584829,91.875283
Solace Hospital and Research centre Pvt.Ltd Blood bank,"BOC Agia Road Road, P.O. Baladmari
Opposite to Assam Oil Petrol Pump, 783121",Goalpara,Assam,"03663 240021, 03663 243031",26.164643,90.624877
Sanjevani Hospital Blood Bank,"Maligaon,  Guwahati, 781011",Guwahati,Assam,0361 2674892,26.161206,91.70941
Karimganj Civil Hospital Blood Bank,"Karimganj, 788710",Karimganj,Assam,"03843260490, 03844 263200",24.867595,92.361806
Civil Hospital Blood Bank,"Civil Hospital, Chanmari-2 Lunglei, 796701",Lunglei,Mizoram,0372 2324555,22.886385,92.744135
R.N.B. Civil Hospital Blood Bank,"Habrubil, Gossaigaon, Kokrajhar, 783370",Kokrajhar,Assam,03661 276436,26.452881,89.976397
Dhubri Civil Hospital Blood Bank,"Jhagrarpar, Dhubri, 783325",Dhubri,Assam,"0366 223 2558, 03662 230959",26.034365,89.963554
District Hospital Gomati Blood Bank,"District Hospital,Near Tepania Eco Park, Udaipur Gomati,, 799114",Udaipur,Tripura,N/A,23.554399,91.455532
Assam Gujarat Voluntary Blood Bank and Research Centre,"33, Anil Mazamill Road, Lane opposite to Apsara Cinema, 
Manipuri Basti, 781007",Guwahati,Assam,N/A,26.176689,91.753784
Silchar Medical College and Hospital Blood Bank,"Krishnapur Medical Road, Ghungoor, Silchar, 788014",Silchar,Assam,03842 229103,24.775578,92.794251
Christian Hospital Blood Bank Serkawn,"Christian Hospital, Serkawn, 796891",Serkawn,Mizoram,0372 2342268,22.90691,92.758415
District Hospital Blood Bank Lawngtlai,"District Hospital, Electric veng, Near CMO office, Lawngtlai, 796891",Lawngtlai,Mizoram,03835 232210,22.536684,92.888179
Goalpara Civil Hospital Blood Bank,"Agia Road, Goalpara, 783121",Goalpara,Assam,"03663240337, 03663 243800",26.142267,90.610584
Synod Hospital Blood Bank Durtlang,"Blood Bank, Synod Hospital, Durtlang, 796025",Aizawl,Mizoram,0389 2361222,23.772714,92.731326
ILS Hospital Blood Bank,"Capital Complex Extension, P.O. New Secretariat, Kunjaban, Agartala, Tripura., 799006",Agartala,Tripura,0381 2415000,23.867534,91.289606
North Eastern Indira Gandhi Regional Institute of Health and Medical Sciences Blood Bank,"North Eastern Indira Gandhi Regional Institute of Health and Medical Sciences , Mawdiangdiang, Shillong, 793018",Shillong,Meghalaya,0364 2538063,25.591485,91.940381
Kanaklata Civil Hospital Blood Bank,"Main Road, Tezpur, 784001",Tezpur,Assam,"003712-252999, 03712 220033",26.628524,92.796499
Hayat Hospital Blood Bank,"Odalbakra, Lalganesh, 781034",Guwahati,Assam,0361-2475550/51/52/53/54,26.139171,91.746199
151 Base Hospital Blood Bank,"Basistha, Guwahati, 781029",Guwahati,Assam,N/A,26.104222,91.796169
Bongaigaon Civil Hospital Blood Bank,"Main Road, Mayapuri,Bongaigaon, 783380",Bongaigaon,Assam,03664 228103,26.456671,90.560234
Rahman Hospital Private Limited Blood Bank,"VIP Road, Sixmile, Khanapara,, 781022",Guwahati,Assam,0361 233444,26.135133,91.809429
Pillar Health Centre Blood Bank,"Lamba Line,
P.B. 526,
P.O. Junglighat, 
Opposite Airport, 744104",Port Blair,Andaman And Nicobar Islands,"03192 233193, 03192 233993",11.653229,92.730714
Fakhruddin Ali Ahmed (FAA) Medical College Hospital Blood Bank,"Ground Floor  Fakhruddin Ali Ahmed Medical College, Jotigaon, Jania Road.
Opposite to Chaulkhowa River, 781301",Barpeta,Assam,03665 252088,26.323792,90.986661
GNRC Institute of Medical Sciences Blood bank,"Sila Grant Town, North Guwahati , Near IIT Guwahati, 781030",Guwahati,Assam,"03612227700, 03612227701",26.202192,91.693312
Civil Hospital Blood Bank Saiha,"District Hospital, New Saiha West, Saiha, 796901",Saiha,Mizoram,03835 222388,22.488391,92.982668
Central Hospital N. F. Railway Blood Bank,"PNGB Road, Near Kamakhya Railway Station, Maligaon, Guwahati, 781011",Maligaon,Assam,"03612723762, 03612570492",26.151872,91.694899
Bimal Singha Memorial Hospital Blood Bank,"Bimal Singha Memorial Hospital Kamalpur,  DhalaiTripura, 799285",Kamalpur,Tripura,03826 262232,24.196139,91.831476
Barak Blood Bank and Clinical Research Centre,"Central Rd, Tarapur, Kanakpur Part-II, 788005",Silchar,Assam,03842 222 185,24.808015,92.795242
North East Blood Bank and Research Centre,"N.H. 37, Haibargaon,, 782002",Nagaon,Assam,03672 223351,26.344263,92.680991
Civil Hospital Blood Bank Aizawl,"Block -B , Civil Hospital,
Near Millenium Centre,Aizawl, 796001",Aizawl,Mizoram,0389 2341617,23.732287,92.716561
Guwahati Medical College and Hospital (GMCH) State of The Art Model Blood Bank,"GMCH Complex, GMCH Rd, Bhangagarh, Guwahati, 781032",Guwahati,Assam,0361 252 9457,26.159914,91.768498
Haflong Civil Hospital Blood Bank,"NH 54, Songpijaang, Haflong, 788819",Haflong,Assam,03673 236 555,25.165653,93.024831
G.N.R.C. Hospital Blood Bank,"Dispur, Guwahati, 781006","Dispur, Guwahati",Assam,0361 2227700,26.1391,91.794024
Narayana Hrudayalaya Limited Blood Bank,"Tularam Bafana Civil Hospital Campus, North Guwahati, Amingaon., 781031",Guwahati,Assam,3612680321,26.20775,91.678242
S. K. Roy Civil Hospital Blood Bank,"Hailakandi Civil Hospital, NH 154, Bashdahar, Hailakandi, 788151",Hailakandi,Assam,"03744 281443, 03744 222423",24.671769,92.563355
International Hospital Blood Bank,"Lotus Tower, G.S. Road, Christian Basti, 781005",Guwahati,Assam,3617135005,26.154059,91.781267
Military Hospital Blood Bank,"Military Hospital, Rilbong, Shillong, 793004",Shillong,Meghalaya,"0364 2224300, 0364 2224302",25.571624,91.873071
Indian Red Cross Children Hospital Blood Bank,"Indian Red Cross Children Hospital, Tarapur, Silchar, 788007",Silchar,Assam,N/A,24.826127,92.796159
Morigaon Civil Hospital Blood Bank,"KK Handique Path, Ward Number 7, Rajagaon,, 782105",Morigaon,Assam,N/A,26.251646,92.354523
R.G.M Hospital Blood Bank Unakoti,"District Hospital Unakoti, Kailashahar, Unakoti, Opp to District Jail, 799277",Kailashahar,Tripura,0382 4222221,24.304612,92.033366
Mangaldoi Civil Hospital Blood Bank,"Mangaldoi Civil Hospital, NH 52, Mangaldoi, Darrang, 784125",Mangaldoi,Assam,03713 222024,26.437551,92.036395
Tripura Medical College and Dr. B.R.A.M. Teaching Hospital Blood Bank,"Tripura Medical College, Hapania, Agartala, West Tripura., 799014",Agartala,Tripura,0381 2374144,23.783323,91.25688
Tura Civil Hospital Blood Bank,"Tura Civil Hospital, Dermile, Near Dermile Fuel Station, 794001",Tura,Meghalaya,03651 232043,25.514811,90.203482
G.B. Pant Hospital Blood bank,"Atlanta Point
Near Cellular Jail
P.O. Aberdeen Bazaar, 744104",Port Blair,Andaman And Nicobar Islands,03192 230628,11.675442,92.747338
Surakhya  Blood Bank,"Arya Hospital complex, A.M. Road, Rehabri
Opposite Apsara Cinema Hall, 781008",Guwahati,Assam,"03612606665, 0361 2606888",26.175065,91.75257
Marwari Hospital and Research Centre Blood Bank,"Sati Jaymati Road, Athgaon, 781008",Guwahati,Assam,0361 2733737,26.172012,91.740106
Tezpur Medical College Hospital Blood Bank,"Bihaguri, 784010",Tezpur,Assam,03712 241344,26.680968,92.653349
Saharia&#39;s Path Lab & Blood Bank,"Guwahati - Shillong Rd, Near Petrol Pump, ABC, Bhangagarh
Opposite Anil Plaza, 781005",Guwahati,Assam,"0361-2458595, 0361 245 8594",26.16274,91.770664
Tawang District Hospital Blood Bank,"District Hospital, Tawang District , Arunachal Pradesh, 790104",Tawang,Arunachal Pradesh,9402222155,27.588943,91.864896
Mahendra Mohan Choudhury (MMC) Hospital  Blood Bank,"Panbazar, Guwahati, 781001",Guwahati,Assam,0361 2733004,26.185505,91.740485
Singareni Collieries Co. Ltd Blood bank,"Sector-1, Area Hospital, Ramakrishnapur, Mandamarri (M), Bellampalli, 504301",Mandamarri,Telangana,08736-228677 ext No -328,19.063129,79.487441
Perali Narasaiah Memorial Charitable Trust,"Blood Bank, H.No.5-7-71, Khaleelwadi, Nizamabad, 503001",Khaleelwadi,Telangana,08462 220141,18.674236,78.10156
Ramakrishna Mission Ashram Blood Bank,"Ramakrishna Mission Ashram, Narayanpur, 494661",Narayanpur,Chhattisgarh,07781 252370,19.716626,81.229284
Government Stanley Hospital Blood Bank,"305 OSH Rd, Royapuram, Chennai, Tamil Nadu, 600001",Chennai,Tamil Nadu,044 25284941,13.105854,80.285439
S.B.Voluntary Blood Bank,"H.No.5-6-812, 3rd Floor, Amrutha Laxmi Hospital, Opposite Rajiv Gandhi Auditorium, Khaleelwadi, Nizamabad, 503001",Khaleelwadi,Telangana,08462 646430,18.673955,78.102653
The Singareni Collieries Co. Ltd,"Area Hospital Blood Bank, Ramakrishnapuram, 504001",R.K puram,Telangana,08736 228677,19.664062,78.532011
Sub-District Rural Hospital Blood Bank,"Aheri, At Post and Tal., Aheri, Gadchiroli, 442705",Gadchiroli,Maharashtra,07133 272072,19.414671,80.003753
Kanker District Hospital Blood Bank,"Civil Surgeon, District Hospital, Kanker, 494334",Kanker,Chhattisgarh,7868241063,20.264724,81.495155
NMDC Project Hospital Blood Bank,"Bailadila Iron Ore Mine, Kirandul Complex, 494556",Kirandul,Chhattisgarh,7857255229,18.634249,81.252895
Prathima Institute of Medical Sciences Blood Bank,"1st Floor, Hospital Building, Nagnur, 505417",Nagnur,Telangana,"0878 2216500, 08782216555, 08782216380/81",18.498565,79.151148
NMDC Apollo Hospital Blood Bank,"Bailadila Iron Ore Mines, Bacheli, Dantewada, 494553",Bacheli,Chhattisgarh,07857 230050,18.703695,81.248612
Rajiv Gandhi Institute of Medical Sciences Blood Bank,"Teachers Colony, Near State Bank of Hyderabad, Ground Floor, IP Block, Govt. District Head Quarters Hopsital Premises, 504001",Adilabad,Telangana,8732224108,19.664144,78.524732
Indian Red Cross Society,"Blood Bank, M.R.O. Office, Complex, Khaleelwadi, Nizamabad, 503001",Khaleelwadi,Telangana,08462 222002,18.672505,78.094087
Ankur Hospital Blood Bank,"Balaji Ward, Chandrapur, 442402",Chandrapur,Maharashtra,"07172 251522, 07172 255522, 07172 264522",19.970044,79.30788
District Hospital Blood Bank Dantewada,"Civil Surgeon, District Hospital, Dantewada, 494449",Dantewada,Chhattisgarh,07856 252830,18.89362167,81.3504983
Indian Red Cross Society Blood Bank,"Ground Floor, Area Hospital, I.B Chaurastha, 504208",Mancherial,Telangana,"08736259259, 08736252259",18.87247,79.444699
Indian Red Cross Society Blood Bank,"Area Hospital, Gajulpet Road
near A1 Function Hall, 504106",Nirmal,Telangana,9440387455,19.664062,78.532011
Dr. Ninawe Blood Bank,"Niwane Hospital, Near Benglur Bakery, Kasturba Road, Chandrapur, 442402",Chandrapur,Maharashtra,"07172 254884, 07172 254994",19.957547,79.295961
Government RSRM Hospital,"Cemetery Road, Royapuram, Chennai, Tamil Nadu, 600013",Chennai,Tamil Nadu,044 25901665,13.108993,80.288403
Singareni Collieries Co.Ltd Blood Bank,"Area Hospital Blood Bank, Ram Mandir, Godavarikhani, 505209",Godavarikhani,Telangana,08728-244362,18.75955,79.481638
The Government District Headquarters Hospital,"Blood Bank, 7th  Floor, Khaleelwadi, R.P. Road, Nizamabad, 503001",Khaleelwadi,Telangana,08462 251251,18.675665,78.099084
MIOT Hospital Blood Bank,"No. 4/112 Mount Poonamelle Road, Manapakkam, Chennai, 600089",Chennai,Tamil Nadu,"044 22492288, 044 42002288",13.021971,80.186066
Boga Parvathamma Blood Bank,"A unit of boga parvathamma memorial blood donation service organization,
d.no:7-137, second floor, jayanagar colony , Kadapa, 516002",Kadapa,Andhra Pradesh,NA,14.467354,78.824134
Southern Railway Headquarters Hospital,"Ayanavaram
Chennai, Tamil Nadu, 600023",Chennai,Tamil Nadu,044 2674 1624,13.101967,80.232996
The Tamil Nadu Dr. MGR Medical University Blood Bank,"69, Anna Salai, Guindy,Chennai, 600032",Guindy,Tamil Nadu,0442 22353546  044 2235 3547,13.009896,80.218188
Indian Red Cross Society,"The Secretary, Indian Red Cross Society, D:No:20-119, PH Road, Redcross Building, Chittoor 517 001, Andhra Pradesh Dr.M.V.Narayana Reddy (MO), Ph:08572 220287, 517001",Chittoor,Andhra Pradesh,8572220287,13.217176,79.100329
Muthukumaran Medical College Hospital and Research Institute,"Chikkarayapuram, Chennai, Tamil Nadu, 600069",Chennai,Tamil Nadu,"044 66344000, 044 24784000",13.017931,80.108969
Shri Sathya Sai Medical College and Research Institute Blood Bank,"Tiruporur - Guduvancherry Main Road, Ammapettai, Chengalpat, 603108",Chengalpattu,Tamil Nadu,044 27440700044 27440346   044 2744 0347,12.746312,80.132393
Billroth Hospitals Limited Blood Bank,"No.56 & 57, New Door No,5& AMP:7 Gajapathy Street, Shenoy Nagar, Chennai, 600030",Chennai,Tamil Nadu,044 42921767,13.075671,80.227297
Dhanvandri Blood Bank and Research Centre of Sreemahalakshmi Charitable Health Trust,"F-1, 52A, T.Nagar, S W Boag Rd,CIT Nagar, Chennai, Tamil Nadu, 600017",Chennai,Tamil Nadu,"044 24310660, 044 24310610",13.031013,80.231629
Madras Medical Mission(Institute of Cardio Vascular Diseses),"No. 4 Dr.Jayalalitha Nagar, Mogapair, 600050",Chennai,Tamil Nadu,044 26561801,13.085812,80.187029
Kanchi Kamakoti Child Trust Hospital Blood Bank,"12 A, Nageshwara Road, Nungambakkam, Chennai, 600034",Chennai,Tamil Nadu,"044 42001800, Extn 205",13.057336,80.245785
Rotary Central TTK Voluntary Health Services (Dr Raganathan Memorial Blood Bank),"Tharamani, Adyar, Chennai, Tamil Nadu, 600113",Chennai,Tamil Nadu,"044 22541692,  044 22542829",13.002059,80.24716
District Head Quarters Hospital Blood Bank.,"Head Quarters  Hospital Compound, Chittoor, 517001",Chittoor,Andhra Pradesh,NA,13.217176,79.100329
Rotary Blood Bank,"Medavakkam Main Rd, Vanuvampet, Madipakkam, Chennai, 600091",Chennai,Tamil Nadu,044 43584482  044 2242 2639,12.98107,80.195475
ACS General Hospital,"Run by Dr MGR Educational Reaserch Institute, Poonamalle High Road, Chennai- Bangalore Highway NH4, Velappanchava
Chennai, Tamil Nadu, 600077",Chennai,Tamil Nadu,"044 23782176, 044 23782186, 044 26802133",13.06852,80.131421
SRM Medical College Hospital Blood Bank,"SRM Nagar, Potheri, Kattankulathur, Kancheepuram, 603203",Kattangulathur,Tamil Nadu,"044 27455707, 044 2745 5510",12.822849,80.048734
Government Hospital Blood Bank,"Government Hospital, Nethaji Road, Ambur, 635802",Ambur,Tamil Nadu,04174 244656,12.786665,78.716928
Institute of Obstetrics and Gynaecology Government Hospital for Women and Children,"Police Commisioners Rd, Egmore, Chennai, Tamil Nadu, 600008",Chennai,Tamil Nadu,044 28194896,13.073689,80.259207
Government Peripheral Hospital Blood Bank,"Government Peripheral Hospital 
M-2, Third Avenue,  Anna Nagar,  
(Near K-4 Police Station)
Chennai, 600102",Chennai,Tamil Nadu,044 26209490,13.095428,80.219317
Government Hospital Blood Bank,"Government Hospital, Gudiyatham, 632602",Gudiyatham,Tamil Nadu,04171 221100,12.945268,78.870574
International Centre for Cardio Thoracic and Vascular Diseases,"R-30c, Ambattur Industrial Estate Road, Mogappair,Chennai, 600101",Chennai,Tamil Nadu,"044 42017575, 044 26564224",13.076019,80.181451
Sree Balaji General Hospital Blood Bank,"7, Works Road, Chrompet,Chennai, 600044",Chrompet,Tamil Nadu,044 22415600  044 2241 5603,12.954308,80.137703
Government Head Quarters Hospital Blood Bank,"Government  Thiruvallur Head Quarters Hospital, JN Road, Thiruvallurï¿½, 602001",Thiruvallur,Tamil Nadu,044 27664849,13.127649,79.91098
Bharathiraja Speciality Hospital Blood Bank,"20 Gopathi Narayanaswami Chetty Road, Thiyagaraya Nagar
Parthasarathy Puram, T.Nagar Chennai, 600017",Chennai,Tamil Nadu,044 3011 3011,13.048082,80.245055
CMC Hospital Blood Bank,"IDA Scudder Road, Vellore, Tamil Nadu, 632004",Vellore,Tamil Nadu,"0416 2222102,0416 2282010",12.92504,79.136105
Right Hospitals Blood Bank,"No.1, Professor Subramaniam Street, Kilpauk, 600010",Chennai,Tamil Nadu,044 26403939,13.078914,80.240581
Hindu Mission Hospital Blood Bank,"103, GST Road, Tambram, Patel Nagar, Tambaram,Chennai, 600045",Chennai,Tamil Nadu,"044 22262244, Extn 193",12.923848,80.113982
CANCER INSTITUTE HOSPITAL BLOOD BANK,"Cancer Institute (WIA) ,No.18 Sardar Patel road, 600036",Adyar,Tamil Nadu,"044 22209150,044 24910754,044 22350241",13.005335,80.239623
AA Lab Blood Bank,"Old No 12 New No 23, 5th Cross Street, Nungambakkam
Nungambakkam
Chennai, Tamil Nadu, 600034",Chennai,Tamil Nadu,044 28170930,13.054067,80.239828
Sri Ramachandra Medical College and Research Institute Blood Bank,"No.1, Ramachandra Nagar, Porur, Chennai, 600116",Chennai,Tamil Nadu,"044 24768027, 044 24768031, 044 24768033, 044 45928500",13.038833,80.143534
Chennai Port Trust Hospital Blood Bank,"No.10 Spring Heaven Road, George Town, Chennai, Tamil Nadu, 600001",Chennai,Tamil Nadu,044 25362201,13.085925,80.291757
Sri Venkateswara Institute of Medical sciences Blood Bank,"Sri Venkateswara Institute of Medical Sciences (SVIMS) Campus, Tirupati, 517507",Tirupati,Andhra Pradesh,0877 2287777,13.637934,79.403917
Government Hospital Tambaram Blood Bank,"Government Hospital Tambaram, GST Road, Chrompet, 600044",Tambaram,Tamil Nadu,044  22382400,12.9456,80.134345
Jeevan Blood Bank and Research Centre,"22/11, Wheatcrofts Road, Nungambakkam
Chennai, Tamil Nadu 600034, 600034",Chennai,Tamil Nadu,0435 20220    044 2826 3113,13.064595,80.241688
Apollo Hospitals Blood Bank,"Run by Apollo Hospitals Educational Trust, No. 64, Fourth Floor, Vanagaram to Ambattur Main Road, Ayanambakkam, 600095",Chennai,Tamil Nadu,044 26533429,13.071266,80.150603
Deen Dayal Hospital Blood Bank,"No. 61, Deen Dayal Nagar, Kunnavalam Post, Tirupati Road,Thiruvallur Taluk,Tamil Nadu, 631210",Thiruvallur,Tamil Nadu,044 27677700,13.177496,79.810762
TTD Central Hospital Blood Bank,"Tirumala Tirupati Devastanam (TTD), Kapil Teertham Road, Tirupati, 517501",Tirupati,Andhra Pradesh,0877 2264622,13.642148,79.421067
Meenakshi Medical College Hospital and Research Institute Blood Bank,"Enathur, Karrapettai Post, Kanchipuram, 631552",Kanchipuram,Tamil Nadu,"044 27264096, 044 27261339",12.872611,79.723864
Annai Medical College and Hospital Blood Bank (Run by Sri Devi Karumari Amman Educational Trust),"1st Floor Casuality Block, Dr. G. Jayarama Nagar, Pennatur, Sri Perumbudur Taluk, 602117",Kanchipuram,Tamil Nadu,044 27162100,12.97068,79.976376
Vijaya Hospital Blood Bank,"New No: 434 (OId No: 180), N.S.K Salai, Vadapalani, 600026",Chennai,Tamil Nadu,"044 24881392, 044 24842931, 044 24802221, 044 24802165,",13.049867,80.208392
"Military Hospital Blood Bank, St. Thomas Mount","Defence Colony 1st Ave,Ekkatuthangal, Chennai, 600016",Chennai,Tamil Nadu,044 25316500,13.024872,80.199193
Global Hospitals Blood Bank (A unit of Rabindranath GE Medical Association Pvt Ltd,"439, Cheran Nagar, Perumbakkam
Cheran Nagar, Perumbakkam,
Chennai, 600100",Chennai,Tamil Nadu,044 22777000,12.898506,80.206289
Madras Egmore Lions Blood Bank and Research Foundation,"Egmore Lions Blood Bank and Research Foundation, 130 Marshall Road, Egmore
Chennai, 600008",Chennai,Tamil Nadu,"044 28414949, 044 28414959, 044 28415959",13.069705,80.260797
Dr.Kamatchi Memorial and Blood Component Research Centre,"Run by Kamatchi Memorial Trust, 1 Radial Road, Pallikaranai, Rose Avenue, Chennai, 600100",Chennai,Tamil Nadu,044 66300300,12.949232,80.209635
Government Kilpauk Medical College Hospital Blood Bank,"Government Kilpauk Medical College and Hospital,                    822, Poonamallee High Rd, Kilpauk, Chennai, 600010",Chennai,Tamil Nadu,044 28364955,13.078315,80.243824
Apollo Hospital Enterprises Limited Blood Bank,"No:21, Greams Lane, Off Greams Road, Thousand Lights West, Thousand Lights, Chennai, 600006",Chennai,Tamil Nadu,"044 28294870,  044 2829 0200",13.063084,80.251472
Government Head Quarters Hospital Blood Bank,"Government Head Quarters Hospital, Walaja, 632513",Walajapet,Tamil Nadu,04172 232538,12.926168,79.356628
Government Hospital Blood Bank,"Area Hospital Compound, Gudur, 524101",Gudur,Andhra Pradesh,8008553616,14.146545,79.848756
St Thomas Blood Bank and Research Centre St Thomas Hospital,"5/105, II floor Defence Colony Road, St. Thomas Mount, 16",Chennai,Tamil Nadu,044 22319393,13.012134,80.19625
Madha Medical College and Hospital Blood Bank,"State Highway 113,Thandalam,Kovur, Harijana Colony
Chennai, Tamil Nadu, 600128",Chennai,Tamil Nadu,044 24780333,13.004678,80.112061
ESI Hospital Blood Bank,"The Blood Bank Medical Officer, ESI Hospital, Ayanavaram, 
Chennai, 600023",Chennai,Tamil Nadu,044 26449284,13.094828,80.240417
The Institute of Child Health and Hospital for Children,"Halls Road, Egmore, Chennai, 600008",Chennai,Tamil Nadu,044 28191132  044 2819 2138,13.072798,80.258257
Chettinad Hospital and Research Institute Blood Bank,"SH 121, Rajiv Gandhi Salai, Kelambakkam, 603103",Kelambakkam,Tamil Nadu,044 4741000,12.794973,80.216129
ESIC Hospital And Occupational Diseases Centre Blood Bank,"Ashok Pillar Main Road, K.K. Nagar,Chennai, 600078",Chennai,Tamil Nadu,044 24893714,13.034844,80.2083
Government Kasthurbai Gandhi Hospital for Women & Children,"Victoria Hostel Rd, Triplicane, Chennai, Tamil Nadu, 600005",Chennai,Tamil Nadu,"044 28545123, 044 28545001",13.059296,80.278431
Rajiv Gandhi Government General Hospital,"General Hospital Road
Park Town,
Chennai, Tamil Nadu, 600003",Chennai,Tamil Nadu,"044 25305711,  044 2530 5000",13.081279,80.27678
Fortis Malar Hospitals Limited Blood Bank,"52, First Main Road, Gandhi Nagar, Adyar, 600020",Chennai,Tamil Nadu,044 42892222,13.01006,80.258702
CSI Rainy Multi Speciality Hospital,"45, GA Road, Old Washermanpet, Chennai, Tamil Nadu, 600021",Chennai,Tamil Nadu,044 40505050,13.11812,80.290511
Sree Venkateswara Blood Bank,"158, Mannarswamy Kovil Street
Royapuram
Chennai, Tamil Nadu, 600013",Chennai,Tamil Nadu,044 25960226,13.109828,80.281945
Rajdhani Blood Bank,"Main Road, Badhaipara, 492001",Raipur,Chhattisgarh,"0771 2292120, 0771 2292130",21.244963,81.630129
Landsteiner Lakshmi Memorial Research Foundation,"14/90, Ground Floor, First Floor and Second Floor, Ayyavoo Street, Aminijikarai, 600029",Chennai,Tamil Nadu,"044 42320000, 044 26644111",13.079435,80.257308
Apollo Speciality Hospital Blood Bank,"4th Floor, Geo Tower, Old No.319, New No.465, Anna Salai, Nandanam, Chennai, 600035",Chennai,Tamil Nadu,"044 24347288, 044 24331741, 044 24336119",13.033595,80.24507
Government Royapettah Hospital Blood Bank,"No 1, Westcott Road, Royapettah, Chennai, Tamil Nadu, 600014",Chennai,Tamil Nadu,"044 28482611,  044 28483053",13.054709,80.265073
Narayana Medical College & Hospital Blood Bank,"Narayana Hospital compound, Nellore, 524002",Nellore,Andhra Pradesh,0861 2317963,14.442599,79.986456
"Indian Red Cross Society, Madanapalli RCH 2","Area Hospital, Patel Road, Madanapalli., 517325",Madnapalli,Andhra Pradesh,08571 222087,13.556927,78.50085
Blood Bank AH Madanapalli,"The Blood Bank Medical Officer, Area Hospital, Patel Road, Madanapalli 517 325, Chittoor Dist. , Andhra pradesh Dr.Laxmiprasadreddy9(M.O), 517325",Madanapalli,Andhra Pradesh,8571222087,13.217176,79.100329
Rakesh Jain Memorial Blood Bank,"Poona Hospital and Reserch Centre 27, Sadashiv Peth, Pune, 411030",Pune,Maharashtra,"020 24331706, 020 66069000, 020 24338477",18.510752,73.842158
Kranti Mitra Mandal Charitable Trust Blood Bank,"1st Floor PMT Buiding Gadital, Hadapsar, Pune, 411028",Pune,Maharashtra,"020 26992828, 020 64782828, 020 26993703",18.501083,73.939062
Civil Surgeon - Sarva Samanya Hospital Blood Bank,"Bazar Road, Satara, 415001",Satara,Maharashtra,"02162 238494, 02162 235640",17.691305,74.009424
M/s. Balaji Blood Bank,"M/s. MA. NA. Shri R.R. (AABA) Patil Shikshan Sheti Sanshodhan Aani Vikas Sansthas  Balaji Blood Bank, C.S.No - 467/8 A 1b/45, Jaldhara Building 2nd Floor, Sadar Bazar, Satara - 415002, 415002",Satara,Maharashtra,"02162 226995, 02162 226996",17.695093,74.010716
Pimpari Serological Institute Blood Bank,"Esteem Tower, opposite K.S.B. Pump, Pune-Mumbai Highway, Kharalwadi, Pimpari, 411018",Pune,Maharashtra,"020 27421179, 020 27427779",18.624322,73.807929
Deenanath Mangeshkar Hospital Blood Bank,"Erandawane, Near Mhatre Bridge, Pune, 411004",Pune,Maharashtra,"020 26602307, 020 26602308, 020 26602313, 020 25420104",18.502108,73.832232
Poona Serological Institute Blood Bank,"C.T.S. No. 592, 3rd Floor, Dhanwantari Complex, Rasta Peth, Pune, 411011",Pune,Maharashtra,"020 26133387, 020 26141719, 020 27472876",18.516656,73.866532
KEM Hospital Blood Bank,"Sardar Moodliar Road, Rastha Peth, Pune, 411001",Pune,Maharashtra,"020 26125600, 020 66037324, 020 26125603",18.519784,73.866906
Armed Forces Blood Bank,"Vanwadi Armed Force Medical College, Pune, 411040",Pune,Maharashtra,"020 26026038, 020 26306337",18.505159,73.889694
Padmashree Dr. D.Y. Patil (Vishweshwar) Blood Bank,"Padmashree, Dr. D. Y. Patil Medical College Hospital, Sant Tukaram Nagar, Pimpari, Pune, 411018",Pune,Maharashtra,"020 27423844, 020 27420439",18.624175,73.82126
"Poonam Janjagruti Sanstha Sanchit, Ashtavinayak Blood Bank","Ashtavinayak Blood Bank, Ahmednagar  1st Floor, Sai Palace Opposite  to Akashwani Kendra, Near Professsor Coloney Chowk, Ahmednagar, 414003",Ahmednagar,Maharashtra,0241 2421334,19.117005,74.735872
"Padmashri Dr. Vithalrao Vikhe Patil Foundation, Ahmednagar Medical College Hospital Blood Bank","Opposite to Government Milk Dairy, Vadgaon Gupta  M.I.D.C., Ahmednagar, 414111",Ahmednagar,Maharashtra,0241 2778042 (Exte-449),19.181403,74.689625
Chakan Blood Bank,"Sr. No. 4976/1/2 Gate No. 2401, Yashwantnagar Ambethan Road. A/P Chakan, Khed, Pune, 410501",Pune,Maharashtra,02135 202141,18.762296,73.860866
Chattrapati Shahu Maharaj Pratisthan,"S.No. 30, 4th floor, office no. 41, 402, 403, and 5th floor off 502, waris Heights, Pune-Satara Road, Dhankwadi, Pune, 411030",Pune,Maharashtra,N/A,18.466519,73.857679
Ashoknagar Seva Samiti Blood Bank,"Bhonsle Complex, Vidisha Road, 473331",Ashoknagar,Madhya Pradesh,07543 222522,18.510632,73.816224
R.G Gholap Memorial Blood Bank,"Office No. 301, 3rd Floor Ashoka Centre, S. No - 47/14, Satara Road, Parvati, Pune, 411009",Pune,Maharashtra,"020 65402140, 9822442140, 8554942140",18.487158,73.857098
Krantiveer Chapekar Bandhu Blood Bank,"Pimpri Chinchwad Mahanagar Palika Talera Hospital, Tanaji Nagar Chinchwad, Pune, 411033",Pune,Maharashtra,"020 27610054, 020 27610042",18.625689,73.784672
Bharati Vidyapeeth Medical Foundation Blood Bank,"Sector - 28, Dhankawadi, Pune Satara Road, Pune, 411043",Pune,Maharashtra,"020 40555555, 020 24379432",18.459914,73.855994
Mauli Blood Bank,"Gayatri Hospital, Barshi Road, Latur, 413512",Latur,Maharashtra,02382 224000,18.451173,73.89143
The New Century Medical & Education Foundation Trust - NCORD Blood Bank & Aphaeresis Centre,"NCORD Blood Bank and Aphaeresis centre, S. No. 241/2/1, Geet Ganga Building, Medipoint Hospital Lane, Baner, Pune, 411007",Pune,Maharashtra,020 46608585,18.56475,73.800994
Chattrapati Shahu Maharaj Pratisthan Blood Bank,"S. No. 30, 4th Floor, Office No. 41, 402, 403, and 5th Floor off 502, Waris Heights, Pune - Satara Road, Dhankwadi, Pune, 411030",Pune,Maharashtra,020 65267000,18.466161,73.857642
Pune Chest and General Hospital Blood Bank,"Aundh Cest Hospital, Aundh Camp, Pune, 411027",Pune,Maharashtra,"020 27285432, 020 27286458",18.575032,73.80537
Sasoon Sarvopchar Hospital Blood Bank,"Ground Floor, Section 5, Opposite to Central Medical Stores, Station Road, Pune, 411021",Pune,Maharashtra,"020 26126868, 020 24480431",18.515846,73.858714
Grant Medical Foundation A.H. Wadia Trust Blood Bank,"40, Sassoon Road, Ruby Hall Clinic, Post Box No. 70, Pune, 411001",Pune,Maharashtra,"020 26166318, 020 66455264, 020 26163391",18.533369,73.876939
Acharya Anandrushiji Blood Bank,"191-192, New Sadashiv Peth, S. M. Joshi Foundation Building, Near Patrakar Bhavan, Pune, 411030",Pune,Maharashtra,"020 24537627, 020 65250707, 020 24531600",18.508647,73.844846
Mauli Blood Bank Satara,"529/b,  Parasnis Colony, Near Hotel Monark, Powai Naka Sadar Bazar, Satara, 415001",Satara,Maharashtra,"02162 222586, 02162 222031",17.686084,74.007955
Civil Surgeon General Hospital Blood Bank,"District Government Hospital Tarakpur Savedi Road, Ahmednagar, 414001",Ahmednagar,Maharashtra,0241 2430127 (Office),19.108046,74.73557
Inlaks Budharani Hospital Blood Bank,"7-9, Koregaon Park, Pune, 411001",Pune,Maharashtra,"020 66099999, 020 66099727, 020 66099703",18.534391,73.887409
Jankalyan Raktapedhi Pune,"1003, Shukrawar Peth, Swargate - Saras Baugh Road, Near Natraj Hotel, Pune, 411002",Pune,Maharashtra,"020 24449527, 020 24444502",18.50092,73.857531
Indian Serological Institute Blood Bank,"21, Anand Baugh, Navi Peth, Near Vaikunth, Pune, 411030",Pune,Maharashtra,"020 24535244, 020 24538453",18.506291,73.84264
Noble Hospital Blood Bank,"B-007, Basement C/o. Noble Hospital, 153 Magarpatta City Road, Hadapsar, Pune, 411013",Pune,Maharashtra,"020 66285050, 020 66285199",18.505035,73.927256
Sahiyadari Speciality Hospital Blood Bank,"Kokoan Mitra Mandal Medical Port Trust&#39;s Sahiyadari Speciality Hospital Blood Bank, Plot No-30 C, Erandvane, Karve Road, Pune, 411004",Pune,Maharashtra,"020 25403232, 020 67213000",18.513091,73.839308
Smt Kashibai Navale General Hospital Blood Bank,"Sr. No. 50/15 building NO.5 2nd Floor, Narhe, Ambegaon, Pune, 411041",Pune,Maharashtra,"020 241062299, 020 24699884, 020 24106274",18.45624,73.822183
"Jeevanraj Charitable Foundation,s Ahmednagar Blood Bank","F.P. No. - 17, 2nd Floor, Ahmednagar Zillha Krishi Audyogik Sarva Seva Sahakari Sanstha Maryadit, Market Yard, Ahmednagar, 414001",Ahmednagar,Maharashtra,0241 2450099,19.082959,74.760389
Anand Rushiji Blood Bank,"Survey No.16/1, Plot No.2 Behind Anadrushiji Hospital Burudgaon Road,, 414001",Ahmednagar,Maharashtra,"0241 2320472, 0241 2320473, 0241 2320474",19.080688,74.732289
Government Hospital Blood Bank,"Blood Bank Medical Officer,  Blood Bank, Government Hospital, Srisailam Project, Kurnool District, 518101",Srisailam Project,Andhra Pradesh,,16.0833,78.8667
Phaltan Medical Foundation Blood Bank,"C.T.S. No. 5604/6, Near Dnyaneshwar Mandir, Behind State Bank of India, Laxminagar, 1st Floor Phaltan, Satara, 415523",Satara,Maharashtra,"02166 221197, 02166 220897, 02166 220007",17.992317,74.42537
Ekta Apang Vikas Sanstha Blood Bank,"Office No. 17/18/19, 1st Floor, Sunshree Woods Commercial Complex, NIBM, Kondhwa, Haveli, Pune, 411028",Pune,Maharashtra,020 26855144,18.477273,73.90302
Indian Red Cross Society Blood Bank,"Indian Red Cross Society (IRCS), (Late Manikbai Chandulal Saraf) Blood Bank, Near Government Silver Jubilee Hospital, Patas Road, Baramati, Pune, 413102",Baramati,Maharashtra,02112 222951,18.152597,74.574996
Jehangir Hospital Blood Bank,"32, Sasoon Road, Pune, 411001",Pune,Maharashtra,"020 66811722, 020 66811723,",18.530392,73.876808
Akshay Blood Bank,"Survey No.10/1/3, Unnati Nagar, Bantar High School, Hadapsar, Pune, 411028",Pune,Maharashtra,"020 26993247, 020 26993248,",18.47143,73.959674
Jankalyan Blood Bank Nalegaon,"Gadgil Patangan, Nalegaon, Ahmednagar, 414001",Ahmednagar,Maharashtra,"0241 2346647, 0241 2329827",18.501067,73.857499
Akshay Blood Bank,"Akshay Medical Trust, Akshay Blood Bank, 506/22, Sadar Bazar, Near State Bank, Opposite to Nirmal Hotel, Satara, 415002",Satara,Maharashtra,"02162 230730, 02162 231731",17.672028,74.021087
Gurdaspur Civil Hospital Blood Bank,"Police Line, Near Bus Stand, 143521",Gurdaspur,Punjab,01874 240009,32.040838,75.403333
Phagwara Civil Hospital Blood bank,"NH 1, Chahal Nagar, 144401",Phagwara,Punjab,"01824-228149, 01824 228303",31.226118,75.76766
Una Regional Hospital Blood Bank,"Regional Hospital, Una, 174303",Una,Himachal Pradesh,01975 226064,31.4785791,76.2741605
Dayanand Medical College & Hospital Blood Bank,"Rajpura Road, Near Rose Garden, Tagore Nagar, Civil Lines, 141001",Ludhiana,Punjab,"0161 4687676, 01612304280 extn. 354, 0161 468 8800",30.916089,75.835767
Fortis Hospital Blood Bank,"6kms from Samrala Chowk, Chandigarh Road, Mundian Kalan Village, Near Radha Soami Satsang Bhavan,, 141015",Ludhiana,Punjab,1615222333,30.889292,75.935144
Satguru Pratap Singh Hospital (SPS) Blood Bank,"Grand Trunk Rd, Sherpur Chowk, Sherpur, 141001",Ludhiana,Punjab,"0161 6117111, 01616117114",30.883346,75.887705
Punjab Institute of Medical Sciences (PIMS) Blood Bank,"Garha Road, 144006",Jalandhar,Punjab,"0181 6606000, Extn. 1007",31.306683,75.595821
Johal Multispeciality Hospital Blood Bank,"Hoshiarpur Road, Rama Mandi, 144005",Jalandhar,Punjab,"0181 2410820, 0181 2410620",31.321636,75.632472
Military Hospital Blood Bank,"167, Military Hospital, Pathankot, 145001",Pathankot,Punjab,8054081441,32.249222,75.647473
Kidney Hospital and LifeLine Medical Institutions Blood bank,"63 & 64 Waryam Nagar, Cool Road, 144003",Jalandhar,Punjab,"0181 244 0252, 0181 4681100",31.304465,75.587635
Shivam Hospital Blood Bank,"Phagwara Road, Near Railway Crossing, 146001",Hoshiarpur,Punjab,"081466 80263, 01882 248173, Extn -110",31.520779,75.900469
Patel Hospital Private Limited Blood Bank,"Civil Lines, Behind Hotel Skylark, 144001",Jalandhar,Punjab,"0181 3041255, 0181 3041027, 0181 304 1000",31.323729,75.578156
Banga Civil Hospital Blood Bank,"SH18, Gandhi Nagar Mohalla, 144505",Banga,Punjab,"01823 260700, 01823-500444",31.184344,75.995988
Shri Guru Teg Bahadur Charitable Hospital,"Near Gurudwara,  Guru Teg Bahadur (GTB) Nagar, Jalandhar, 141002",Ludhiana,Punjab,"01614377147, 0181 4377100, 0181 227 1875, 0181 4620460",31.302247,75.572492
Sant Baba Rangi Ram Ji Charitable Hospital Blood Bank,"Jaja Road, Vpo - Jaja, Near Tanda, 144212",Hoshiarpur,Punjab,"01886 280266, 01886 225025",31.675185,75.657103
Kapurthala Civil Hospital Blood Bank,"Civil Hospital, Kapurthala Road, 144601",Kapurthala,Punjab,"01822-230070, 01628 220102",31.37571,75.381995
Civil Hospital Blood Bank,"Civil Hospital, Nasrali, Mandi Gobindgarh, 147301",Mandi Gobind Garh,Punjab,01765 255602,30.668559,76.294889
Nakodar Civil Hospital Blood Bank,"Hospital Rd, Amardas Colony, 144040",Nakodar,Punjab,01821 220053,31.128006,75.47587
Ghai Hospital Blood Bank,"661, A & B, Guru Teg Bahadur Nagar,, Near Ravi Dass Chowk, 144003",Jalandhar,Punjab,0181 2277837,31.307531,75.567277
Military Hospital,"Military Hospital, Jalandhar  Cantt., 144005",Jalandhar,Punjab,8130105571,31.2842844,75.6295921
Red Cross Regional Blood Bank,"Red Cross Bhavan, The Mall Road, Near Rakh Bagh, 141001",Ludhiana,Punjab,0161 2441257,30.907375,75.841051
Ohri Hospital Blood Bank,"Mahavir Marg, Near State Bank Of Patiala, Shaheed Udham Singh Nagar, 144001",Jalandhar,Punjab,0181 2222259,31.324038,75.567511
Dr. Kanwaljit Singh Grover (KSG) Memorial Blood Bank,"Inside New Ruby Hospital, 26 Link Road, Lajput Nagar, Jalandhar, 144001",Jalandhar,Punjab,"0181 2224151, 0181-4614171, 0181-220130, 0181 222 1389",31.3150872,75.5732243
Chamba Regional Hospital Blood Bank,"Regional Hospital, Chamba, 176310",Chamba,Himachal Pradesh,01899 222210,32.558834,76.12246
Shri Krishna Charitable Hospital Blood Bank,"Pritm Nagar, Model Town, 141002",Ludhiana,Punjab,"0161 5052550, 0161 244 0942",30.888281,75.845858
Capitol Hospital Blood Bank,"Jalandhar-Pathankot Road, NH-44, Near Reru Chowk, 144012",Jalandhar,Punjab,0181 2366666,31.364442,75.597437
Doda District Hospital Blood Bank,"District Hospital, Doda, 182202",Doda,Jammu and Kashmir,01996 233689,33.144377,75.543698
Bhai Ghanaiya Ji Charitable Blood Bank and Hospital,"Model colony, Hoshiarpur, 146001",Hoshiarpur,Punjab,01882 229547,31.535364,75.901668
Christian Medical College and Brown Memorial Hospital Blood Bank,"CMC Chowk, Brown road, 141008",Ludhiana,Punjab,"01612115031, 0161 2115000, 0161 2115694,  0161 211 5376",30.91067,75.863458
"Blood Donors Council, Blood Bank","Blood Donors Complex, Rahon Road, 144514",Nawanshahar,Punjab,"01823 221940, 01823 220974",31.118537,76.116853
Shree Devi Talab Mandir Charitable Hospital Blood Bank,"Mandir Marg, Tanda Road, Near Kusht Ashram, Near Doaba Chowk, Doaba College, 144004",Jalandhar,Punjab,"0181 2292319, 0181 2290263",31.342787,75.581737
Shree Ragunath Hospital Blood Bank,"Aggar Nagar - B Block, Aggar Nagar, 141012",Ludhiana,Punjab,0161 4361121,30.888778,75.795876
Kargil District Hospital (Kargil Ladakh Kashmir Division) Blood Bank,"District Hospital, Kargil Ladakh Kashmir Division, Jammu and Kashmir, 194103",Kargil,Jammu and Kashmir,001985-232213,34.559251,76.124874
Phillaur Civil Hospital Blood Bank,"Abad Pura, Phillaur, 144410",Phillaur,Punjab,01826 222549,31.021583,75.790012
Mukerian Civil Hospital Blood Bank,"Model Town, Tikhowal, 144211",Mukerian,Punjab,0188 3244702,31.950081,75.613623
Baba Budha Sabib Cardiac Centre (BBC) Heart Care & Pruthi Hospital Blood Bank,"301, Lajpat Nagar, 144001",Jalandhar,Punjab,"0181-2222299, 0181-2222266, 0181-2222244",31.317437,75.57421
Command Hospital Blood Bank,"Command Hospital, Uttari Kaman, C/o Uttari Kaman, Udhampur, 182101",Udampur,Jammu and Kashmir,,32.930786,75.135348
Maharaj Sawan Singh Charitable Hospital Blood Bank,"G.T Road, Near Bus Stand, 143201",Beas,Punjab,"01853-273130 (Ext-236), 01853-273161,62  (Ext-239)",31.51633,75.288007
Garhshankar Civil Hospital Blood Bank,"Anandpur Sahib Road, 144527",Garshankar,Punjab,01884 282051,31.213261,76.151158
Indian Medical Association Blood Bank Hoshiarpur,"Sud Nursing Home,Premgarh, Dhobian Wali Gali,,, 146001",Hoshiarpur,Punjab,01882 222244,31.530798,75.90642
Jalandhar Civil Hospital,"Near Police Station,Jyothi Chowk, Islam Ganj, 144001",Jalandhar,Punjab,"0181 2233356,  0181 222 7982",31.330707,75.565197
Hoshiarpur Civil Hospital Blood Bank,"Kamalpur, 146001",Hoshiarpur,Punjab,"01882250190, 01882 250700",31.530807,75.899503
Ramban District Hospital Blood Bank,"NH1A, Upper Bazaar, Ramban,, 182144",Ramban,Jammu and Kashmir,01988 266908,33.2420569,75.2392611
Guru Nanak Mission Hospital Blood Bank,"Phagwara - Mohali Expressway,, 144505",Dhahan Kaleeran,Punjab,"01823 260260, Extn : 1039, 0182 326 2679",31.193742,75.948973
Sacred Heart Hospital Blood Bank,"Grand Trunk Road, Maqsudan, 144008",Jalandhar,Punjab,0181 267 0664,31.363857,75.550527
Batala Civil Hospital Blood Bank,"308 diamond avenue, batala, Civil Hospital Rd, Dharampura Colony, 143505",Batala,Punjab,01871 240144,31.808527,75.215451
Chintpurni Medical College and Hospital Blood Bank,"Near Indian Heritage School, DLM City, Bungal,, 145001",Pathankot,Punjab,"01870 250601, 0187 025 0600, 01870-250603",32.306064,75.757861
Dr. B.L. Kapoor Memorial Hospital Blood Bank,"Sabzi Mandi Road, G.T.Road, Old Sabzi Mandi, Dal Bazar, 141008",Ludhiana,Punjab,"0161 2743043, 0161-2743053",30.920492,75.849864
Deep Nursing Home and Children Hospital Blood Bank,"Plot No.481, Model Town Rd, Model Town, Near Mint Gumri Chowk, 141002",Ludhiana,Punjab,"0161 5069210, 0161 463 8421",30.88946,75.837507
SGL Charitable Hospital Blood Bank,"1st - 4th Floor, Garha Road, Urban Estate Part I, Guru Amardas Market, Hardyal Nagar,, 144022",Jalandhar,Punjab,"1815043300, 0181 248 1205, 0181 248 1206, 0181 248 0319",31.301186,75.597155
Tagore Hospital & Heart Care Center Blood Bank,"91, Banda Bahadur Nagar, Mahavir Marg, Near Kapurthala Chowk, 144008",Jalandhar,Punjab,"0181 4685777, 0181 4685700",31.337046,75.563262
District Combined Hospital Blood Bank,"Bhajan Vihar, Baghpat, 250609",Baghpat,Uttar Pradesh,,28.946386,77.21707
Dasuya Civil Hospital Blood Bank,"Hoshiarpur-Chandigarh Road, Keharvali, Dasuya, 144205",Dasuya,Punjab,01883 285084,31.807263,75.665537
SNS Pahawa Charitable Hospital Blood Bank,"Industrial Area-B, Ludhiana, 141003",Ludhiana,Punjab,0161 2534181,30.885426,75.862185
Mohan Dai Oswal Cancer Treatment & Research Foundation Blood Bank,"Grand Trunk Rd, Sherpur Khurd Colony, Parbhat Nagar, Balsingh Nagar, 141009",Ludhiana,Punjab,"0161 2676101, 0161-2670182, 0161-5094538, 39, 40",30.890496,75.884942
Ludhiana Civil Hospital Blood Bank,"Field Ganj Road, CMC Campus, 141008",Ludhiana,Punjab,"0161 2610002, 0161 2226999",30.906634,75.859678
Khanna Civil Hospital Blood Bank,"Karnail Singh Rd, Ahluwalia Mohalla, Anant Nagar, 141401",Khanna,Punjab,"01628220102, 01628 221724",30.703465,76.222834
Pathankot Civil Hospital Blood Bank,"Shahpur Road, 145001",Pathankot,Punjab,"0186 2220180, 0186 2250160",32.2824637,75.6529524
Deepak Memorial Hospital Blood Bank,"Opposite Gate No 1, PAU, Sarabha Nagar, 141001",Ludhiana,Punjab,"0161 4671100, 0161 4671111, 0161 245 1500",30.892357,75.811069
Joshi Hospital and Trauma Centre Blood Bank,"Kapurthala Chowk, Near Satyam Hospital, Adarsh Nagar, 144001",Jalandhar,Punjab,"0181 2620650, 0181 2620950, 0181 262 1333",31.334225,75.563308
Kathua District Hospital Blood Bank,"District Hospital, Kathua, 184102",Kathua,Jammu and Kashmir,01922 234323,32.390815,75.5252
Dr Rajendra Prasad Government Medical College (RPGMC) Blood Bank Tanda,"Dr. Rajendra Prasad Government Medical College, Kangra at Tanda, 176001",Kangra,Himachal Pradesh,1892267114,32.0982738,76.3007658
Kapurthala Blood Donor Council Blood bank,"Guru Hargobind Nagar, Blood Bank Bhawan, Phagwara, 144401",Phagwara,Punjab,"01824 269681, 01824-262300",31.219092,75.77041
Kishtwar District Hospital Blood Bank,"District Hospital, Near Bus stand Kishtwar., 182204",Kishtwar,Jammu and Kashmir,01995 261410,33.3139274,75.7681239
Raipur Institute of Medical Science,"RIMS Knowledge Park, Bhansoj Road, Off NH-6,, 492101",Raipur,Chhattisgarh,0771-3053060-88 (29 Lines),21.263176,81.637035
"Indira Gandhi District Hospital Blood bank, Kobra","Rajgamar Road, Kosabadi Korba, 495677",Korba,Chhattisgarh,N/A,22.364,82.744
Christian Hospital Blood Bank,"Tilak Ward Lormi Road,  Mungeli, 495334",Mungeli,Chhattisgarh,775564003,22.070986,81.687633
Chandulal Chandraker Memorial (C.C.M.) Medical College Blood Bank,"Kachandur, Kurud-Road, 490024",Bhilai,Chhattisgarh,0788 6006061,21.251525,81.337451
"Central Hospital (MCL), Brajaraj Nagar","Blood Bank, Central Hospital (MCL),Brajaraj Nagar, Jharsuguda, 768216",N/A,Odisha,06760 269382,21.8479363,83.9174688
O.P. Jindal Hospital & Research Centre Blood Bank,"Jindal Education and Welfare Society, INN Plaza, Kharsia Road, Patrapali, 496001",Raigarh,Chhattisgarh,07762 - 227034 (EXT: 43659),21.927279,83.359147
Bilaspur District Hospital Blood Bank,"Sardar Vallabhbhai Patel District Govt Hospital, old bus stand road
Opposite to Rajeev plaza, 495001",Bilaspur,Chhattisgarh,07752 421898,22.074225,82.158399
District Hospital Balaghat,"District Hospital Balaghat, 481001",Balaghat,Madhya Pradesh,7632240799,21.818351,80.182799
VSS Medical College and Hospital Blood Bank,"VSS Medical College Hospital, Burla
Opposite to PG Hospital, VSS, MC Burla, 768017",Sambalpur,Odisha,0663 2431420,21.501094,83.884655
Bilasa Blood Bank,"Sr. HIG -10,Sector-03, Shanker Nagar, 492004",Raipur,Chhattisgarh,0771-4009304,21.25435,81.66339
Chhattisgarh Insititute of Medical Sciences (CIMS) Blood Bank,"Gond Para, Gole Bazar, 495001",Bilaspur,Chhattisgarh,"07752221425, 077522 30030",22.087621,82.152265
Community Welfare Society Hospital Blood Bank,"Jagda, Rourkela, 769042",Rourkela,Odisha,"0661 2473931, 0661 2473927",22.255332,84.900917
District Hospital Blood Bank,"District Hospital, 460001",Betul,Madhya Pradesh,07141 233250,21.903381,77.898085
WCL Badkui Hospital Chhindwara Blood Bank,"WCL Badkuhi Hospital, Chandameta Post, 480447",Barkui,Madhya Pradesh,07162 220249,22.113513,78.430952
"Bilash Blood Bank,KORBA","HIG-21, Ext. M. P. Nagar, Ghantaghar Chowk, 495677",Korba,Chhattisgarh,7759644655,22.358763,82.7203479
City Blood Bank,"Adarsh Bazar, G.E Road, Near Vivekanand Ashram, 492001",Raipur,Chhattisgarh,"07714032241, 07716460810",21.240907,81.620688
B.S.R. Cancer Hospital,"B.S.R. Cancer Hospital (P.A.) Limited, Junwani Road, Smriti Nagar, Bhilai, Near T.I. Mall, 490020",Bhilai,Chhattisgarh,7884085100,21.216312,81.322622
Kawardha District Hospital Blood Bank,"Civil Surgeon, District Hospital, Kawardha, 491995",Kawardha,Chhattisgarh,"07741 235553, 07741 233413",22.036,81.221
"Odisha Red Cross Blood Bank, SDH, Bonai","Sub Divisional Hospital Bonai, Bonaigarh, 770038",Sundargarh,Odisha,06626 244500,21.819928,84.956534
"Dr B R Ambedkar Memorial Hospital, Model Blood Bank","Room No:120, 1st Floor, Attached with PT.J.N.M Medical College, Jail Road, 492001",Raipur,Chhattisgarh,0771 2890090,21.25076,81.639
Evangelical Mission Hospital Blood Bank,"Tilda, P.O. Neora, 493114",Raipur,Chhattisgarh,07721 - 233599,21.553982,81.79053
Padhar Hospital Blood Bank,"Gram Padhar, Betul, 460005",Padhar,Madhya Pradesh,"07141 263227, 07141 263228, 07141 263590",22.055189,77.86498
District Hospital Blood Bank,"District Hospital, 480001",Chhindwara,Madhya Pradesh,"07162 243442, 07162 243443",22.052641,78.937218
Bai Gangabai Ladies Hospital Blood Bank,"Gondia, Bai Gangabai Ladies Hospital Blood Bank, Civil Lines,  Gondia, 441601",Gondia,Maharashtra,07182 232606,21.459648,80.196834
Narayana Hrudayalaya MMI Blood Bank,"NHMMI Hospital Campus, Lalpur, Dhamtari Road, 492001",Raipur,Chhattisgarh,0771 4210902 (Ext-928),21.21327,81.65767
District Hospital Blood Bank Mandla,"District Hospital, 481661",Mandla,Madhya Pradesh,07642 253077,22.596278,80.370388
SSD Blood Bank,"Katora Talab Chowk, Near Netaji Hotel, Opposite to Swapnil Nursing Home, 492001",Raipur,Chhattisgarh,"0771 2432511, 07712422980",21.235832,81.652249
Civil Hospital Itarsi Blood Bank,"Janseva Rugnalaya Civil Hospital, Itarsi, 461111",Itarsi,Madhya Pradesh,07574 241988,22.361975,77.451276
Shree Narayana Hospital Blood Bank,"Near Ganj Mandi, Behind Sector - 5, Devendra Nagar, Pandri, 492001",Raipur,Chhattisgarh,0771 3001234,21.263533,81.649825
Ekta Blood Bank,"C/O Thalassemia Society,Near Abhiyanta Bhawan,Magarpara, 495001",Bilaspur,Chhattisgarh,N/A,22.078658,82.145069
WCL Hospital Blood Bank Pathakheda,"WCL Area Hospital, Post, Pathakheda, 460447",Pathakheda,Madhya Pradesh,07146 270210,22.125155,78.142296
"Shri Rawatpura Sarkar Lok Kalyan Trust, Bilasa Blood Bank","2nd Floor, Bhawe Razab Ali Chamber, 
Opposite to CIMS Hospital, Sadar Bazaar, Bilaspur, 495001",Bilaspur,Chhattisgarh,7752656422,22.086695,82.152539
Hi-Tech Medical college & Hospital Blood Bank,"Near Hanuman Vatika, R.G.H Campus, 769004",Rourkela,Odisha,"6612400751, 0661 2400524",22.223584,84.8296273
District Hospital Blood Bank,"District Hospital, 461001",Hoshangabad,Madhya Pradesh,07574 254446,22.452716,77.430707
District Hospital Narsinghpur Blood Bank,"Shankar Lal Dubey District Hospital, 487001",Narsinghpur,Madhya Pradesh,07792 230480,22.565735,79.110807
Sai Sahara Blood Bank,"Garcha Complex, Jail Road, 492001",Raipur,Chhattisgarh,0771 2551050,21.251385,81.629642
Apollo Hospital Blood Bank,"Village - Lingyadih, Seepat Road, 495001",Bilaspur,Chhattisgarh,07752 248300 - 1030/31,22.087007,82.177637
"Catholic Mission Hospital Blood Bank, Bargarh","Bargarh-Bheden Rd, Tora, Ruhunia, 768040",Bargarh,Odisha,06646 230203,21.331385,83.608727
District Hospital Blood Bank Seoni,"Smt Indira Gandhi District Hospital Blood Bank, 480661",Seoni,Madhya Pradesh,07692 220358,22.054391,79.330324
Jesus Mary Hospital Blood Bank,"Barapali, Sambalpur, 768029",Barapali,Odisha,0663 2545606,21.497281,83.969962
Chhattisgarh Blood Bank,"Agarainal Ramkrishna Care Hospital Premises, Opp. RKC Complex, Great Eastern Rd, Ramkund,  
Near Dhuppad Petrol Pump, 492001",Raipur,Chhattisgarh,"0771 4088109,  077130 60518",21.246825,81.61188
Sewa Blood Bank,"Opposite to Kirodimal district hospital, Gopi Talkies Road, 496001",Raigarh,Chhattisgarh,07762 225400,21.890931,83.3966244
Aashirwad Blood Bank,"H. No. S-5, Rajiv Nagar, Shankar Nagar, Behind Cristal Arcade Complex, 492007",Raipur,Chhattisgarh,0771 4043768,21.258245,81.66018
Srishti Blood Bank,"2nd Floor, Dhillon Complex, Near Sindhi School, Jawahar Nagar,, 492001",Raipur,Chhattisgarh,7354111119,21.247,81.656
Agrawal Blood Bank,"Main Road, Balaghat, 481001",Balaghat,Madhya Pradesh,07632 240022,21.816763,80.189731
Dr. Late Sadanadaji Burma Memorial Blood Bank,"Plot No- 53, Sheet No-20c, Gvalipura,  Sadar Bazar, Paratwada, Amravati, 444805",Amravati,Maharashtra,8484010184,21.298921,77.518316
Rainbow Blood Bank,"3rd Floor, 282, Rainbow Diagnostic Services Central Bazar Road, Ramdas Peth, Nagpur, 440010",Nagpur,Maharashtra,0712 6636666,21.133584,79.072736
Sum Hospital Blood Bank,"K-8, Kalinga Nagar, 751003",Bhubaneswar,Odisha,"06746098855, 0674 2386281",20.283391,85.769625
Durg District Hospital  Blood Bank,"Civil Surgeon, District Hospital, Durg, 491001",Durg,Chhattisgarh,7882219888,21.187096,81.279227
Jawaharlal Nehru Medical College Blood Bank,"Savangi (Meghe), Paloti Road, Wardha, 442004",Wardha,Maharashtra,"07152 287877, 07152 287701, 07152 287706, 07152 287714, 07152 287711",20.715824,78.575564
Indian Red Cross Society Blood Bank,"Pt. J. N. M. Medical College premises, Jail Road, Raipur, 492001",Raipur,Chhattisgarh,0771 2880111,21.15,81.38
Christanand Education Society Blood Bank,"Christanand Education Society Blood Bank,  Christanand Hospital, Gujri Ward No.2, Brahmapuri, 441206",Chandrapur,Maharashtra,"07177 272016, 07177 271109",20.607715,79.855757
Aharya Harihar Red Cross Blood Bank,"District Head Quarters Hospital, Grand Road, 752001",Puri,Odisha,06752 224097,19.814381,85.829648
Super Speciality Hospital and Medical Post Graduate Institute Blood Bank,"Maenad Road, Near RST Cancer Hospital, Nagpur, 440003",Nagpur,Maharashtra,"0712 2703501, 0712 2746682",21.123952,79.102367
Kasturba Health Society Blood Bank,"Sevagram, Department of Pathology, MGIMS and Kasturba Hospital,  Sevagram, Wardha, 442102",Wardha,Maharashtra,"07152 284108, 07152 284333",20.739287,78.660927
Civil Surgeon - General Hospital Blood Bank,"Gadchiroli, General Hospital Blood Bank, Gadchiroli, 442605",Gadchiroli,Maharashtra,"07132 222056, 07132 222644",20.170208,79.982909
Shri Vasantrao Naik Blood Bank,"Government Medical College and Hospital, Yavatmal, 445001",Yavatmal,Maharashtra,07232 242456,20.39524,78.118668
Chandulal Chandrakar Memorial Hopsital Blood Bank,"Chandulal Chandraker Memorial Hospital, GE Road, Bhilai, Durg., 490001",Durg,Chhattisgarh,N/A,21.200246,81.322665
"Odisha Red Cross Blood Bank, SDH, Bhanjanagar","Sub Divisional Hospital Bhanjanagar, 761126",Bhanjanagar,Odisha,06821 240133,19.93655984,84.57996368
"Odisha Red Cross Blood Bank, SDH, Dharmagarh","Sub-Divisional Hospital, At/Po- Dharmagarh, 766015",Dharmagarh,Odisha,6672242077,19.869351,82.781124
"Odisha Red Cross Blood Bank, Nuapada","District Headquarter Hospital, Nuapada, 766105",Nuapada,Odisha,9437292867,20.808848,82.534107
"Odisha Red Cross Blood Bank, Balangir","District Head Quarters Hospital Campus, Balangir, 767001",Balangir,Odisha,6652230646,20.707443,83.494856
J.L.N Hospital & Research Center  Blood Bank,"Sector-9 Bhilai, 490009",Durg,Chhattisgarh,0788 2856020,21.189732,81.316117
General Hospital Blood Bank,"Government General Hospital Blood Bank, Near Chota Bazar, Main Road, Mahatma Gandhi Marg, Chandrapur, 442402",Chandrapur,Maharashtra,"07172 252103, 07172 253992",19.953683,79.296742
Badshah Khan General Hospital Blood Bank,"New Industrial Township, Faridabad, 121001",Faridabad,Haryana,0129 2411881,28.392623,77.299274
Civil Hospital Bhandara Blood Bank,"General Hospital Blood Bank, Bhandara, 441904",Bhandara,Maharashtra,"07184 252247(Hospital), 07184 250725(Blood Bank)",21.162022,79.65973
"Biju Padhnaik Red Cross Blood Bank, CHC Kantabanji","Road No: 1, CHC Kantabanji , Balangir, Odisha, 767039",Kantabanji,Odisha,06657 220464,20.468944,82.914898
Kalinga Hospital Limited Blood Bank,"Kalinga Hospital, Chandrasekharpur, Bhubaneswar, 751023",Bhubaneswar,Odisha,"0674 2300570,  Extn.322",20.313722,85.818325
"Odisha Red Cross Blood Bank, Bhubaneshwar Municipal Hospital","OldTown, Samantarapur, 751002",Bhubaneswar,Odisha,0674 2591206,20.230822,85.841899
Nalco Hospital Blood Bank,"National Aluminium Company Ltd, Nalco Nagra, Angul, 759145",N/A,Odisha,,20.850763,85.152407
Sant Gadgebaba Blood Bank and Component Centre Badnera,"Opposite to Shrihari Hospital, Juni Vasti (Old Town), Badnera  Amravati, 444701",Amravati,Maharashtra,"0721 2580490, 0721 2580455",20.794116,77.709547
District Hospital Blood Bank Mahasamund,"Mahasamund Raipur Road, Kharora Village, 493445",Mahasamund,Chhattisgarh,7723222203,21.1193227,82.0743057
"Odisha Red Cross Blood Bank, Boudh","District Head Quarters Hospital, NH 224, Boudh, 762014",Boudh,Odisha,06841 222202,20.840309,84.321603
District General Hospital Blood Bank Amravati,"Dr. Babasaheb Ambedkar Chowk, District General Hospital Blood Bank, Amaravati, 444601",Amravati,Maharashtra,"0721 2663337, 0721 2663339, 0721 2663338",20.93386,77.760815
Medical college& Hospital Blood Bank Rajnandgaon,"Superitendant medical college& Hospital Rajnandgaon, 491441",Rajnandgaon,Chhattisgarh,N/A,21.086463,81.030281
Aishwarya Blood Bank,"Survey No.3/2, Godhani Road, Gurunanak Nagar, Near Amolakshand College, Mouza, Umarsara, Yavatmal, 445001",Yavatmal,Maharashtra,"07232 252500, 07232 242340",20.389322,78.118544
"Apollo Hospital Blood Bank, Bhubaneswar","Plot No. 251, Old Sainik School Road, Bhubaneswar, Opposite to Vanibihar, 751015",Bhubaneswar,Odisha,"0674 7150454, 06746661016",20.305593,85.831789
"District - Civil Surgeon, General Hospital Blood Bank Wardha","New Building, OPD 1st Floor General Hospital, Dr. Ambedkar Road, Near Jilha Parisad, Wardha, 442001",Wardha,Maharashtra,"07152 245249, 07152 250624",20.737833,78.603162
Central India Institute of Haematology & Oncology&#39;s Blood & Blood Component Bank and Apheresis Unit,"Plot No-14/2, Park Corner, Bal Raj Marg, Near Loma Square, Dhantoli, Nagpur, 440012",Nagpur,Maharashtra,"0712 2430038 , 0712 2428972 , 0712 6464198",21.134731,79.080223
"NKP Salve Institute of Medical Science and Research Center (Lata Mangeshkar Hospital), Blood Bank","5, YMCA Complex, Digdoh Hills, Hingna Road, Nagpur, 440019",Nagpur,Maharashtra,"07104 236290, 07104 236291, 07104 232905",21.144346,79.078848
"Odisha Red Cross Blood Bank, Subarnapur","District Headquarters Hospital Sonepur, Hospital Road, Near fire station, 767017",Sonepur,Odisha,06654 220150,20.843647,83.907
"Odisha Red Cross Blood Bank, Jagatsinghpur","District Head Quarters Hospital, Jagatsinghpur, 754103",Jagatsinghpur,Odisha,06724 221808,20.251662,86.179783
Sainath Blood Bank,"531,Jaiswal Building, Above R.K. Traders, Old shukrawari Road, Sakkardara Nagpur, 440024",Nagpur,Maharashtra,9422502066,21.134294,79.076369
"Odisha Red Cross Blood Bank, SDH, Titlagarh","Sub-Divisional Hospital,Titlagarh, At/Po/Ps- Titlagarh,  Balangir, 767033",Titlagarh,Odisha,06655 220318,20.2894944,83.1516406
Jeevan Jyoti Blood Bank and Component,"J P Chamber, Madhav Nagar, Dakshin Ambakshari Road  Nagpur, 440010",Nagpur,Maharashtra,"0712 2231660,  0712 2230876",21.123051,79.057149
Lifeline Blood Bank Components and Apherisis Centre Blood Bank,"Neeti Gaurav complex , 2nd Floor, Central Bazar Road, Lokmat Square, Ramdaspeth, Nagpur, 400010",Nagpur,Maharashtra,"0712 6686666, 0712 6686665",21.138999,79.063093
Ekneel Blood Bank,"Near City Centre, Datta Chowk, 445001",Yavatmal,Maharashtra,07232 250111,20.389322,78.118544
"Odisha Red Cross Blood Bank, Kandhamal","District Head Quarter Hospital Phulbani, Kandhamal, 762001",Phulbani,Odisha,06842 253006,20.485796,84.224718
Ayush Blood Bank and component Lab,"9th Floor, A wing, 901-905, 910-912, Lokmat Building, Nagpur, 440010",Nagpur,Maharashtra,"0712 6618666, 0712 5631137",21.135231,79.072978
Neheru Satabdi (N.S) Central Hospital Blood Bank,"Neheru Shatabdi Hospital, MCL, AT/PO - Dera, Talcher, 759103",Talcher,Odisha,06760 267118,20.931088,85.173211
"Odisha Red Cross Blood Bank, Patnagarh","Sub Divisional Hospital Blood Bank Patnagarh , At/Po/Ps- Patnagarh, 767025",Patnagarh,Odisha,06658 222161,20.708494,83.129548
Sub Divisional Hospital Talcher,"Sub-Divisional Hospital, Talcher, Angul, 759107",Talcher,Odisha,06760 242020,20.946461,85.240965
"Odisha Red Cross Blood Bank, Nayagarh","District Head Quarter Hospital Nayagarh, 752069",Nayagarh,Odisha,06753 252410,20.128058,85.107413
Shri Balaji Blood Bank & component lab Amravati,"1st Floor, Alsi Complex, Ambapeth, Amravati, 444601",Amravati,Maharashtra,0721 2671600,20.928177,77.756362
Kalinga Institute of Medical Sciences (KIMS) Blood Bank,"NALCO Nagar, Chandrasekharpur, 751023",Bhubaneswar,Odisha,"0674-2300570 (Ext-322), 0674 2725472",20.353379,85.814853
Dr. Hegdewar Blood Bank,"2, Sitaram Smruti, West High Court Road, Laxmibhuvan Square, Audumbar Apartment, Dharmpeth, Nagpur, 440010",Nagpur,Maharashtra,"0712 2528292, 0712 2538900, 09922407171, 09881000203",21.140579,79.060505
Dr. Hedgewar Blood Bank,"Balaji Plot  SBI Colony No - 1,  Near Jathat Peth,  No.1 Akola, 444005",Akola,Maharashtra,"0724 2491264, 0724 2491265, 0724 2491266",21.140578,79.060506
Evangelical Hospital Blood Bank,"Gadramunda, Khariar, 766107",Khariar,Odisha,"09668429249, 09668648114",20.3088467,82.7417943
"Odisha Red Cross Blood Bank, Jajpur","District Head Quarters Hospital, Jajpur, 755001",Jaipur,Odisha,06728 225177,20.849463,86.328963
AMRI Hospital Blood Bank,"Plot No. 1, Near Jayadev Vatika Park, Khandagiri,, 751030",Bhubaneswar,Odisha,0674 6666600,20.260166,85.777769
Shrirama Chandra Bhanj (SCB) Medical College Blood Bank,"Dock Road, Manglabag, 753007",Cuttack,Odisha,0671-2424202,20.473658,85.892097
"Odisha Red Cross Blood Bank, Angul","District Head Quarter Hospital, Angul, 759122",Angul,Odisha,06764 230880,20.9211366,84.8567932
"Odisha Red Cross Blood Bank, SDH, Padampur","At-Padampur, Po-Rajborasambar,, 768036",Padampur,Odisha,06638 223490,20.999564,83.060982
"Central Red Cross Blood Bank, Cuttack","Mangalabag, Medical Road, Cuttack, 753007",Cuttack,Odisha,0671 2302258,20.474804,85.888633
Hi-Tech Medical College & Hospital Blood Bank,"Pandra,Rasulgarh,Bhubaneshwar, 751025",Bhubaneswar,Odisha,"06743094253, 0674 2371217",20.300484,85.877272
District Head Quarters Hospital Blood Bank Kendrapara,"District Head Quarters Hospital Blood Bank, Kendrapara, 754211",N/A,Odisha,06727 233334,20.502151,86.425929
"Odisha Red Cross Blood Bank, SDH, Athamallik","Sub Divisional Hospital Athamallik, Badadamdasahi, Athamallik, 759125",Athamallik,Odisha,06763 254213,21.20617844,84.93461609
"Odisha Red Cross Blood Bank, Capital Hospital","Capital Hospital, Udyan Marg, Unit-6, Ganga Nagar, 751001",Bhubaneswar,Odisha,0674 2394985,20.260999,85.82211
Indira Gandhi Medical College and Hospital Blood Bank,"IGMC Hospital, Central Avenue Road, Nagpur, 440018",Nagpur,Maharashtra,"07122820134,0712 2728621, 0712 2774766",21.153917,79.092894
"Odisha Red Cross Blood Bank, Dhenkanal","District Head Quarters Hospital, 759001",Dhenkanal,Odisha,06762 221388,20.663314,85.597065
Dr. P.D.M.H.C. Hospital and Research Centre Blood Bank,"Block-A,1st Floor, Shivaji Nagar, Amravati, 440603",Amravati,Maharashtra,0721 2665545,20.923,77.816645
Government Medical College Blood Bank Nagpur,"Model Blood Bank, 2nd Floor, Hospital Building, Government Medical College & Hospital, Nagpur, 440003",Nagpur,Maharashtra,0712 2744695,21.126097,79.097101
Daga Memorial Women Government Hospital Blood Bank,"Gandhibag, Nagpur, 440002",Nagpur,Maharashtra,"0712 2729202, 0712 2729333",21.151511,79.105434
Dhamtari District Hospital Blood Bank,"Civil Surgeon, District Hospital, Dhamtari, 493773",Dhamtari,Chhattisgarh,N/A,20.707653,81.53949
Dhamtari Christian Hospital,"Industrial Area, Raipur Road, Dhamtari, 493773",Dhamtari,Chhattisgarh,077222 40362,20.718748,81.55154
Vijaya Sri Blood Bank,"VijayaSri Palace,D. No. 29-19-27/4, Ground Floor, First Floor and Second Floor, Dornakal Road, Suryaraopet, Vijayawada, 520002",Vijayawada,Andhra Pradesh,0866 2433199,16.51304,80.635644
M/s. Life Line Volunytary Blood Bank,"D. No.37-1-169/54, 2nd Floor, Sundharaiah Bhavan Raod, Ongole., 523001",Ongole,Andhra Pradesh,9247023117,15.481367,80.05908
Red Cross Blood Bank,"Government Hospital Premises
 Repalle-522265
 Guntur Dist,A.P, 522265",Repalle,Andhra Pradesh,08648 223939,16.017425,80.829475
"Smt CH. Manju Vani Vara Prasad, Lions District 316D Blood Bank","H.No.29-4-54K, Conan Dhanvoda Anantham Complex, Prakasam Road, Suryaraopet, Vijayawada, 520002",Vijayawada,Andhra Pradesh,0866 2573636,16.510309,80.63251
Rotary Red Cross Blood Bank,"H.No: 26-5-5, G.S Raju Street, Gandhinagar, Vijayawada - 520003. Krishna District, 520003",Vijayawada,Andhra Pradesh,"0866 2570082, 0866 6464002",16.506174,80.648015
Rudhira Voluntary Blood Bank,"D.No. 7-5-56, KRR Complex, 1st Floor, Opposite ASN college, Prakasam Road, Ganganammapeta, Tenali, 522201",Tenali,Andhra Pradesh,"08644 231222, 08644 654123",16.243428,80.646397
M/s. Needs Blood Bank,"1st Floor, Honda Show Room Building, Opposite Doctor Plaza, Kothapeta, 522001",Guntur city,Andhra Pradesh,"0863 6638222, 0863 6639222",16.29882,80.448888
ASN Raju Charitable Trust Blood Bank,"D.No. 24-1-1, R.K. Plaza (Sarovar complex), J. P. Raod, Bhimavaram, 534202",Bhimavaram,Andhra Pradesh,08816 225556,16.54391,81.516237
Government General Hospital Blood Bank,"Opposite to Railway Station, 1st Floor, C/o Government General Hospital, Guntur., 522001",Guntur,Andhra Pradesh,0863 2220035 (Ext No: 280),16.299747,80.443689
"M/S. Kims & Research Foundation, Hospital Blood Bank","Kims & Research Foundation, Hospital Blood Bank, Sy.No:813 & 817, Kamanagaruvu, Near Red Bridge, Amalapuram., 533201",Amalapuram,Andhra Pradesh,"08856 237996, 08856 237997, 08856 237998",16.592169,82.024025
Government District Headquarters Hospital machilipatnam blood bank,"Machilipatnam, 521001",Vijayawada,Andhra Pradesh,08672 245040,16.176867,81.138647
Area Hospital (Repeated),"Blood Bank Medical Officer,  Blood Bank, Area Hospital, Tenali, Guntur District, 522201",Tenali,Andhra Pradesh,9866686760,16.239531,80.64934
Palakol Voluntary Blood Bank,"D.No. 47-1-12/2C, 1st floor, Beside Chamber of Commerce Building, Srinivasa Deluxe, Palakol, 534260",Palakol,Andhra Pradesh,08814 222678,16.517455,81.725342
M/s. Area Hospital Blood Bank,"Ground Floor, Room No.10, Area Hospital, Chirala, Prakasam, 523155",Chirala,Andhra Pradesh,8520026320,15.825971,80.36127
Manipal Hospital Bloodbank,"Soumyanagar, Tadepalli, Guntur, 522501",Guntur Rural,Andhra Pradesh,0866 2489700 (Ext No.102),16.484433,80.617219
Lions Blood Bank,"D. No. 29-19-85, 1st & 2nd Floor,Old Janatha Hospital Building, Dornakal Road, Suryaraopet, Vijayawada, 520002",Vijayawada,Andhra Pradesh,0866 2434417,16.506174,80.648015
Indian Red Cross Society Blood Bank,"IRCS Blood Bank, Railway Station Road, SanthaPeta, Ongole, Prakasam, 523001",Ongole,Andhra Pradesh,08592 236093,15.505723,80.049922
Bethesda Blood Bank,"29-10-2, Ground Floor, Narsimharao Street, Suryaraopet, Vijayawada",Vijayawada,Andhra Pradesh,0866 2435888,16.512971,80.632664
Anjireddy Multi Specality Blood Bank,"Gaganamma Temple, Piduguralla, 522413",Piduguralla,Andhra Pradesh,08649 254567,16.478789,79.893642
Indian Red Cross Society,"Blood Bank Medical Officer, Blood Bank, Indian Red Cross Society, Guntur, District Guntur, 522004",Guntur,Andhra Pradesh,9985322589,16.306653,80.43654
M/s. Kanamarlapudi Koteswara Rao Indian Red Cross Society Blood Bank,"Survey No.1083/3, R.D. Office Compound, Kavali, 524201",Kavali,Andhra Pradesh,08626 244766,14.913181,79.99298
Uddaraju Anandaraju Foundation Blood Bank,"D.No. 27-8-21/2, Sivaraopet, Bhimavaram, 534202",Bhimavaram,Andhra Pradesh,"08816 230888, 08816 230878",16.543064,81.515731
M/s. A.P.V.V.P Area Hospital Blood Bank,"Ground Floor Area Hospital, Amalapuram, 533201",Amalapuram,Andhra Pradesh,NA,16.575367,81.998101
District Hospital Blood Bank,"District Hospital, Noonepalli, Nandyal, Kurnool, 518502",Nandyal,Andhra Pradesh,8514221033,15.469336,78.482935
Yashoda Hospital and Research,"3rd M Nehru Nagar, 201001",Ghaziabad,Uttar Pradesh,"0120 4182000, ext.128",28.66037,77.442026
M/s. Chaitanya Blood Bank,"40-9/1-26, Vasavya Complex, Benz Circle, Vijayawada, 520010",Vijayawada,Andhra Pradesh,"0866 2497977, 0866 645977",16.498839,80.655488
Saint Joseph General Hospital Blood Bank,"Opposite to Andhra Christian College, Near Flyover, Main Road, Guntur, 522001",Guntur city,Andhra Pradesh,"0863 2322700, 0863 2320386",16.297514,80.440648
Suraksha Voluntary Blood Bank,"29-10-8, Govinda Rajulu Naidu Street, Suryaraopet, Vijayawada, 520002",Vijayawada,Andhra Pradesh,0866 2434499,16.51343,80.632861
Indian Red Cross Society Blood Bank. Narassraopet,"Area Hospital, Narasaraopeta, 522601",Narasaraopeta,Andhra Pradesh,8647224455,16.235919,80.048412
Government General Hospital (Repeated),"Government General Hospital, Ramavarapadu, Vijayawada - 520007, 520007",Vijayawada,Andhra Pradesh,9866686760,16.513339,80.618989
Indian Red Cross Society Blood Bank narasapuram,"C/o. Community Healthcare Center, Narsapuram, 534275",Narasapuram,Andhra Pradesh,08814 276656,16.45196,81.680205
District Hospital Blood Bank,"APVVP, Gavini Circle, Yerraguntla Bypass Road, Proddatur, 516360",PRODDATUR,Andhra Pradesh,8106104334,14.741621,78.550959
NRI Medical College and General Hospital Blood Bank,"Mangalagiri Mandalam, Chinakakani, Guntur, 522503",Guntur Rural,Andhra Pradesh,"08645 236777, 08645 237401, 08645 230101",16.413675,80.555675
Best Rotary Blood Bank,"Mahila Mandali Building, Sarojini Naidu Street, Kothapeta, Tenali, 522201",Tenali,Andhra Pradesh,NA,16.251179,80.64934
Katuri Medical College and Hospital Blood Bank,"Katuri Nagar, Chinakondrupadu, Guntur, 522019",Guntur Rural,Andhra Pradesh,"0863 2288555, 0863 2288556 (Ext No. 234)",16.227872,80.30947
NRT Blood Bank,"GBR Super Speciality Hospital, 10-1-10/1, Palnadu Road, Narasaraopeta, 522601",Narasaraopeta,Andhra Pradesh,9542628888,16.193331,80.019956
Dr. Pattabhi Red Cross Blood Bank,"DM & HO Campus, Machilipatnam, 521001",Machilipatnam,Andhra Pradesh,08672 230605,16.190546,81.136154
Sri Buddala Narasimhamurty Voluntary Blood Bank,"D.No.34-4/5, Ground Floor, Supriya Towers, Tanuku, 534211",Tanuku,Andhra Pradesh,08819 225269,16.414033,80.647085
Indian Red Cross Society Blood bank,"A.P.V.P. Area Hospital, Cumbum Road, Markapur, 523316",Markapur,Andhra Pradesh,08596 223485,15.736154,79.269125
Area Hospital Blood Bank,"Gudivada, 521301",Gudivada,Andhra Pradesh,08674 245040,16.349045,81.049715
Marwari Relief Society Blood Bank,"227, Rabindra Sarani, 700007",Kolkata,West Bengal,033 22745675,22.5828594,88.3574931
University General Hospital Blood Bank,"Ring Road, Gunadala, Vijayawada",Vijayawada,Andhra Pradesh,"0866 2452244, 0866 2453488",16.516111,80.670085
Indian Red Cross Society Blood Bank,"Zilla Parishad Compound, Nagarampalem, GUNTUR, 522004",Guntur city,Andhra Pradesh,0863 2215656,16.306653,80.43654
Government Hospital,"Blood Bank Medical Officer,  Blood Bank, Government Hospital, Amalapuram, 533201",Amalapuram,Andhra Pradesh,9989106236,16.587432,82.008431
M/s. Belief Blood Bank,"3rd Floor, Sai Complex, Addanki Bus Stop, Ongole, 523001",Ongole,Andhra Pradesh,08592 222345,15.481367,80.05908
M/s. RIMS General Hospital Blood Bank,"C/o. RIMS General Hospital , D.No. 8-5-2/A, Opposite Bapuji Kalamandir, Bhagya Nagar, 5th Lane, Ongole, 523001",Ongole,Andhra Pradesh,8592233310,15.487882,80.047144
Rajiv Gandhi Institute of Medical Sciences Blood Bank,"Blood Bank Medical Officer, O.P. Block Ground Floor, Blood Bank, RIMS General Hospital,Puttlampalli, Kadapa ( RIMS, Kadapa)., 516001",Kadapa,Andhra Pradesh,08562 225665,15.133392,78.514102
Dr. Pinnamaneni Siddhartha Insitiute of Medical Sciences & Research Foundation (Dr.P.SIMS & RF) Blood Bank,"Chinnaoutapalli., 521286",Vijayawada,Andhra Pradesh,08676 257311,16.551655,80.832047
Government Hospital Blood Bank Gandhi Nagar,"Government Hospital, Gandhi Nagar, Jammu, 180001",Jammu,Jammu and Kashmir,0191 2430041,32.705277,74.859974
Rajouri District Hospital Blood Bank,"District Hospital,  kheora, Rajouri, 185131",Rajouri,Jammu and Kashmir,01962 263209,33.3880811,74.316008
Guru Gobind Singh Medical College Blood Bank Hospital Blood Bank,"Sadiq Road, Kotakpura, 151203",Faridkot,Punjab,"01639 255436, 01639 - 251111",30.681255,74.747606
Acharya Shri Chander College of Medical Sciences and Hospital Blood Bank,"Acharya Shri Chander College of Medical Sciences and Hospital, N.H ByPass P.O Majeen, 180017",Sidhara,Jammu and Kashmir,0191 2662324,32.760493,74.898955
Fortis Hospital Limited Blood Bank,"Fortis Escort Heart and Super Speciality Institute Limited, Majitha Virka, By Pass Road, 143001",Amritsar,Punjab,"0183 30121222, 01836662222",31.664656,74.918134
Dr. Anil Bhaghi Memorial Hospital Blood Bank,"Martyr Anil Baghi Road, 152002",Ferozpur,Punjab,"01632-220555, 220556",30.9493,74.619453
Jawahar Lal Nehru Memorial Hospital Blood Bank,"Jawahar Lal Nehru Memorial Hospital Blood Bank, Rainwari, Srinagar, 190003",Srinagar,Jammu and Kashmir,0194 2507099,34.097759,74.821651
Baharampur District Hospital Blood Bank,"P.O. Baharampur, 742401",Murshidabad,West Bengal,03482 252332,24.088999,88.257123
Government Lal Ded Hospital Blood Bank,"Wazirbagh, Srinagar GPO, Srinagar, 190001",Srinagar,Jammu and Kashmir,"0194 2313714, 0194 2313716",34.0667492,74.8081809
Moga Civil Hospital Blood Bank,"Mina Bazar, New Town, 142001",Moga,Punjab,1636230540,30.811673,75.169349
Udhampur District Hospital Blood Bank,"Udhampur  District Hospital, Near ITI collage, 182101",Udhampur,Jammu and Kashmir,01992-270402,32.919922,75.132831
Jallianwala Bagh Martyr&#39;s Memorial (JBMM) Civil Hospital Blood Bank,"G.T Road, Inder Palace Road, Maharaja Ranjit Singh Nagar, Hhasanpura Chowk, Hussainpura 

G.T. Road, Inder Palace Road, Ram Bagh,, 143001",Amritsar,Punjab,0183 2534906,31.633401,74.878894
Chodana Sub-District Hospital Blood Bank,"Sub-District Hospital, Chadoora, Budgam, 191113",Budgam,Jammu and Kashmir,01951 257236,33.9429341,74.7993502
Sri Maharaja Gulab Singh (SMGS) Hospital Blood Bank,"Shalamar Road, Indra Chowk, Jammu, 180001",Jammu,Jammu and Kashmir,"0191 2547635, 0191 2547639",32.733578,74.862023
Bee Enn General Hospital Blood Bank,"Garden Avenue, Bhagwati Nagar, Talab Tillo, Jammu, 180002",Jammu,Jammu and Kashmir,1912555631,32.7297174,74.8411347
Baramulla District Hospital Blood Bank,"District Hospital, Kanthbagh, Baramulla, 193101",Baramulla,Jammu and Kashmir,01952 234203,34.2031312,74.3654033
Guru Nanak Dev Hospital Blood bank,"Government Medical College, Majitha Road, 143001",Amritsar,Punjab,0183 2426918,31.649955,74.883616
Handwara District Hospital Blood Bank,"Handwara Hwy, Shaheen Colony, Durashpora, Handwara, 193221",Handwara,Jammu and Kashmir,01955 262054,34.396437,74.284765
Shri Guru Ram Das Charitable Hospital Blood Bank,"Circular Road,Near Gurdwara Sahib Shaduin Taran Taru Road, 143001",Amritsar,Punjab,0183 2553668,31.615001,74.882255
Guru Tej Rasila Charitable Hospital,"Guru Tej Rasila Charitable Hospital, Saidpura, Amritsar, 143116",Amritsar,Punjab,NA,31.640206,75.180095
Guru Nanak Dev Super Speciality Hospital Blood Bank,"Goindwal Sahib Road, Bachre, 143401",Tarn Taran,Punjab,01852 667100,31.446706,74.937133
Patti Civil Hospital Blood Bank,"Civil Hospital Patti, Taran taran, 143416",Patti,Punjab,01851 244949,31.274623,74.853386
Budgam District Hospital Blood Bank,"ASYM District Hospital Campus, Near District Court Complex, 191111",Budgam,Jammu and Kashmir,1951255238,34.020827,74.719824
Sri Guru Ram Das Institute of Medical Sciences and Research Blood bank,"Mehta Road, PO Vallah, 143501",Amritsar,Punjab,0183 2870245,31.635855,74.966905
District Hospital Blood Bank Shopian,"Shopian, 192303",Shopian,Jammu and Kashmir,01933 261845,33.7200624,74.8338034
Kulgam District Hospital Blood Bank,"Kulgam Quzigund Road, opposite to Fruit mandi Kulgam, 192231",Kulgam,Jammu and Kashmir,01931 260398,33.645305,75.026719
Kotkapura Civil Hospital Blood Bank,"NH15, Faridkot Road, 151204",Kotkapura,Punjab,"01635-228306,  0163 522 3306",30.584713,74.820153
Ferozpur Civil Hospital Blood Bank,"Housing Board Colony, 152002",Ferozpur City,Punjab,"01632242964, 01632 242082",30.952504,74.607649
District Hospital Blood Bank Sambha,"District Hospital, Near Sabzi Mandi, Samba, 184121",Samba,Jammu and Kashmir,9419118345,32.560515,75.120911
Green Avenue Blood Bank,"644, Mcleod Road, Rani Ka Bagh, 143001",Amritsar,Punjab,"0183 2563103,0183 2566402",31.637056,74.856332
Government Medical College and Hospital Blood Bank,"Government Medical College and Hospital, Mahesh Pura Chowk, Bakshi Nagar, 180001",Jammu,Jammu and Kashmir,"0191 2584290, 0191 2584291, 0191 2584292",32.736061,74.853998
Government Bone and Joint Surgery Hospital Blood Bank,"Government Bone and Joint Surgery Hospital, Near Barzulla bridge, Srinagar, 190005",Srinagar,Jammu and Kashmir,1942432135,34.0481,74.80522
Raja Sukhdev Singh District Hospital Poonch,"District Hospital, Poonch, 185101",Haveli,Jammu and Kashmir,"01965 220152, 01965 220656",33.772293,74.098062
Adhlakha Medical Center Blood Bank,"29-B, Race Course Road, Basant Avenue, 143001",Amritsar,Punjab,0183 2225353,31.651164,74.874725
Shri Maharaja Hari Singh (SMHS) Hospital Blood Bank,"SMHS Road, Near Gold Market, Karan Nagar, Srinagar,, 190010",Srinagar,Jammu and Kashmir,"0194 2504801, 0194 2504802 (Extn. 512)",34.0862001,74.7977402
Tarn Taran Civil Hospital Blood Bank,"NH 15, Guru Teg Bahadur Nagar, 143401",Tarn Taran,Punjab,01852 222755,31.458838,74.923433
MMAB memorial District Hospital  Blood Bank Anantnag,"MMAB memorial Blood Bank, Janglat Mandi, District Hospital, Anantnag, 192101",Anantnag,Jammu and Kashmir,01923 222170,33.7253569,75.153155
Pulwama District Hospital Blood Bank,"District Hospital, Pulwama, 192301",Pulwama,Jammu and Kashmir,01933 241530,33.878861,74.900779
Amandeep Blood Bank,"Amandeep Hospital, Model Town, Gt Road, 143001",Amritsar,Punjab,"01832566738, 08283844000",31.634549,74.859014
Anil Blood Bank,"Inside EMC Super speciality Hospital, Green Avenue, 143001",Amritsar,Punjab,"01835131105, 01835131111",31.643995,74.86651
District Hospital Blood Bank Ganderbal,"Ganderbal, 191201",Ganderbal,Jammu and Kashmir,0194 2416158,34.1944531,74.652155
92 Base Hospital Blood Bank,"92 Base Hospital, C/o. 56 APO,  Badami Bagh, Srinagar, 190004",Srinagar,Jammu and Kashmir,0194 24660009 (Extn. 6528),34.06591,74.856181
Muktsar Civil Hospital Blood Bank,"Canal Colony, Bathinda Road, Sri Muktsar Sahib, 152026",Muktsar,Punjab,"0163 3262275, 01635-228306",30.463286,74.537174
Sher-I-Kashmir Institute of Medical Sciences (SKIMS) Blood bank,"Sher-I-Kashmir Institute of Medical Sciences (SKIMS), 
Anchar, Soura, Srinagar, 190011",Srinagar,Jammu and Kashmir,0194 2401013,34.136677,74.800264
Rotary Club New Panvel charitable Trust s Late Dr. B.V. Limaye Blood Bank,"Plot No-8, Sect.1, Khanda Colony, Mumbai Pune Road, New Panvel (W), 410206",Raigad,Maharashtra,"022 27459322, 022 32092960",19.008249,73.108321
Vitthal Sayanna General Hospital (Civil Hospital) Blood Bank,"Civil Hospital, 1st Floor, Tembhi Naka, Thane (W)-400601, 400601",Thane,Maharashtra,"022 25472582, 022 25471409, 022 25471409",19.199056,72.978096
Aditya Birla Memorial Hospital Blood Bank,"Survey No:31, Near Morya Mangal Karyalay, Thergaon, Chinchwad, Pune, 411033",Pune,Maharashtra,"020 30717690, 020 30717676",18.625716,73.774775
V. N. Desai Municipal General Hospital Blood Bank,"T. P. S. II, 11th Road, Santacruz (E) Mumbai, 400055",Mumbai,Maharashtra,"022 26182081, 022 357022, 022 26151506 (Extn.356, 357)",19.078822,72.844994
Kapoorben Vasanji Lathiya Blood Bank - Nanavati Hospital,"Dr Balabhai Nanavati Hospital,S V Road, Vile Parle (W), Mumbai, 400056",Mumbai,Maharashtra,"022 26119924, 022 26182255, 022 26267500",19.095831,72.840101
Holy Spirit Hospital Blood Bank,"Mahakali  Road, Andheri (E), Mumbai, 400093",Mumbai,Maharashtra,"022 28200353, 022 28248505",19.128442,72.866496
Rajawadi Blood Bank - Seth V. C. Gandhi & M. A. Vora Municipal General Hospital,"Seth V. C. Gandhi and M. A. Vora M, Rajawadi, Ghatkopar-(E), Mumbai, 400077",Mumbai,Maharashtra,"022 21025611 (Extn. 141, 122)",19.079304,72.901693
Lokmanya Tilak Municipal Hospital Blood Bank,"O. P. D. Building, 1st Floor, Sion (W), Mumbai, 400022",Mumbai,Maharashtra,"022 24021771,  022 24063494, 022 24063489",19.036984,72.859049
Tata Memorial Hospital Blood Bank,"5th Floor, Service Block, Dr. E. Borges Road, Parel, Mumbai, 400012",Mumbai,Maharashtra,"022 24177000, 022 24127096 (Extn. 4682, 4684)",19.004856,72.842945
Advanced Centre for Treatment Reasearch and Education in Cancer,"Owe Village, Sector 22, Plot No. 2, Kharghar, Navi Mumbai, 410208",Navi Mumbai,Maharashtra,022 27405073,19.065019,73.064507
Asian Heart Institute and Research Center,"ICICI Tower,  Bandra Kurla Complex, Bandra (E) Mumbai, 400051",Mumbai,Maharashtra,"022 66986666, 022 26508487",19.065253,72.860832
JVP Blood Bank and Transfusion Centre Blood Bank,"201, 213 Arenja Arcade Plot No. 4 Sec-17, Next to Apana Bazar, Vashi, Navi Mumbai, 400705",Thane,Maharashtra,"022 27894490, 022 67912094",19.072305,73.000676
Sir J.J.Mahanagar Rakthapedhi,"Sir J.J Mahanagar Raktapedhi, F. D. Petit Building, J.J.Campus, J. J. Road, Byculla, Mumbai, 400008",Mumbai,Maharashtra,"022 23735585, 022 23733531",18.963334,72.832489
Tssia Blood Bank,"Tssia House, Road No.P 26/T,Rd-16, Wagle Estate, Thane (W), 400604",Thane,Maharashtra,"022 25803263, 022 39410060, 022 25362283",19.194769,72.952884
B. Y. L. Nair Hospital Blood Bank,"New OPD Building. 2nd Floor, Dr. A. L. Nair Road Mumbai Central, Mumbai, 400008",Mumbai,Maharashtra,"022 23027644, 022 23027645, 022 23098150",18.974279,72.822573
Breach Candy Hospital And Research Centre Blood Bank,"60 A, Bhulabhai Desai Road, Mumbai, 400026",Mumbai,Maharashtra,"022 23667811, 022 23872666",18.972677,72.804312
Bhabha Atomic Research Centre Hospital Blood Bank,"BARC Hospital, Anushakti Nagar Mumbai, 400094",Mumbai,Maharashtra,"022 25598353, 022 25598361, 022 25558494",19.042464,72.914358
Garware Blood Bank - Talegaon Rural Hospital,"Talegaon Dhabhade, Maval, Pune, 410507",Pune,Maharashtra,"02114 223916, 02114 308399",18.735319,73.675984
Matoshri Valbai Mulji Shah - Arpan Blood Bank,"Aniraj Tower,  Janta Market, L.B.S Marg, Bhandup (W), Mumbai, 400078",Mumbai,Maharashtra,"022 25951044, 022 25941142",19.142653,72.933304
Hematology Laboratory Blood Bank,"Parekh House, Ground Floor,
14 Mama Parmanand Marg, 
Mumbai., 400004",Mumbai,Maharashtra,022 23691297,19.183375,72.853442
West Coast Blood Bank,"Basement 101, Moon Building, 798, Mori Road, Mahim(W), Mumbai, 400016",Mumbai,Maharashtra,022 24444544,19.042954,72.84073
Deepak Foundation&#39;s Anviksha Blood Bank,"Paras Darshan, M. G. Road, Ghatkopar, (E) Mumbai, 400077",Mumbai,Maharashtra,"022 21026290, 022 21025927",19.082389,72.904481
Sarvodaya Hospital Samarpan Blood Bank,"Office Building, 2nd Floor, Sarvodaya Hospital, LBS  Marg, Ghatkopar (W), Mumbai, 400086",Mumbai,Maharashtra,"022 25102511, 022 25100100",19.089801,72.907187
Blood Line Blood Bank,"Swargiya Dharmvir Anand Dighe Sankool, Tika No-10, Near Vikas Palm, Dr. Ambedkar Road, Thane (W), 421302",Thane,Maharashtra,"022 25374000, 022 25375000, 022 25376000",19.200762,72.97498
Shree Sai Blood Bank & Component,"103,104,105,1st Floor Tirthraj Building, Old Thana Naka Road, Near Taluka Police Station,  Old Panvel, Raigad, 410206",Panvel,Maharashtra,"022 27467856, 022 27450885, 022 27463796",18.99397,73.106561
M/s. Navi Mumbai Blood Bank,"Navi Mumbai Blood Bank, Vishwanath Bhavan, C-87, Sector 12, Kharghar, Navi Mumbai",Navi Mumbai,Maharashtra,"09870653138, 09223300850",19.034045,73.029533
Kakasaheb Chitle Memorial Centre Sanchalit - Jankalyan Blood Bank,"C.S. No. 1651, Near Lokmanya Vyayamshala, Shiwaji Chowk, Mahad, Raigad, 402301",Mahad,Maharashtra,"02145 222604, 02145 225103, 02145 224807",18.082736,73.42265
Kokilaben Dhirubhai Ambani Blood Bank,"4 Bunglows, Achutrao Patwardhan Marg, Andheri (west), Mumbai, 400053",Mumbai,Maharashtra,"022 30900900, 022 30972030",19.131221,72.824772
S. R. Mehta and Sir. K.P. Cardiac Institute Blood Bank,"Plot No. 96, Road No.31, King Circle Sion, (E) Mumbai, 400022",Mumbai,Maharashtra,"022 24035454, 022 2409 4732",19.032412,72.85958
Borivali Blood Bank (Doshi Memorial Charitable Trust),"3,4,5, Vithal Apartment, Near Ram Mandir, Mandpeshwar Road, Opposite, Flyover,  Borivali (w), 400103",Mumbai,Maharashtra,"022 28936203, 022 28935219",19.199816,72.845937
Sai Seva Medical Foundation - Vaibhavlaxmi Blood Bank,"1036/A, E- Ward, 1st  Floor, Deccan Engineering, Opposite to Parvati Multiplex, Rajaram Road, Kolhapur, 416001",Kolhapur,Maharashtra,"0231 6454949, 0231 2664949",19.205274,72.840465
Seven Hills Health Care Private Limited Hospital Blood Bank,"Blood Bank, 2nd Floor, Block-16, Seven Hills Hospital,  Survey No.155, 156, 162 - 168 Part, Marol - Maroshi Road,  
Andheri (E), Mumbai, 400059",Mumbai,Maharashtra,022 67676719,19.117797,72.87809
Chidanand Charitable Trust Dombivali Blood Bank,"Siddhi Hospital, Bajiprabhu Chowk, Dombivali (East), 421201",Thane,Maharashtra,0251 284393,19.212614,73.088869
K. E. M. Hospital Blood Bank,"Acharya Donde Marg, Parel, Mumbai, 400012",Mumbai,Maharashtra,"022 24107421, 022 24107246, 022 24107249, 022 24107000",19.001515,72.841877
Suburban Hi-tech Blood Bank,"Shagun Building, 2nd Floor, 206, Rani Sati Road, Malad (E), 400097",Mumbai,Maharashtra,"022 28714060, 022 28714070",19.183781,72.849166
Navi Mumbai Municipal Corporation Blood Bank,"General Hospital Vashi, Near Saint Mary Church, Sector-10, Vashi, Navi Mumbai, 400705",Thane,Maharashtra,"022 27888750, 022 27899906",19.082788,72.996027
Dr. L. H. Hiranandani Hospital Blood Bank,"Hill Side Avenue, Hiranandani Gardens, Powai, 400076",Mumbai,Maharashtra,"022 25763355, 022 25763356, 022 25763357, 022 25763344, 022 25763311",19.120591,72.917105
Arpan Blood Bank - Blood Component and Apheresis Centre Kolhapur,"1st Floor, Saroj Appartment, Subhash Road 1315, &#39;C&#39; Ward,  Opposite to Shramik Bhavan, Laxmipuri, Kolhapur, 416001",Kolhapur,Maharashtra,"0231 2640588, 0231 2640599, 0231 6617208",19.189209,72.97706
K. J. Somaiya Medical College and Hospital Blood Bank,"Somaiya Ayurvihar Complex, Eastern Express Highway, Sion, Mumbai, 400022",Mumbai,Maharashtra,"022 24024671, 022 24020946, 022 24091855",19.047282,72.874706
Navjeevan Blood Bank,"Gokhale Road, Naupada, Near Dr.Mhaskar&#39;s Hospital, Thane (W), 400602",Thane,Maharashtra,"022 25400425, 022 25339495",19.187729,72.967926
Masina Hospital Blood Bank,"Sant Savta Marg, Byculla (E), 400027",Mumbai,Maharashtra,022 23700715,18.974886,72.835711
Shushrusha Citizens Co-operative Hospital Blood Bank,"698-B Ranade Road, Dadar, Mumbai, 400028",Mumbai,Maharashtra,"022 24469579, 022 25288698",19.023426,72.837899
Kohinoor Hospital Blood Bank,"Upper Basement, Room No. 29 to 43, Kirol Road, Off L.B.S Marg, Kurla (w), 400070",Mumbai,Maharashtra,"022  67556737, 022  67556755, 022 30553055",19.076212,72.886208
S. L. Raheja Hospital Blood Bank,"Mahim, Raheja Rugnalaya Marg, Mumbai, 400016",Mumbai,Maharashtra,"022 24445528, 022 66529682, 022 24449418",19.046572,72.842207
Indian Red Cross Society Bombay City Branch Blood Bank,"Blood Centre, 141, Shahid Bhagatsingh Road, Town Hall Compound, Near R.B.I. Fort, 400001",Mumbai,Maharashtra,"022 40500400, 022 22663560, 022 22663195, 022 22677448",18.932476,72.836574
District Civil Surgeon Blood Bank,"District Hospital Blood Bank, Civil Hospital Campus, Sea Face Road, Alibag, 402201",Alibag,Maharashtra,02141 225734,18.640782,72.871716
Bombay Hospital Trust Blood Bank,"12, New Marine Lines Mumbai, 400020",Mumbai,Maharashtra,022 22067676,18.94103,72.82816
Vaidhya Blood Bank,"1st Floor. Satyam Apartment, M.G. Road, Jeevan Jyot Hospital, Near Naupada Police Station, Thane (W), 400602",Thane,Maharashtra,"022 25380787, 022 25411773",19.187896,72.96724
M. T. Agarwal Municipal General Hospital Blood Bank,"Dr. R. P. Road, Mulund (W), Mumbai, 400080",Mumbai,Maharashtra,"022 25640767, 022 25605730 (Extn. 308)",19.177861,72.946234
INS - Ashwini Blood Bank,"Near R. C. Church, Colaba, Mumbai, 400005",Mumbai,Maharashtra,022 22151666 (Extn. 3764),18.901263,72.815698
The B.D. Petit Parsee General Hospital Blood Bank,"B.Petit Road, Cumballa Hill,  Mumbai, 400036",Mumbai,Maharashtra,"022 61186190, 022 61186192, 022 61186333",18.968704,72.805743
Manas Serological Institute Blood Bank,"CTS NO-167 / 168 / A1, 101-104, Grace Plaza, S. V. Road, 
Near Railway Phatak, Jogeshwari (W), Mumbai, 400102",Mumbai,Maharashtra,022 26784546,19.13522,72.848108
ESIC Model Hospital cum ODC Blood Bank,"Room No. 20/A, 1st Floor, ESIC Model Hospital cum ODC & PGIMSR, Central Road, M.I.D.C, Opposite to MIDC Police Station, Andheri (East), Mumbai",Mumbai,Maharashtra,022 28321361,19.118392,72.86724
Fortis Hospital Blood Bank,"Mulund Goregaon Link Road, Nahur , Mumbai, 400078",Mumbai,Maharashtra,"022 67994370, 022 43654374",19.162122,72.942063
K. B. Bhabha General Hospital Blood Bank,"R. K. Patkar Marg, Bandra (W), Mumbai, 400050",Mumbai,Maharashtra,"022 26422541, 022 26422775, 022 26405226 (Extn. 4103, 4104)",19.057493,72.833636
Jaslok Hospital And Research Centre Blood Bank,"15, Dr. G. Deshmukh Marg, Mumbai, 400026",Mumbai,Maharashtra,"022 66573434, 022 66573035",18.971653,72.809968
Saint George&#39;s Hospital & Regional  Blood Bank,"Saint George&#39;s Hospital, Behind General Post Office, 
P. D&#39;Mello Road, Fort, Mumbai, 400001",Mumbai,Maharashtra,"022 22621420, 022 22620242 (Extn.1431)",18.94027,72.837319
Kai Wamanrao Oak Blood Bank,"Ghantali Mandir Road, Vishnu Nagar, Naupada, Thane, 400602",Thane,Maharashtra,"022 25385248, 022 25392440",19.186459,72.975467
B.S.E.S M.G. Hospital Blood Bank,"Rotary D. G. Goenka Blood Bank, Near Railway Station Andheri (W), Mumbai, 400058",Mumbai,Maharashtra,"022 66487576, 022 66487577, 022 66487578, 022 26283557",19.119457,72.844948
Lokmanya TSSIA Blood Bank Thane,"Tssia House, Road No. P 26/T, Road-16, Next to Thane Janata Sahakari Bank, Behind the Petrol Pump, Wagle Estate, Thane (W), 400604",Thane,Maharashtra,9225630689,19.191526,72.95169
P. D. Hinduja National Hospital And Medical Research Centre Blood Bank,"Veer Savarkar Road, Mahim (W), Mumbai, 400016",Mumbai,Maharashtra,"022 24447308, 022 24447309, 022 24447310",19.033615,72.838105
Saifee Hospital Trust Blood Bank,"15/17, Maharishi Karve Marg, Opposite to Charni Road Station Mumbai, 400004",Mumbai,Maharashtra,022 67571140,18.952471,72.818058
Meenatai Thackeray Blood Bank - Siddharth Hospital,"Siddharth Nagar, Prabhodhan Kridabhawan Marg,
Goregaon (W), 400104",Mumbai,Maharashtra,"022 28797586, 022 28797587, 022 28722929",19.159649,72.840284
Bandra Holy Family Hospital Society Blood Bank,"Saint Andrews Road, Bandra, Mumbai, 400050",Mumbai,Maharashtra,"022 30610300, 022 30610555, 022 26518373",19.055059,72.827202
ACTREC,"Department of Transfusion Medicine, ACTREC, 
Tata memorial centre, 
Sector 22 Kharghar, 
Navi Mumbai., 410210",Mumbai,Maharashtra,"022 27405000, Ext 5515;                                  Direct No. 022 27405073",19.065019,73.064508
N.  Wadia Maternity  Hospital Blood Bank,"Acharya Donde Marg, Parel, Mumbai, 400012",Mumbai,Maharashtra,"022 24165638, Extn 124; 022 24146963,022 24146964,022 24146965,Extn 124",19.003238,72.842837
Ashirwad Blood Bank,"Imperial Mahal, 2nd Floor  Above Shabana Stores, Khodadad Circle, Dr. B. A. Ambedkar Road, Dadar TT,  Mumbai, 400014",Mumbai,Maharashtra,"022 24154826, 022 24154827",19.017341,72.848164
Global Hospital Blood Bank,"No. 35, Dr. Ernest Borges Road, Hospital Avenue, 
Opposite to Shirodkar High School, Parel, Mumbai., 400012",Mumbai,Maharashtra,"022 67670101, 022 67670342",18.999282,72.840787
Jupiter Hospital Blood Bank,"Jupiter Hospital, Eastern Express Highway, Service Road, Near Voltas,  Naupada, Thane (W), 400601",Thane,Maharashtra,"022 21725521, 022 21725555, 022 25853320",19.209617,72.972405
Plasma Diagnostic Lab and Blood Bank,"Meghdoot, Building, Gopal Nagar, Hotel Janaki, Opposite to Manjunath School, Dombivali( E), 421201",Thane,Maharashtra,"0251 2802491, 0251 2453568, 0251 2438078",19.215794,73.096159
Prince Aly Khan Hospital Blood Bank,"Aga Hall, Nesbit Road, Mazgaon, Mumbai, 400010",Mumbai,Maharashtra,"022 23777934, 022 23777936, 022 23777800, 022 23777907, 022 23777908",18.97084,72.836617
Mahatma Gandhi Seva Mandir Blood Bank,"Mahatma Gandhi Seva Mandir Hospital, 2nd Floor, Opposite to Bandra Lake, S. V. Road, Bandra (W), Mumbai",Mumbai,Maharashtra,"022 26431893, 022 26431897",19.055801,72.836932
Sanjeevan Blood Bank,"1st Floor, Indravati Hospital, Sector-3, Airoli, Navi Mumbai, 400705",Thane,Maharashtra,"022 27790286, 022 27790287, 022 27794582",19.156842,72.997815
Dr. R. N. Cooper General Hospital Blood Bank,"North south Road No-1, Juhu, Vile-Parle (W) Mumbai, 400056",Mumbai,Maharashtra,"022 26242609, 022 26247254, 022 26247255, 022 26247256 (Extn. 201, 203)",19.107714,72.835618
Seva Blood Bank,"Pushpadev Apartment, Basement, Opposite to Manav Kalyan Kendra, Near Sarvesh Hall, Dombivali, 421201",Thane,Maharashtra,0251 2442283,19.215715,73.091599
Smt. Devkaabai Kalyanji Chheda Amrutvahini Blood Bank,"Ashirwad Apartment, 2nd Floor,  Dshsnu (E), Thane",Thane,Maharashtra,"02528 220478, 02528 220614",19.208377,72.847668
Mahatma Gandhi Mission Medical College and Hospital Blood Bank,"Plot No. 1 and 2, Sector-18, Kamothe, Navi Mumbai, 410209",Thane,Maharashtra,"022 27863483, 022 27427905, 022 27420320",19.003199,73.118362
Sir J.J.Group of Hospital Blood Bank,"Main Building, Ground Floor, Sir J. J. Hospital, Byculla, Mumbai, 400008",Mumbai,Maharashtra,"022 23735555, 022 23739400 (Extn. 2248, 2238)",18.962909,72.833639
G. T. Hospital Blood Bank,"Near L.T.Marg Police Station, Mumbai, 400001",Mumbai,Maharashtra,"022 22031111, 022 22621468 (Extn. 1351)",18.946532,72.833317
Chhatrapati Shivaji Maharaj Hospital Blood Bank,"Thane Belapur Road, Kalwa, Thane, 400605",Thane,Maharashtra,"022 25347784, 022 25347785, 022 25347786,  022 25372777, 022 25347791",19.1922569,72.986723
Cama and Albles Hospital - Abdul Fazalbhoy Blood Bank,"Mahapalika Marg, Mumbai CST, 400001",Mumbai,Maharashtra,"022 22611667, 022 22611654, 022 22611647 (Extn. 319)                         022 22611648",18.941948,72.832185
M.B. More Foundation Blood Bank,"Ghar. No. 412, 1st Floor, Mangaon, Morba Road, Opposite to Civil Hospital, Mangaon, Raigad, 431002",Mangaon,Maharashtra,9421230000,19.067134,73.066397
Lilavati Hospital and Research Centre Blood Bank,"A 791, Bandra Reclamation, Bandra (W), Mumbai, 400050",Mumbai,Maharashtra,"022 26751000, 022 26568000, 022 26437648",19.051089,72.828889
Sant Pramanand Hospital Blood Bank,"18, Sham Nath Marg, Civil lines,, 110054",Delhi,Delhi,"011-23981260, 011 23994401, 011 23994402",28.677715,77.224099
Fortis Hospital Blood Bank,"A-Block, Shalimar Bagh, 110088",New Delhi,Delhi,011 45302282,28.709162,77.170214
Delhi Heart and Lung Institute Blood Bank,"3 MM-11, Panchkuian Road, 110055",New Delhi,Delhi,"011 42999999, 011 42988899, 011 23538351",28.641636,77.205219
Dr. Ram Manohar Lohia Hospital Blood Bank,"161, Kali Bari Ln, Havelock Square, Type III, President&#39;s Estate,, 110001",New Delhi,Delhi,"01123404291, 01123404298",28.3734,77.125
Institute of Liver and Biliary Sciences Blood Bank,"Institute of Liver and Biliary Sciences, D-1, Vasant Kunj, 110070",New Delhi,Delhi,011 46300000,28.506259,77.165051
Sushruta Trauma Centre Blood Bank,"Civil Lines, 9, Metcalf Road, 110054",Delhi,Delhi,"011 23906014, 011 23906028",28.680339,77.227674
Batra Hospital and Medical Research Centre Blood Bank,"1, Tuglakabad Institutional Area, Mehrauli Badarpur Road, Tughlakabad, 110062",Delhi,Delhi,"011 29958747, 011 29957487",28.513468,77.245773
Park Hospital Blood Bank,"Q Block, South City 2, Sohna Road, Main Sec-47,, 122001",Gurugram,Haryana,"01244900037, 0124490038",28.420003,77.048378
Medanta The Medicity Hospital Blood Bank,"CH Baktawar Singh Road, Sector 38, Gurugram,, 122001",Gurugram,Haryana,0124 4141414  Extn 2701,28.439105,77.040909
Kasturba Hospital Blood Bank,"Near Jama Masjid, Daryaganj, 110002",New Delhi,Delhi,0112 3282915 ext 202,28.648838,77.238017
Sunder Lal Jain Charitable Hospital Blood Bank,"Ashok Vihar, Phase-III, 110052",Delhi,Delhi,011 47030900,28.691886,77.181583
Max Super Specialty Hospital Blood Bank,"Max Balaji Hospital (A unit of Balaji Medical and Diagnostic Research Centre), 108-A, Indraprastha Extension, Opposite Sanchar Apartment, Patparganj, 110092",Delhi,Delhi,"011 66242515, 011 43033333",28.633501,77.308836
Pt. Deen Dayal Upadhayay Government Hospital,Pandeypur,varanasi,Uttar Pradesh,0542 2505073,28.628047,77.112399
Rotary Blood Bank,"56-57, Institutional Area, Tughlakabad , Next to Batra Hospital, 110062",New Delhi,Delhi,"011 29054068, 011 29054066, 011 29962078",28.513434,77.24269
"Cardio Neuro Centre Blood Bank, AIIMS","AIIMS, Ansari Nagar, 110029",New Delhi,Delhi,"011 26593625, 011 26593749",28.566539,77.20984
Artemis Medicare Services Limited Blood Bank,"Artemis Hospital, Sector-51, Gurugram, 122001",Gurugram,Haryana,"0124-6767999,  0124 676 7000",28.43132,77.072134
Escorts Hospital and Research Center Limited Blood Bank,"Neelam Bata Road, NIT Faridabad., 121001",Faridabad,Haryana,"0129 2466022, 0129 2466020",28.391378,77.306856
Alchemist Institute of Medical Sciences Blood Bank,"Alchemist Institute of Medical Sciences (A Unit of Alchemist Hospitals Limited) DLF Golf Course Road, Sector-53, Saraswati Kunj, 122002",Gurugram,Haryana,0124 4511111,28.439328,77.10227
Pitampura Blood Bank,"B-294, Saraswati Vihar, Outer Ring Road, Pitampura, 110034",New Delhi,Delhi,"08130999395, 09810681450",28.700002,77.125443
General Hospital Blood Bank Karnal,"Old Court Road, Karnal, 132001",Karnal,Haryana,0184 2268899,29.696067,76.994185
"R.B.T.C (wz), Deen Dayal Upadhyay Hospital","Deen Dayal Upadhyay Hospital, Hari Nagar, Near Clock Tower, 110064",New Delhi,Delhi,"011 25129345, 011 25494403, 011 25494405",28.583437,77.117583
Dr. Baba Sahab Ambedkar Hospital Blood Bank,"Sector-6, Rohini, 110085",New Delhi,Delhi,"011 27049950, 011 27055585",28.715052,77.113639
"Regional Blood Tranfusion Center Blood bank, Central Zone","2 Jawarlal Nehru Marg, Delhi Gate, Near UBPH, 110002",New Delhi,Delhi,"011 23233809, 011 23231023",28.638986,77.23836
Saroj Super Speciality Hospital  Blood Bank,"Saroj Super Speciality Hospital (Run by Ganesh Das Chowla Charitable Trust-Regd.), Sector-14, Rohini, Madhuban Chowk, 110085",Delhi,Delhi,"011 47903333, 011 27903276",28.70612,77.129045
Sant Bhagat Singh Maharaj Ji Charitable Hospital Blood Bank,"No - 1697, K Block, NIT, Faridabad,, 121001",Faridabad,Haryana,0129 402 9070,28.383115,77.302218
Northern Railway Central Hospital Blood Bank,"Basant Lane, Connaught Place, 110029",New Delhi,Delhi,"011 23747989, 011 23744150, 011 23744170",28.636518,77.217459
Hindu Rao Hospital Blood Bank,"G Block 4th floor, Near Civil Lines Malkaganj, 110007",Delhi,Delhi,011 23905713,28.67538,77.212312
National Heart Institute Blood Bank,"49, Community Center, East of Kailash, 110065",New Delhi,Delhi,"011 26414156, 011 26414157",28.5574087,77.2457177
Indian Spinal Injuries Centre Blood Bank,"Indian Spinal Injuries Centre, C-8, Vasant Kunj, 110070",New Delhi,Delhi,011 42255387,28.532663,77.141765
Safdarjung Hospital Blood Bank,"Safdarjung Hospital, Ansari Nagar, Ring Road, 110029",New Delhi,Delhi,"011 26707254, 011 26707124",28.568016,77.205765
Max Super Specialty Hospital Blood Bank,"Max Super Specialty Hospital (A Unit of Max Health Care Institute Ltd), FC-50, Block C and D, Shalimar Bagh, 110088",Delhi,Delhi,011 66422222,28.727954,77.152927
Government Hospital Karauli Blood Bank,"Gulab Bagh, 322255",Karauli,Rajasthan,"07464 220029, 07464220105",26.500853,77.025833
White Cross Blood Bank,"A-60, East of Kailash, 110065",New Delhi,Delhi,"011 26831063, 011 26844140",28.560675,77.253601
Armed Forces Transfusion Centre Blood Bank,"Delhi Cantonment, Area Sadar Bazar, Army Public School, 110010",Delhi,Delhi,011 23336685,28.596425,77.117561
Kalra Hospital and Shri Ram Cardiothoracic and Neurosciences Center (SRCNC) Blood Bank,"Kalra Hospital SRNCNC, A-4, Kirti Nagar, 110015",New Delhi,Delhi,011 45005700,28.657823,77.142691
E. S. I. Hospital Blood Bank,"E S I Hospital, Basai  Darapur, Ring Road, 110015",New Delhi,Delhi,"011 25970808, 011 25100664",28.657697,77.13012
Mata Chanan Devi Hospital Blood Bank,"Mata Chanan Devi Hospital, C-1 Janakpuri New Delhi, 110058",New Delhi,Delhi,"011 45582193, 011 45582194",28.618861,77.078382
Jai Prakash Narayan Apex Trauma Centre Blood Bank,"Jai Prakash Narayen Apex Trauma Centre, AIIMS, Raj Nagar,
Ring Road, 110029",New Delhi,Delhi,"011 26731166, 011 26731179, 011 26731169, 011 26108000, 011 26109000",28.568128,77.200338
Paras Health Care Private Limited Blood Bank,"C-1, Sushant Lok City, Phase I, Sector 43, Gurgaon, 122002",Gurugram,Haryana,0124 4585555,28.451204,77.087719
Central Poly Clinic Blood Bank,"3, Gangan Vihar, Shahdara Road, 110051",New Delhi,Delhi,9811157559,28.645742,77.292552
Govind Ballabh (G.B.) Pant Hospital Blood Bank,"1, Jawahar Lal Nehru Marg, Delhi Gate, 110002",New Delhi,Delhi,"011-23232011, 011 23234242",28.639542,77.235159
Shri Moolchand Khariti-Ram Hospital and Ayurvedic Research Institute,"Mool Chand Hospital, Lajpat Nagar-III, 110024",New Delhi,Delhi,011 42000476,28.566225,77.235575
Lions Blood Bank East Delhi,"369, II Floor, FIE, Near M.C.D. Office, Patparganj Industrial Area
Near Punjab National Bank, 110092",Delhi,Delhi,"011 43009747, 011-42828091",28.641094,77.309423
Fortis Memorial Research Institute Blood Bank,"Fortis Memorial Research Institute, Sector-44, Opposite HUDA City Centre, Gurgaon, 122002",Gurugram,Haryana,"0124 4962251, 01247162200",28.456965,77.07297
Mission Jan Jagriti Blood Bank,"MGS Hospital, 35/37 Rohtak road, West Punjabi Bagh
Adjacent to Maharaja Aggarsen Hospital, Near Shivali park metro station, 110026",Delhi,Delhi,011 47053443,28.606008,77.295437
QRG Central Hospital and Research Centre Blood Bank,"69, Delhi Mathura Road, Near Neelam Flyover, Ajronda Chowk, Sector 20 A,, 121001",Faridabad,Haryana,"0129 4090300 (Extn. 1956, 1958, 1962)",28.393014,77.310047
Primus Ortho and Spine Hospital Blood Bank,"Primus Super Speciality Hospital,02, Chandragupta Marg, Lower Ground Floor, Chanakyapuri, 110021",New Delhi,Delhi,"011 66206630, 011 66206640",28.5929,77.181273
General Hospital Blood Bank Sonipat,"Delhi Road, Near Maharana Pratap Chowk, 131001",Sonipat,Haryana,0130 2231931,28.990486,77.036475
Fortis Escort Heart Institute Blood Bank,"Fortis Escort Heart Institute, Okhla Road, 110025",New Delhi,Delhi,011 26825053,28.560455,77.273777
Max Super Specialty Hospital Blood Bank,"Max Super Specialty Hospital, Heart and Vascular Institute (A Unit of Devki Devi Foundation Institute), 2, Press Enclave Road, Saket, 110017",New Delhi,Delhi,"011 26515050, 011 26505252",28.527512,77.213547
Maharaja Agrasen Hospital Blood Bank,"Maharaja Agrasen Hospital, West Punjabi Bagh, 110026",New Delhi,Delhi,011 40777777 (Exte. 6700),28.67408,77.134063
Saket City Hospital Blood Bank,"Mandir Marg, Press Enclave Road, Saket, 110017",New Delhi,Delhi,"011 40699999, 011 71211062",28.527686,77.214348
Swami Dayanand Hospital Blood Bank,"Dilshad Garden, 110095",Delhi,Delhi,"011 22581031, 011 22583809",28.678471,77.304087
Fortis Flt. Lt. Rajan Dhall Hospital Blood Bank,"Fortis Flt. Lt. Rajan Dhall Hospital (A unit of Flt. Lt. Ranjan Dhall Charitable Trust Regd.), Sector-B, Pocket-1, Aruna Asaf Ali Marg, Vasant Kunj, 110070",Delhi,Delhi,011 42776222,28.519397,77.160438
Sanjay Gandhi Memorial Hospital Blood Bank,"S-Block, Mangolpuri, 110083",Delhi,Delhi,"011 27922843, 011 27916137",28.692792,77.081656
Rajiv Gandhi Cancer Institute and Research Center Blood Bank,"Rajiv Gandhi Cancer Institute, Sector-V Rohini, 110085",Delhi,Delhi,"011 47022222, 011 27051011",28.716471,77.11093
"General Hospital Blood Bank, Gurugram","Near Bus Stand, Opposite MCG, Gurugram, 122001",Gurugram,Haryana,0124 2310102,28.511841,76.986694
Save Life Blood Bank,"16, Jarnally Colony, 1st floor, Opposite to General Hospital, Karnal, 132001",Karnal,Haryana,"0184 2207557, 0184 2207558",28.701048,77.103863
Park Hospital Blood Bank,"Keshopur Sabzi Mandi, New Chaukhandi, Vishnu Garden, 110018",New Delhi,Delhi,011 45323232,28.651772,77.093105
Dr. B. L. Kapoor Memorial Hospital Blood Bank,"B. L. K. Memorial Hospital,  Pusa Road, 110005",New Delhi,Delhi,"011 30653095, 011 30653926",28.643642,77.179979
Guru Tegh Bahadur Hospital Blood Bank,"G. T. B. Hospital, Shahdara, 110095",Delhi,Delhi,011 22590148,28.683856,77.309903
Bensups Hospital Blood Bank,"Bansups Avenue, Sector 12, Dwarka, 110075",New Delhi,Delhi,011 45017615,28.592838,77.044191
Sonipat Blood Bank,"Near Saxsena Hospital, Sector-14
TO Scheme No. -15, 131001",Sonipat,Haryana,0130 2218999,28.991527,77.034557
All India Institute of Medical Sciences (AIIMS) Blood Bank,"AIIMS, Main Blood Bank, Ansari Nagar, Ring Road, 110029",New Delhi,Delhi,"011 26594438, 011 26594400",28.567152,77.20902
Dr. Bhimrao Ambedkar Multi Specialty Hospital Blood Bank,"Sector-30, 201303",Noida,Uttar Pradesh,N/A,28.576565,77.33745
Brahm Shakti Hospital and Research Centre Blood Bank,"Brahma Shakti Hospital, U-1/78, Budh Vihar, 110084",New Delhi,Delhi,"011 27537894, 011 27532428, 011 27531683, 011 27537967",28.712343,77.081205
Lal Bahadur Shastri Hospital Blood Bank,"Near Kalyanvas Colony / Mayur Vihar Phase -II, GNCTD Kichdipur, 110091",Delhi,Delhi,011 22783633,28.617839,77.311452
Bhagat Chandra Hospital Blood Bank,"RZF-1/1, Mahavir  Enclave, Palam, 110045",New Delhi,Delhi,011 45254525,28.593451,77.081221
Asian Institute of Medical Sciences Blood Bank,"Badkhal Flyover Road, Sector 21-A, Faridabad, 121001",Faridabad,Haryana,"0129 4253196, 01294253197",28.425756,77.299823
Jaipur Golden Hospital Blood Bank,"Jaipur Golden Hospital, 2, Industrial Area,  Rohini, Sector-III, 110085",New Delhi,Delhi,"011 27907248, 011 27907238, 011 27907000",28.697734,77.109478
Nirmal Institute of Medical Sciences and Technology Blood Bank,"69, Jarnally Colony, Opposite Kalpana Chawla Medical College, Karnal., 132001",Karnal,Haryana,"0184 2201999, 0184 2202999",28.4734936,77.2906064
Sir Ganga Ram Hospital Blood Bank,"Old Rajindra Nagar, Near Janki Devi College, 110060",New Delhi,Delhi,"011 42251800, 011 42251868, 011 42251869, 011 42251872, 011 25750000, 011 25751111, 011 25735205, 011 25861463",28.638675,77.189489
Pushpawati Singhania Research Institute Blood bank,"Press Enclave Marg, Sheikh Sarai, Phase-II, 110017",New Delhi,Delhi,1130611780,28.533218,77.225185
Hakeem Abdul Hameed Centenary Hospital Blood Bank,"Jamia Hamdard, Hamdard Nagar, 110062",New Delhi,Delhi,011 26059668,28.513711,77.251861
Blood Bank Organisation,"11/6-B, Shanti Chamber, Opposite Telephone Exchange, Pusa Road, 110005",Delhi,Delhi,011 25721870,28.642777,77.18156
Sucheta Kriplani Hospital Blood Bank,"C-604, Shaheed Bhagat Singh Marg, Connaught Place, Opposite to Shivaji Stadium Bus Terminal, 110001",New Delhi,Delhi,011 23408271,28.63566,77.213327
Lions Blood Bank,"A.K.-100, Shalimar Bagh, 110088",Delhi,Delhi,"011 42258080, 011 47122000",28.704148,77.162213
Dr. Hedgewar Arogaya Sansthan Blood bank,"F-18, Karkardooma, 110032",Delhi,Delhi,"011 22301148, 011 22301149, 011 22309407",28.655875,77.293489
Jan Jagriti Blood Bank,"Mission Jan Jagriti, Blood Bank, C/o. Jeevan Anmol Hospital Mayur Vihar Phase I, 110092",New Delhi,Delhi,"09811210662, 08510888929",28.605975,77.295427
Indian Red Cross Society (IRCS) Blood Bank,"1, Red Cross Road, Near Parliament House, 110001",Delhi,Delhi,011-23711551,28.618675,77.21089
Holy Family Hospital Blood Bank,"Holy Family Hospital, Okhla Road, 110025",Delhi,Delhi,011 26332800,28.563012,77.275829
St. Stephen&#39;s Hospital Blood Bank,"Tis Hazari, Opposite to Tis Hazari Metro Station, 110054",Delhi,Delhi,"011 23966021, 011 23966022, 011 23966023, 011 23966024",28.665135,77.214542
Mission Jan Jagriti Blood Bank,"1, Altius Sonia Hospital, Basement, 1, Gulshan Park, Rohtak Road, Nangloi Metro Station, Metro Piller Number 444, 110041",Delhi,Delhi,"011 30580345, 011 30777777",28.501683,77.246745
Rockland Hospital Qutab Blood Bank,"B, 33-34, Qutab Institutional Area, 110016",New Delhi,Delhi,011 47667357,28.53736,77.181113
Sri Balaji Action Medical Institute Blood Bank,"Sri Balaji Action Medical Institute, FC-34, A-4, Paschim Vihar, 110063",New Delhi,Delhi,"011 42888888, 011 45666666",28.673738,77.110226
Apollo Hospital Blood Bank,"Indraprastha Medical Corporation, Sarita Vihar, 110044",New Delhi,Delhi,"011 26925801, 011 26925858, 011 26825707",28.540647,77.283445
Alchemist Hospital Panchkula Blood Bank,"Sector 21, Panchkula, 134112",Panchkula,Haryana,"0172-7122960, 0172-7122967, 0172 7122966, 0172 7122967",28.439332,77.10227
M/s Sunflag Hospital and Research Centre Blood Bank,"M/s Sunflag Hospital and Research Centre, Sector-16A,  Faridabad, 121001",Faridabad,Haryana,"0129 4199156, 0129 4199159",28.40274,77.31823
Rotary Noida Research and Social Welfare Trust Blood Bank,"E-2, IMA House, Sector-31, Nithari, 201308",Noida,Uttar Pradesh,0120 4282685,28.576931,77.339491
Prakash Hospital Blood Bank,"D-12, 12-A, 12-B, Sector-33, 201301",Noida,Uttar Pradesh,0120 2505264,28.58564,77.34952
Sharda Hospital Blood Bank,"Plot No. 32-34, Knowledge Park-III, 201306",Greater Noida,Uttar Pradesh,0120 3212361,28.474444,77.4827
"Pushpanjali Crossley Hospital (Max Superspeciality Hospital, Vaishali)","W-3, Sector-I, Vaishali, 201012",Ghaziabad,Uttar Pradesh,0120 4173042,28.634769,77.333007
"MMG, District Hospital Blood Bank","MMG, District Hospital Ghaziabad, 201001",Ghaziabad,Uttar Pradesh,0120 2853030,28.662528,77.42361
Atlanta Mediworld Multispeciality Hospital,"NH-1, Sector-14, Vasundhara, 201010",Ghaziabad,Uttar Pradesh,1204735555-1302,28.657847,77.360777
Jaypee Hospital Blood Bank,"A Unit of Jaypee Healthcare Limited, Sector-128, 201304",Noida,Uttar Pradesh,0120 4582868,28.515258,77.371495
Rama Medical College and Research Centre Blood Bank,"Run by Rama Educational Society, Rama Delhi NH-24 [38km milestone] Hapur, 245304",Hapur,Uttar Pradesh,0122 2327300,28.69787,77.607979
K.D. Medical College Hospital & Research Centre Blood Bank,"24 KM Mile Stone, Mathura-Delhi Road, NH-2, Post-Akbarpur, 281406",Chhatta,Uttar Pradesh,7055400500,27.650459,77.549915
Dharamshila Cancer Foundation and Research Centre Blood Bank,"4th floor, Vasundhara Enclave, Near New Ashok Nagar Metro Station, 110096",New Delhi,Delhi,1143066436,28.602512,77.314182
Family Health Care Hospital Blood Bank,"15-H.C. -1 Vasundhara, Gaziabad, Uttar Pradesh, 201012",Ghaziabad,Uttar Pradesh,0120 4225556,28.652652,77.360171
Prayag Hospital and Research Centre,"J-206/A-01, Sector-41, 201301",Noida,Uttar Pradesh,0120 4021900,28.563602,77.365447
R. B. M. Hospital Blood bank,"Vikas Nagar, Near circular road, 321001",Bharatpur,Rajasthan,"05644223633, 05644 223622",27.22366,77.506446
Narinder Mohan Hospital and Heart Centre,"Mohan Nagar, Ghaziabad., 201007",Mohan Nagar,Uttar Pradesh,"0120 2657501-505, EXT No- 340",28.666671,77.439269
Subharti Hospital Blood Bank,"Meerut by Pass Road, 250005",Meerut,Uttar Pradesh,"0121 2439150, 0121 2439112",28.961414,77.638197
Divya Joyati Institute Of Medical Science & Research,"Niwari Road, Road, Modinagar, 201204",Ghaziabad,Uttar Pradesh,9368564762,28.830657,77.570159
"Yashoda Hospital and Research Centre Limited, Kaushambi","H-1, Kaushambi, Near Dabur Chowk, Ghaziabad, 201001",Ghaziabad,Uttar Pradesh,0120 4181900,28.659996,77.438403
Naveen Hospital,"Railway Road, 201310",Dadri,Uttar Pradesh,0120 2321356,28.477615,77.518568
Yatharth Wellness Super Speciality Hospital and Heart Care Blood Bank,"NH-01, Sector-110, 201304",Noida,Uttar Pradesh,N/A,28.532064,77.384568
Metro Hospital and Heart Institute,"X-1, Sector -12, 201301",Noida,Uttar Pradesh,"0120 2533491,0120 2533489",28.597462,77.338017
Babu Banarasi Das District Hospital Blood Bank,"Gonda, 201206",Bulandshahar,Uttar Pradesh,05732 254633,28.728373,77.468591
Life Line Blood Bank,"Life Line Blood Bank 3rd B2 Nehru Nagar, 201001",Ghaziabad,Uttar Pradesh,0120 2793989,28.669238,77.440304
Gold Field Hospital and Research Centre,"Village and post office Chhainsa, Ballabgarh, Faridabad., 121004",Ballabgarh,Haryana,"0129 2209395, 0129 2209390",28.277083,77.454948
Shri Krishna Life Line Hospital Blood Bank,"NH-22D, Sector Tau Swarn Nagri, Greater Noida, Gautam Buddha Nagar, 201310",Greater Noida,Uttar Pradesh,120 2399180,28.460872,77.532452
General Hospital Blood Bank Palwal,"New Sohna Road, 121102",Palwal,Haryana,01275 240099,28.136087,77.327024
Kailash Hospital and Heart Institute,"A Unit of Kailash Healthcare Limited, H-33, Sector-27, Noida, 201301",Noida,Uttar Pradesh,0120 2444444,28.577472,77.331603
District Hospital Blood Bank,"District Hospital, 473551",Shivpuri,Madhya Pradesh,07492 222362,25.25408,77.39027
Metro Heart Institute with Multispecialty,"(A Unit of Metro Speciality Hospitals Private Limited) Sector 16A, Near Sunflag Hospital, Faridabad, 121002",Faridabad,Haryana,0129 4277777,28.406835,77.318049
Sarvodaya Hospital and Research Centre,"YMCA Road, Sector-8, Near ESI Hospital, Faridabad, 121006",Faridabad,Haryana,0129-4184444,28.422451,77.316923
M/s Shanti Gopal Hospital Blood Bank,"Plot No. NH-1, Ahinsa Khand-II, Indrapuram, 201014",Ghaziabad,Uttar Pradesh,0120 4777000,28.641918,77.379325
Jindal Super Speciality Hospital Blood Bank,"S.P.M. Nagar, U.I.T Colony, 321001",Bharatpur,Rajasthan,"05644 236 800, 05644-236550",27.230266,77.477799
Santosh Medical and Dental College,"Kushinagar, 201009",Ghaziabad,Uttar Pradesh,"0120 2791741, 0120 2791735",28.670024,77.432342
Kailash Hospital Llimited,"A unit of Kailash Group of Hospitals Limited, 23 KP-1, NEAR PARI CHOWK, 201301",Greater Noida,Uttar Pradesh,"0120 2327338, 0120 2327339",28.577474,77.331606
Jawaharlal Nehru Memorial Hospital Blood Bank,"P.O. Kalyani, 741235",NADIA,West Bengal,033 25828386,22.975118,88.455524
Fortis Hospitals Limited Blood Bank,"730, Anandpur, EM Bypass, 700107",Kolkata,West Bengal,033 - 66284230 / 8585030368,22.52022,88.401133
Howrah District Hospital Blood Bank,"09, Biplabi Haren Ghosh Sarani, 711101",Howrah,West Bengal,033 26411227 / 033 26418821,22.580194,88.335924
Base Hospital and Blood Bank,"158, C/O 99 APO, Siliguri",Darjeeling,West Bengal,8116603913,26.712463,88.317248
Blood Bank Ramkrishna Mission Seva Prathisthan,"99, Sarat Bose Road,, 700026",Kolkata,West Bengal,033 24753636,22.5233814,88.351709
M.R. Bangur Hospital Blood Bank,"Deshapran Sashmal Road, Tollygunge, 700033",Kolkata,West Bengal,"033 24727873, 033 24730000",22.499155,88.346592
Nabadwip SGH Blood Bank,"Nadia, 741302",Nadia,West Bengal,N/A,23.424553,88.3571715
Woodland Multispeciality Hospital Limited Blood Bank,"8/5,Alipore Road, 700027",Kolkata,West Bengal,033- 2456 7075 - 7089,22.53223,88.329213
Sub Divisional Hospital Blood Bank Islampur,"P.O. Islampur, 733202",Islampur,West Bengal,N/A,26.257667,88.185293
Canning Sub Divisional Hospital Blood Bank,"Canning, 743329",Canning Town,West Bengal,03218 255 242,22.314134,88.659722
S.D. Hospital Blood Bank Siliguri,"P.O. Siliguri, 734001",Darjeeling,West Bengal,0353 2533133,26.711004,88.427963
Calcutta Medical College Hospital Blood Bank,"88, College Street, 700073",Kolkata,West Bengal,033 22551591,22.573681,88.360779
Barrackpore S.D. Hospital (Dr. B.N. Bose) Hospital Blood Bank,"Barrackpore, District- North 24 Parganas P.O. Barrackpore, 700120",Barrackpore,West Bengal,033 25923676,22.7516453,88.3709966
Peerless Hospital and Research Center Limited Blood Bank,"360 Panchasayar, 700094",Kolkata,West Bengal,"03211 24622394, 03211 24620071, 03211 24620072, 03211 24620073",22.480926,88.39381
Howrah Orthopaedic Hospital Blood Bank,"222, Church Road, Howrah Railway Station
Near Bijoy krishna Girls&#39; college, 711101",Howrah,West Bengal,"033-26413688, 033 26411642",22.5839912,88.3356088
Cord Life Sciences India Private Limited Blood Bank,"P.L.Deuty Road (Off. Diamond Harbour Road), Bishnupur, South 24-Pgs., 743503",Kolkata,West Bengal,098713 21804,22.3923025,88.2717419
S.D. Hospital Blood Bank Jangipur,"P.O. Jangipur
P.S.  Raghunathgunj, 742225",Jangipur,West Bengal,"03483 266257, 03483267330",24.460303,88.061671
Balurghat District Hospital Blood Bank,"West Dinajpur, Balurghat, 733127",Balurghat,West Bengal,"03522 255 288, 03522 270464, 03522 255641",25.247506,88.781652
Government General Hospital Blood Bank,"Namchi District Hospital, Hospital Road, Namchi, 737126",Namchi,Sikkim,03595 264544,27.165618,88.360388
Alipurduar Sub Divisional Hospital Blood Bank,"Hospital Rd, Alipurduar, 736121",Jalpaiguri,West Bengal,03564 274085,26.484428,89.523071
Cooch Behar Municipality Hospital Blood Bank,"Cooch Behar Municipality Building (Ground Floor), Near Sagar Dighi, Po - Cooch Behar, 736101",Cooch Behar,West Bengal,03582 222286,26.3193973,89.4406897
Central Blood Bank STNM Hospital,"STNM Hospital Complex ,NH 31A , Gangtok,  East Sikkim, 737101",Gangtok,Sikkim,03592 207691,27.331167,88.614144
Kalna Sub Divisional Hospital Blood Bank,"STKK Road, 713409",Kalna,West Bengal,03454 255052,23.223472,88.346155
Chandannagar Sub Divisional Hospital Blood Bank,"Helapukur Rd, Last French Colony, Chandannagar, 712136",Hooghly,West Bengal,"033 2683 5398, 033 26859443",22.866913,88.369249
Lions District 322B1 Blood Bank,"27/8A Water Loo Street, 700069",Kolkata,West Bengal,033 2248 5778,22.5675717,88.3510506
Darjeeling District Hospital Blood Bank,"Hill Cart Road, Near Darjeeling Police Station, 734101",Darjeeling,West Bengal,"03542 2254218,  03542 255636",27.0444301,88.2624757
Central Hospital Blood Bank,"South Eastern Railway, 11, Garden Rich Road, 700043",Kolkata,West Bengal,033 24504074,22.5460158,88.3103853
Tata Medical Centre Trust Blood Bank,"14 Mar (EW), New Town, Rajarhat, 700156",Kolkata,West Bengal,0322 4269048,22.577236,88.479461
College of Medicine and Sagore Dutta Hospital Blood Bank,"Kmarhati, 700058",Kolkata,West Bengal,033 25834277,22.6749766,88.374313
B.M. Birla Heart Research Centre Blood Bank,"1/1 National Library Avenue, 700027",KOLKATA,West Bengal,"033 30403040, 033 30403112",22.53269,88.328346
Siliguri Terai Lions Charitable Trust Blood Bank,"A Unit of Lions Club of Siliguri Terai,
Dist 322F,  2nd Mile, Sevoke Road, Siliguri., 734001",Siliguri,West Bengal,0353 2548925,26.740331,88.439515
"Raiganj Blood Bank, Uttar Dinajpur Raiganj District Hospital","P.O. Raiganj, 733134",N/A,West Bengal,03523 241400,25.609904,88.132494
"ESI Hospital, Maniktala Blood Bank","Maniktala, 55, Bagmari Road, 700054",Kolkata,West Bengal,033 23557212,22.58558,88.392535
North Bengal Medical College Hospital Blood Bank,"Thiknikata,  P.O. Shusrut Nagar, 734012",Siliguri,West Bengal,"03532585174, 03532 585483",26.691918,88.380047
Health Point - A Multispeciality Hospital Blood Bank,"21/1, Prannath Pandit Street, (Opposite Lansdown Padmapukur), 700025",Kolkata,West Bengal,"033 64556455, 033 30575735",22.531068,88.353145
Bongaon S.D. Hospital Blood Bank (Dr. J.R. Dhar),"P.O. Bongaon, 743235",North 24 Parganas,West Bengal,03215 255073,23.047662,88.822849
Saroj Gupta Cancer Centre and Research Institute Blood Bank,"Mahatma Gandhi Road, Thakurpukur, 700063",Kolkata,West Bengal,033 24532781,22.4591971,88.3196724
"Ashok Laboratory, Centre for Transfusion, Medicine and Clinical Research","308 Jodhpur Park, 700068",Kolkata,West Bengal,"033 24148250, 033 24720333",22.5078809,88.3639574
Life Care Medical Complex Private Limited Blood Bank,"204/1 B Linton Street., 700014",Kolkata,West Bengal,"033 22846940, 033 22896768",22.549891,88.370811
Jalpaiguri Sub Divisonal Hospital Blood Bank,"Hospital para, 735101",Jalpaiguri,West Bengal,03561 220047,26.529163,88.727445
Command Hospital (EC) Blood Bank,"Alipore Road, 700027",Kolkata,West Bengal,"033 22226415, 033 22226411",22.529472,88.330501
Base Hospital Blood Bank Barrackpore,"North 24-Paraganas, 743101",Barrackpore,West Bengal,N/A,22.767744,88.347009
N.R.S. Medical College and Hospital Blood Bank,"138, A.J.C. Bose Road, 700014",Kolkata,West Bengal,033 22652214 Ext.3003,22.561845,88.370626
Bhoruka Research Centre for Haematology and Blood Transfusion,"63 Rafi Ahmed Kidwai Road, Kolkata, 700016",Kolkata,West Bengal,033 22658092,22.555075,88.357116
The Haemophilia Society Calcutta Chapter Blood Bank,"Singhabari, Kalikapur, E.M. Bye Pass, 700099",Kolkata,West Bengal,"033 24263739, 033 24264273",22.502558,88.4005252
S.S.K.M Hospital Blood Bank,"244, A. J. C. Bose Road, 700020",Kolkata,West Bengal,033 22234147,22.539616,88.343926
S.D. Hospital Blood Bank Basirhat,"P.O. Basirhat, 743411",North 24 Parganas,West Bengal,03217 267506,22.666139,88.89003
"S.D. Hospital,Lalbagh","Hospital road
Lalbagh, Murshidabad, 742149",Lalbagh,West Bengal,"03482 270247,03482 270224",24.171845,88.277211
Diamond Harbour Hospital Blood Bank,"Diamond Harbour Rd, Harindanga, 743331",Diamond Harbour,West Bengal,"03174 255237, 03174-255346",22.197588,88.190999
Apollo Gleneagles Hospital Limited Blood Bank,"58, Canal Circular Road, 700054",Kolkata,West Bengal,"033 23202122, 033 23203040",22.574843,88.401517
"Blood Bank, ESIC Hospital and ODC (E.Z.)","Diamond Harbour Road, P.O. Joka, 700104",Kolkata,West Bengal,"033 24381631, 033 24671764, 033 24671322, 033 24676280, 033 24672799",22.453064,88.302505
Kurseong Sub Divisional Hospital Blood Bank,"Burdawan Road, Near Kurseong Palace Hotel, 734203",Kurseong,West Bengal,0354 2344333,26.880521,88.277576
Calcutta National Medical College Hospital Blood Bank,"24, Gorachand Road, 700014",Kolkata,West Bengal,"033 22848397,033 22844834",22.546116,88.371121
M.J.N Hospital Blood Bank,"Silverjubilee Road, 736101",Cooch Behar,West Bengal,03582 231049,26.32175,89.446384
Sanjiban Hospital Blood Bank,"A Unit of Chikitsabrati Udyog
Monsatala More, Fuleswas, P.O. Sijberia, 711316","Fuleswar, Uluberia",West Bengal,"033 71666026, 03371666000",22.4807481,88.1152976
KPC Medical College and Hospital,"Jadavpur, 1F, Raja S.C. Mullick Road, 700032",Kolkata,West Bengal,"033 66211765, 033 30016100, 033 30016299",22.4938363,88.3731117
Central Referral Hospital Blood Bank,"Manipal Central Referral Hospital , 5th Mile Tadong, 
Gangtok.
Sikkim Manipal Instutute of Medical Sciences, National Highway 31A, 737102",Gangtok,Sikkim,03592 231137 (EXTENSION 163),27.316213,88.597237
Medica Super Specialty Hospital Blood Bank,"1st Floor, 127, Mukundapur, E.M. Bypass, 700099",Kolkata,West Bengal,033 66525000,22.494356,88.400972
Gandhi Memorial Hospital Blood Bank,"Alipore Road, P.O. Kalyani, 741251",KALYANI,West Bengal,"033 25898443, 033 25897292",22.965616,88.466843
Peoples Blood Bank,"90A, S.P. Mukherjee Road, 700026",Kolkata,West Bengal,"033 24555164, 033 24555027",22.525654,88.346302
R.G. Kar Medical College and Hospital Blood Bank,"Belgachia Road. 1, Khudiram Bose Sarani, 700004",Kolkata,West Bengal,033 25331277,22.604657,88.378256
Imambara Sadar Hospital Blood Bank,"New Hospital Road, Akhanbazar, 712101",Chinsurah,West Bengal,033 26800236,22.8926,88.399647
Baruipur Sub-Divisional Hospital Blood Bank,"Subuddhipur, Baruipur,, 700144",South 24 Parganas,West Bengal,"033 2433 5303, 03324332043",22.359212,88.4335733
Barasat Cancer Research and Welfare Centre Blood Bank,"Banamalipur, Barasat",Kolkata,West Bengal,"033 25522222, 033 25522562, 033 2552500",22.7240431,88.4887791
Indian Association of Blood Cancer and Allied Diseases,"81-C Narkeldanga Main Road, Phool Bagan, Beliaghata
Kolkata, West Bengal 700054, 700054",Kolkata,West Bengal,"033 64610972, 033 23730138",22.5718203,88.3924006
Haldia Sub Divisional Hospital Blood Bank,"Basudevpur, P.O.-Khanganchak, PS- Durgachak

Near SDO office Haldia and ADM Office, 721602",Haldia,West Bengal,032 24277441,22.0806305,88.142764
Air Force Hospital Blood Bank,"No. 10 , P.O. Hasimara, 735215",Jalpaiguri,West Bengal,03566 255060,26.7044458,89.3603002
Uluberia Sub-Divisional Hospital Blood Bank,"Uluberia Station Road, Near Uluberia Station, 711316",Uluberia,West Bengal,033 26612928,22.470189,88.094533
"St. John Ambulance Association, Cooch Berar District Centre","Sagardighi North Collectorate Building,  P.O. Cooch Behar, 736101",Cooch Behar,West Bengal,"03582 227693, 03583 227497",26.3227486,89.43823
Barasat District Hospital Blood Bank,"P.O. Barasat, 700124",Barasat,West Bengal,033 25840347,22.721578,88.492236
Walsh Hospital  Blood Bank,"Serampore Walsh S.D. Hospital, 22/A T.C Goswami Street, Opposite Holy home school, 712201",Serampore,West Bengal,033 26526305,22.755211,88.346626
Kalimpong Sub Divisional Hospital Blood Bank,"Kalimpong Hospital, Chotta Bhalukhop, 734316",Kalimpong,West Bengal,"03552 255 363, 03552255245",27.072148,88.472107
B.R. Singh Hospital Blood Bank,"Eastern Railway, Sealdah, 700014",Kolkata,West Bengal,033 23523679,22.565712,88.370758
Institute of Child Health Blood Bank,"11 Dr. Biresh Guha Street, Kolkata, 700107",Kolkata,West Bengal,033 22905686,22.5387081,88.3719339
Mission of Mercy Hospital and Research Centre Blood Bank,"Park Street, 700017",Kolkata,West Bengal,"033 66352095, 033 66352099",22.548112,88.3600601
Chittaranjan National Cancer Institute Blood Bank,"37, SP Mukherjee Road, 700026",Kolkata,West Bengal,033 24765101,22.526268,88.347256
Nadia District Hospital Blood Bank Krishnanagar (Saktinagar),"P.O. Krishnanagar, 741101",N/A,West Bengal,03472 258533,23.405437,88.49109
"Hemraj Blood Bank, Katwa S.D. Hospital","Kachari Road,, 731130",Katwa,West Bengal,03453 255060,23.646029,88.126393
Institute of Blood Transfusion Medicine and Immunohaematology,"205, Vivekananda Road, Maniktala, 700006",Kolkata,West Bengal,033 23510619,22.585192,88.375102
Belle Vue Clinic Blood Bank,"9, Dr. U. N. Bramachari Street., 700017",Kolkata,West Bengal,"033 22872321, 033 22876725, 033 22877973",22.542571,88.355055
Malda Medical College & Hospital Blood bank,"Malda Medeical College&Hospital, P.O.- Malda, P.S. - English Bazar,, 732101",Malda,West Bengal,"(03512) 221087, 221085,  221427, 252480",24.99533,88.137375
"Paul P. Harris, Siliguri Rotary Blood Bank","Rotary Hall, Pradhan Nagar, 
Near Medica North Bengal Clinic, 734003",Siliguri,West Bengal,0353 2573240,26.7304824,88.4166094
